IdVuelo,iteracion,temperatura,mejorFitness,candidatoFitness,fitnessActual,Probabilidad
5,0,60,355.486,355.486,355.486,1
5,1,60,347.498,347.498,347.498,1
5,2,60,347.498,351.515,351.515,0.93524
5,3,60,326.181,326.181,326.181,1
5,4,60,325.982,325.982,325.982,1
5,5,60,307.175,307.175,307.175,1
5,6,60,307.175,309.848,309.848,0.956428
5,7,60,307.175,327.51,327.51,0.744995
5,8,60,303.231,303.231,303.231,1
5,9,60,303.231,305.896,305.896,0.956567
5,10,60,298.032,298.032,298.032,1
5,11,60,275.824,275.824,275.824,1
5,12,60,275.824,297.854,275.824,0.692695
5,13,60,275.824,289.591,289.591,0.79498
5,14,60,275.824,303.22,303.22,0.796797
5,15,60,275.824,280.095,280.095,1
5,16,60,275.824,283.283,283.283,0.948254
5,17,60,275.824,294.813,294.813,0.82517
5,18,60,275.824,281.982,281.982,1
5,19,60,263.907,263.907,263.907,1
5,20,60,263.907,279.91,279.91,0.765889
5,21,60,263.907,266.869,266.869,1
5,22,60,261.179,261.179,261.179,1
5,23,60,261.179,279.147,261.179,0.741206
5,24,60,256.474,256.474,256.474,1
5,25,60,256.474,260.206,260.206,0.939689
5,26,60,239.885,239.885,239.885,1
5,27,60,214.76,214.76,214.76,1
5,28,60,195.349,195.349,195.349,1
5,29,60,175.293,175.293,175.293,1
5,30,60,175.293,180.454,180.454,0.917569
5,31,60,175.293,189.94,189.94,0.853768
5,32,60,167.572,167.572,167.572,1
5,33,60,167.572,168.629,168.629,0.982533
5,34,60,167.572,170.59,168.629,0.967846
5,35,60,146.098,146.098,146.098,1
5,36,60,142.808,142.808,142.808,1
5,37,60,126.119,126.119,126.119,1
5,38,60,108.904,108.904,108.904,1
5,39,60,108.904,111.032,111.032,0.965167
5,40,60,108.904,126.224,126.224,0.776313
5,41,60,108.904,115.239,115.239,1
5,42,60,108.904,115.384,115.384,0.997588
5,43,60,97.3095,97.3095,97.3095,1
5,44,60,97.3095,112.2,112.2,0.780229
5,45,60,97.3095,109.364,109.364,1
5,46,60,95.6324,95.6324,95.6324,1
5,47,60,95.6324,100.219,100.219,0.926409
5,48,60,95.6324,104.606,100.219,0.929496
5,49,60,95.6324,115.163,115.163,0.77952
5,50,60,95.6324,129.036,129.036,0.793568
5,51,60,95.6324,108.178,108.178,1
5,52,60,95.6324,122.501,122.501,0.787641
5,53,60,95.6324,103.042,103.042,1
5,54,60,95.6324,102.83,102.83,1
5,55,60,95.6324,96.9824,96.9824,1
5,56,60,95.6324,106.301,96.9824,0.856155
5,57,60,82.9282,82.9282,82.9282,1
5,58,60,75.1608,75.1608,75.1608,1
5,59,60,75.1608,80.9813,80.9813,0.907548
5,60,60,61.1907,61.1907,61.1907,1
5,61,60,61.1907,82.2883,82.2883,0.703543
5,62,60,61.1907,72.2115,72.2115,1
5,63,60,61.1907,76.3937,76.3937,0.93267
5,64,60,59.0072,59.0072,59.0072,1
5,65,60,59.0072,66.6114,66.6114,0.880965
5,66,60,59.0072,73.4345,73.4345,0.89251
5,67,60,59.0072,80.6987,80.6987,0.885973
5,68,60,59.0072,98.7064,98.7064,0.740723
5,69,60,59.0072,115.49,115.49,0.755991
5,70,60,59.0072,137.027,137.027,0.698413
5,71,60,59.0072,119.49,119.49,1
5,72,60,59.0072,136.83,136.83,0.749007
5,73,60,59.0072,113.624,113.624,1
5,74,60,59.0072,112.551,112.551,1
5,75,60,59.0072,88.3293,88.3293,1
5,76,60,59.0072,76.2264,76.2264,1
5,77,60,59.0072,61.3556,61.3556,1
5,78,60,59.0072,78.3628,61.3556,0.753179
5,79,60,59.0072,80.5316,80.5316,0.72644
5,80,60,59.0072,65.725,65.725,1
5,81,60,59.0072,66.554,66.554,0.986279
5,82,60,59.0072,73.661,73.661,0.888295
5,83,60,59.0072,93.8634,93.8634,0.714119
5,84,60,59.0072,91.5247,91.5247,1
5,85,60,59.0072,101.448,101.448,0.847568
5,86,60,59.0072,114.932,114.932,0.798725
5,87,60,59.0072,130.918,130.918,0.766112
5,88,60,59.0072,127.012,127.012,1
5,89,60,59.0072,139.374,139.374,0.813801
5,90,60,59.0072,139.263,139.263,1
5,91,60,59.0072,132.214,132.214,1
5,92,60,59.0072,122.298,122.298,1
5,93,60,59.0072,114.407,114.407,1
5,94,60,59.0072,122.696,122.696,0.870959
5,95,60,59.0072,144.048,122.696,0.700569
5,96,60,59.0072,127.702,127.702,0.919952
5,97,60,59.0072,125.606,125.606,1
5,98,60,59.0072,146.868,146.868,0.70162
5,99,60,59.0072,136.976,136.976,1
5,100,60,59.0072,121.748,121.748,1
5,101,57,59.0072,111.003,111.003,1
5,102,57,59.0072,121.11,111.003,0.837512
5,103,57,59.0072,113.985,113.985,0.949013
5,104,57,59.0072,97.8397,97.8397,1
5,105,57,59.0072,99.0031,99.0031,0.979796
5,106,57,59.0072,102.753,102.753,0.936325
5,107,57,59.0072,102.645,102.645,1
5,108,57,59.0072,106.256,106.256,0.938613
5,109,57,59.0072,90.6512,90.6512,1
5,110,57,59.0072,97.624,90.6512,0.884857
5,111,57,59.0072,79.613,79.613,1
5,112,57,59.0072,64.1251,64.1251,1
5,113,57,59.0072,72.6955,72.6955,0.8604
5,114,57,59.0072,77.5247,77.5247,0.918766
5,115,57,59.0072,100.999,77.5247,0.662435
5,116,57,58.5583,58.5583,58.5583,1
5,117,57,58.5583,64.39,64.39,0.902749
5,118,57,57.4677,57.4677,57.4677,1
5,119,57,57.1529,57.1529,57.1529,1
5,120,57,57.1529,60.7555,60.7555,0.938753
5,121,57,57.1529,83.4048,60.7555,0.672095
5,122,57,57.1529,61.5728,61.5728,0.985764
5,123,57,57.1529,77.2121,77.2121,0.760048
5,124,57,57.1529,67.2427,67.2427,1
5,125,57,57.1529,82.7725,67.2427,0.76151
5,126,57,57.1529,77.84,67.2427,0.830343
5,127,57,57.1529,59.3888,59.3888,1
5,128,57,57.1529,73.3345,73.3345,0.782969
5,129,57,57.1529,74.9591,74.9591,0.971902
5,130,57,57.1529,65.1898,65.1898,1
5,131,57,57.1529,87.9909,87.9909,0.670308
5,132,57,57.1529,106.605,106.605,0.721396
5,133,57,57.1529,100.007,100.007,1
5,134,57,57.1529,84.143,84.143,1
5,135,57,57.1529,64.8445,64.8445,1
5,136,57,57.1529,66.5942,64.8445,0.969771
5,137,57,57.1529,61.2427,61.2427,1
5,138,57,57.1529,85.4043,61.2427,0.654498
5,139,57,57.1529,85.7119,61.2427,0.650975
5,140,57,57.1529,67.8031,67.8031,0.891281
5,141,57,57.1529,76.3435,76.3435,0.860853
5,142,57,57.1529,57.7687,57.7687,1
5,143,57,57.1529,78.9792,78.9792,0.689276
5,144,57,57.1529,61.4727,61.4727,1
5,145,57,57.1529,64.2671,64.2671,0.952158
5,146,57,57.1529,84.8315,84.8315,0.697133
5,147,57,57.1529,71.987,71.987,1
5,148,57,57.1529,94.7929,71.987,0.67025
5,149,57,57.1529,79.5919,79.5919,0.875097
5,150,57,57.1529,90.9973,90.9973,0.818654
5,151,57,57.1529,76.2304,76.2304,1
5,152,57,57.1529,74.043,74.043,1
5,153,57,57.1529,58.6235,58.6235,1
5,154,57,57.1529,70.5048,58.6235,0.811846
5,155,57,57.1529,72.686,72.686,0.781366
5,156,57,57.1529,67.3695,67.3695,1
5,157,57,57.1529,80.3164,80.3164,0.79681
5,158,57,57.1529,60.2782,60.2782,1
5,159,57,57.1529,70.102,70.102,0.841687
5,160,57,57.1529,76.1976,76.1976,0.898579
5,161,57,57.1529,73.5844,73.5844,1
5,162,57,57.1529,80.4185,80.4185,0.887012
5,163,57,57.1529,90.957,80.4185,0.831199
5,164,57,57.1529,101.145,101.145,0.695149
5,165,57,57.1529,87.2176,87.2176,1
5,166,57,57.1529,107.242,87.2176,0.703766
5,167,57,57.1529,95.5245,95.5245,0.864386
5,168,57,57.1529,91.8137,91.8137,1
5,169,57,57.1529,74.5883,74.5883,1
5,170,57,57.1529,81.1619,81.1619,0.891075
5,171,57,57.1529,67.8375,67.8375,1
5,172,57,57.1529,79.5249,67.8375,0.814613
5,173,57,57.1529,89.8759,89.8759,0.679336
5,174,57,57.1529,75.779,75.779,1
5,175,57,57.1529,96.0236,96.0236,0.701055
5,176,57,57.1529,109.131,109.131,0.794576
5,177,57,57.1529,124.433,124.433,0.764549
5,178,57,57.1529,148.072,148.072,0.66053
5,179,57,57.1529,160.159,160.159,0.808913
5,180,57,57.1529,174.605,160.159,0.776128
5,181,57,57.1529,164.318,164.318,0.929643
5,182,57,57.1529,157.093,157.093,1
5,183,57,57.1529,164.499,164.499,0.878146
5,184,57,57.1529,149.682,149.682,1
5,185,57,57.1529,174.161,174.161,0.650867
5,186,57,57.1529,187.181,174.161,0.795785
5,187,57,57.1529,172.337,172.337,1
5,188,57,57.1529,194.019,194.019,0.683599
5,189,57,57.1529,178.045,178.045,1
5,190,57,57.1529,165.097,165.097,1
5,191,57,57.1529,165.63,165.63,0.990691
5,192,57,57.1529,152.895,152.895,1
5,193,57,57.1529,167.301,167.301,0.776674
5,194,57,57.1529,170.765,170.765,0.941042
5,195,57,57.1529,188.855,188.855,0.728052
5,196,57,57.1529,169.92,169.92,1
5,197,57,57.1529,163.338,163.338,1
5,198,57,57.1529,167.367,167.367,0.931754
5,199,57,57.1529,155.339,155.339,1
5,200,57,57.1529,140.034,140.034,1
5,201,54.15,57.1529,154.778,140.034,0.761638
5,202,54.15,57.1529,141.302,141.302,0.976855
5,203,54.15,57.1529,142.415,142.415,0.979661
5,204,54.15,57.1529,118.27,118.27,1
5,205,54.15,57.1529,115.189,115.189,1
5,206,54.15,57.1529,111.267,111.267,1
5,207,54.15,57.1529,118.929,118.929,0.868051
5,208,54.15,57.1529,127.541,127.541,0.852958
5,209,54.15,57.1529,128.584,128.584,0.980939
5,210,54.15,57.1529,125.737,125.737,1
5,211,54.15,57.1529,150.077,125.737,0.637953
5,212,54.15,57.1529,103.458,103.458,1
5,213,54.15,57.1529,105.186,105.186,0.968597
5,214,54.15,57.1529,114.447,114.447,0.842803
5,215,54.15,57.1529,127.8,127.8,0.781465
5,216,54.15,57.1529,105.294,105.294,1
5,217,54.15,57.1529,118.442,118.442,0.784413
5,218,54.15,57.1529,129.75,118.442,0.811547
5,219,54.15,57.1529,141.42,141.42,0.654202
5,220,54.15,57.1529,128.57,128.57,1
5,221,54.15,57.1529,131.613,131.613,0.945346
5,222,54.15,57.1529,108.98,108.98,1
5,223,54.15,57.1529,89.6278,89.6278,1
5,224,54.15,57.1529,92.9393,89.6278,0.940678
5,225,54.15,57.1529,83.501,83.501,1
5,226,54.15,57.1529,68.8641,68.8641,1
5,227,54.15,57.1529,66.3464,66.3464,1
5,228,54.15,57.1529,77.6266,77.6266,0.811951
5,229,54.15,57.1529,69.269,69.269,1
5,230,54.15,57.1529,75.3951,75.3951,0.893033
5,231,54.15,57.1529,65.6732,65.6732,1
5,232,54.15,57.1529,71.7185,71.7185,0.894366
5,233,54.15,57.1529,83.7086,83.7086,0.801377
5,234,54.15,57.1529,104.287,104.287,0.683843
5,235,54.15,57.1529,104.102,104.102,1
5,236,54.15,57.1529,86.8156,86.8156,1
5,237,54.15,57.1529,105.261,105.261,0.711316
5,238,54.15,57.1529,85.81,85.81,1
5,239,54.15,57.1529,105.323,105.323,0.697434
5,240,54.15,57.1529,81.7326,81.7326,1
5,241,54.15,57.1529,67.9127,67.9127,1
5,242,54.15,56.8598,56.8598,56.8598,1
5,243,54.15,56.8598,76.8776,76.8776,0.690961
5,244,54.15,56.8598,73.8416,73.8416,1
5,245,54.15,56.8598,88.8968,88.8968,0.757276
5,246,54.15,56.8598,91.8233,91.8233,0.947389
5,247,54.15,56.8598,78.4816,78.4816,1
5,248,54.15,56.8598,57.1263,57.1263,1
5,249,54.15,56.8598,77.6289,77.6289,0.684802
5,250,54.15,56.8598,78.5201,78.5201,0.983675
5,251,54.15,56.8598,102.067,102.067,0.647367
5,252,54.15,56.8598,88.2523,88.2523,1
5,253,54.15,56.8598,85.3103,85.3103,1
5,254,54.15,56.8598,69.6355,69.6355,1
5,255,54.15,56.8598,84.2642,84.2642,0.763264
5,256,54.15,56.8598,75.0089,75.0089,1
5,257,54.15,56.8598,83.284,83.284,0.858287
5,258,54.15,56.8598,93.6784,93.6784,0.825342
5,259,54.15,56.8598,93.2262,93.2262,1
5,260,54.15,56.8598,108.162,108.162,0.758952
5,261,54.15,56.8598,106.613,106.613,1
5,262,54.15,56.8598,110.811,110.811,0.925401
5,263,54.15,56.8598,121.505,121.505,0.8208
5,264,54.15,56.8598,110.782,110.782,1
5,265,54.15,56.8598,101.043,101.043,1
5,266,54.15,56.8598,90.5801,90.5801,1
5,267,54.15,56.8598,69.2151,69.2151,1
5,268,54.15,56.8598,83.7585,83.7585,0.764467
5,269,54.15,56.8598,77.8515,77.8515,1
5,270,54.15,56.8598,73.6531,73.6531,1
5,271,54.15,56.8598,69.6645,69.6645,1
5,272,54.15,56.8598,72.4764,72.4764,0.949396
5,273,54.15,56.8598,61.0372,61.0372,1
5,274,54.15,54.8437,54.8437,54.8437,1
5,275,54.15,54.8437,59.3926,59.3926,0.919425
5,276,54.15,54.8437,67.0872,59.3926,0.867537
5,277,54.15,54.8437,55.5106,55.5106,1
5,278,54.15,54.8437,74.477,74.477,0.704506
5,279,54.15,54.8437,61.5687,61.5687,1
5,280,54.15,54.8437,74.4752,74.4752,0.787929
5,281,54.15,54.8437,78.6948,78.6948,0.925035
5,282,54.15,54.8437,76.3397,76.3397,1
5,283,54.15,54.8437,80.2859,80.2859,0.929716
5,284,54.15,54.8437,91.9234,91.9234,0.806613
5,285,54.15,54.8437,115.059,115.059,0.652296
5,286,54.15,54.8437,133.497,115.059,0.711419
5,287,54.15,54.8437,121.462,115.059,0.888477
5,288,54.15,54.8437,96.0891,96.0891,1
5,289,54.15,54.8437,92.9354,92.9354,1
5,290,54.15,54.8437,86.4697,86.4697,1
5,291,54.15,54.8437,85.954,85.954,1
5,292,54.15,54.8437,75.2852,75.2852,1
5,293,54.15,54.8437,92.4158,92.4158,0.728801
5,294,54.15,54.8437,86.8332,86.8332,1
5,295,54.15,54.8437,95.8194,95.8194,0.847089
5,296,54.15,54.8437,88.0832,88.0832,1
5,297,54.15,54.8437,107.884,107.884,0.693733
5,298,54.15,54.8437,90.2952,90.2952,1
5,299,54.15,54.8437,112.44,112.44,0.664341
5,300,54.15,54.8437,127.581,127.581,0.756089
5,301,51.4425,54.8437,141.207,141.207,0.767296
5,302,51.4425,54.8437,138.252,138.252,1
5,303,51.4425,54.8437,154.784,154.784,0.725156
5,304,51.4425,54.8437,135.321,135.321,1
5,305,51.4425,54.8437,125.215,125.215,1
5,306,51.4425,54.8437,130.726,130.726,0.898418
5,307,51.4425,54.8437,145.065,145.065,0.756737
5,308,51.4425,54.8437,151.762,151.762,0.877922
5,309,51.4425,54.8437,131.547,131.547,1
5,310,51.4425,54.8437,154.798,154.798,0.636368
5,311,51.4425,54.8437,157.474,157.474,0.949298
5,312,51.4425,54.8437,140.837,140.837,1
5,313,51.4425,54.8437,155.273,155.273,0.755315
5,314,51.4425,54.8437,134.061,134.061,1
5,315,51.4425,54.8437,134.863,134.863,0.98452
5,316,51.4425,54.8437,157.787,157.787,0.640435
5,317,51.4425,54.8437,162.543,162.543,0.911677
5,318,51.4425,54.8437,180.699,162.543,0.702626
5,319,51.4425,54.8437,172.241,172.241,0.828189
5,320,51.4425,54.8437,173.024,173.024,0.984894
5,321,51.4425,54.8437,158.781,158.781,1
5,322,51.4425,54.8437,162.668,158.781,0.927224
5,323,51.4425,54.8437,149.985,149.985,1
5,324,51.4425,54.8437,170.563,149.985,0.670306
5,325,51.4425,54.8437,141.113,141.113,1
5,326,51.4425,54.8437,129.918,129.918,1
5,327,51.4425,54.8437,132.619,132.619,0.948856
5,328,51.4425,54.8437,118.829,118.829,1
5,329,51.4425,54.8437,111.55,111.55,1
5,330,51.4425,54.8437,123.071,123.071,0.799354
5,331,51.4425,54.8437,122.46,122.46,1
5,332,51.4425,54.8437,103.127,103.127,1
5,333,51.4425,54.8437,113.084,113.084,0.82402
5,334,51.4425,54.8437,119.732,119.732,0.878773
5,335,51.4425,54.8437,98.5461,98.5461,1
5,336,51.4425,54.8437,90.8959,90.8959,1
5,337,51.4425,54.8437,98.6368,98.6368,0.860298
5,338,51.4425,54.8437,95.5423,95.5423,1
5,339,51.4425,54.8437,107.491,107.491,0.792734
5,340,51.4425,54.8437,95.1187,95.1187,1
5,341,51.4425,54.8437,90.6919,90.6919,1
5,342,51.4425,54.8437,105.101,105.101,0.755708
5,343,51.4425,54.8437,82.1442,82.1442,1
5,344,51.4425,54.8437,77.0966,77.0966,1
5,345,51.4425,54.8437,89.9932,89.9932,0.778256
5,346,51.4425,54.8437,92.1713,92.1713,0.958544
5,347,51.4425,54.8437,85.2406,85.2406,1
5,348,51.4425,54.8437,108.607,108.607,0.634937
5,349,51.4425,54.8437,105.429,105.429,1
5,350,51.4425,54.8437,125.763,125.763,0.673493
5,351,51.4425,54.8437,148.608,148.608,0.641402
5,352,51.4425,54.8437,144.036,144.036,1
5,353,51.4425,54.8437,132.553,132.553,1
5,354,51.4425,54.8437,140.049,140.049,0.864396
5,355,51.4425,54.8437,124.645,124.645,1
5,356,51.4425,54.8437,125.718,125.718,0.979348
5,357,51.4425,54.8437,115.403,115.403,1
5,358,51.4425,54.8437,138.118,138.118,0.643028
5,359,51.4425,54.8437,133.852,133.852,1
5,360,51.4425,54.8437,133.282,133.282,1
5,361,51.4425,54.8437,147.57,147.57,0.757487
5,362,51.4425,54.8437,136.142,136.142,1
5,363,51.4425,54.8437,140.595,140.595,0.917079
5,364,51.4425,54.8437,132.89,132.89,1
5,365,51.4425,54.8437,134.856,134.856,0.962512
5,366,51.4425,54.8437,112.935,112.935,1
5,367,51.4425,54.8437,94.2833,94.2833,1
5,368,51.4425,54.8437,76.1364,76.1364,1
5,369,51.4425,54.8437,83.8454,83.8454,0.860831
5,370,51.4425,54.8437,104.482,104.482,0.669544
5,371,51.4425,54.8437,126.636,126.636,0.650087
5,372,51.4425,54.8437,148.301,148.301,0.656288
5,373,51.4425,54.8437,151.821,151.821,0.933866
5,374,51.4425,54.8437,136.964,136.964,1
5,375,51.4425,54.8437,112.798,112.798,1
5,376,51.4425,54.8437,123.147,123.147,0.817768
5,377,51.4425,54.8437,111.497,111.497,1
5,378,51.4425,54.8437,98.1341,98.1341,1
5,379,51.4425,54.8437,106.411,106.411,0.851387
5,380,51.4425,54.8437,129.399,129.399,0.639625
5,381,51.4425,54.8437,133.799,133.799,0.918018
5,382,51.4425,54.8437,148.632,133.799,0.749513
5,383,51.4425,54.8437,129.42,129.42,1
5,384,51.4425,54.8437,147.834,147.834,0.699104
5,385,51.4425,54.8437,135.348,135.348,1
5,386,51.4425,54.8437,129.344,129.344,1
5,387,51.4425,54.8437,137.181,137.181,0.858695
5,388,51.4425,54.8437,119.542,119.542,1
5,389,51.4425,54.8437,118.282,118.282,1
5,390,51.4425,54.8437,102.485,102.485,1
5,391,51.4425,54.8437,86.083,86.083,1
5,392,51.4425,54.8437,63.191,63.191,1
5,393,51.4425,54.8437,85.2158,85.2158,0.651718
5,394,51.4425,54.8437,60.9361,60.9361,1
5,395,51.4425,54.8437,59.1855,59.1855,1
5,396,51.4425,54.8437,66.5865,66.5865,0.866002
5,397,51.4425,54.8437,57.1187,57.1187,1
5,398,51.4425,54.8437,59.8736,59.8736,0.947854
5,399,51.4425,54.8437,57.761,57.761,1
5,400,51.4425,54.8437,57.5306,57.5306,1
5,401,48.8704,54.8437,69.3401,69.3401,0.785332
5,402,48.8704,54.8437,84.6618,69.3401,0.730871
5,403,48.8704,54.8437,73.1905,73.1905,0.924236
5,404,48.8704,54.8437,71.1153,71.1153,1
5,405,48.8704,54.8437,60.8783,60.8783,1
5,406,48.8704,54.8437,59.4442,59.4442,1
5,407,48.8704,54.8437,76.9335,76.9335,0.699163
5,408,48.8704,54.8437,78.7258,78.7258,0.96399
5,409,48.8704,54.8437,73.3268,73.3268,1
5,410,48.8704,54.8437,55.3245,55.3245,1
5,411,48.8704,54.8437,67.7336,55.3245,0.775755
5,412,48.8704,54.8437,66.1548,55.3245,0.801227
5,413,48.8704,54.8437,63.2585,55.3245,0.850147
5,414,48.8704,54.8437,59.9273,59.9273,0.910117
5,415,48.8704,54.8437,70.7223,59.9273,0.801804
5,416,48.8704,54.8437,84.5158,59.9273,0.60463
5,417,48.8704,54.8437,58.7846,58.7846,1
5,418,48.8704,54.8437,61.6665,61.6665,0.942735
5,419,48.8704,54.8437,80.0935,80.0935,0.685876
5,420,48.8704,54.8437,66.1165,66.1165,1
5,421,48.8704,54.8437,58.773,58.773,1
5,422,48.8704,54.8437,80.355,58.773,0.642996
5,423,48.8704,54.8437,79.8244,79.8244,0.650015
5,424,48.8704,54.8437,102.167,102.167,0.633065
5,425,48.8704,54.8437,113.133,113.133,0.798998
5,426,48.8704,54.8437,131.526,131.526,0.686363
5,427,48.8704,54.8437,115.254,115.254,1
5,428,48.8704,54.8437,134.365,134.365,0.676347
5,429,48.8704,54.8437,117.552,117.552,1
5,430,48.8704,54.8437,113.672,113.672,1
5,431,48.8704,54.8437,101.78,101.78,1
5,432,48.8704,54.8437,107.489,107.489,0.889747
5,433,48.8704,54.8437,128.318,128.318,0.652974
5,434,48.8704,54.8437,144.411,144.411,0.719425
5,435,48.8704,54.8437,155.931,155.931,0.789995
5,436,48.8704,54.8437,131.946,131.946,1
5,437,48.8704,54.8437,110.74,110.74,1
5,438,48.8704,54.8437,92.056,92.056,1
5,439,48.8704,54.8437,100.895,100.895,0.834547
5,440,48.8704,54.8437,95.3381,95.3381,1
5,441,48.8704,54.8437,80.555,80.555,1
5,442,48.8704,54.8437,59.8968,59.8968,1
5,443,48.8704,54.8437,58.1864,58.1864,1
5,444,48.8704,54.8437,63.1413,63.1413,0.903582
5,445,48.8704,54.8437,76.622,63.1413,0.75893
5,446,48.8704,54.8437,77.6709,77.6709,0.742815
5,447,48.8704,54.8437,64.6394,64.6394,1
5,448,48.8704,54.8437,74.1162,74.1162,0.823726
5,449,48.8704,54.8437,66.8972,66.8972,1
5,450,48.8704,54.8437,79.8666,79.8666,0.766912
5,451,48.8704,54.8437,85.502,85.502,0.891087
5,452,48.8704,54.8437,76.3285,76.3285,1
5,453,48.8704,54.8437,100.62,100.62,0.608321
5,454,48.8704,54.8437,113.302,113.302,0.771436
5,455,48.8704,54.8437,103.291,103.291,1
5,456,48.8704,54.8437,118.253,118.253,0.736269
5,457,48.8704,54.8437,134.542,118.253,0.71655
5,458,48.8704,54.8437,113.445,113.445,1
5,459,48.8704,54.8437,111.52,111.52,1
5,460,48.8704,54.8437,112.854,112.854,0.973077
5,461,48.8704,54.8437,97.4315,97.4315,1
5,462,48.8704,54.8437,75.1685,75.1685,1
5,463,48.8704,54.8437,82.2474,82.2474,0.865152
5,464,48.8704,54.8437,74.1142,74.1142,1
5,465,48.8704,54.8437,62.4067,62.4067,1
5,466,48.8704,54.8437,82.3901,62.4067,0.664376
5,467,48.8704,54.8437,60.1651,60.1651,1
5,468,48.8704,54.8437,57.4428,57.4428,1
5,469,48.8704,54.8437,73.5537,57.4428,0.719164
5,470,48.8704,54.8437,60.9607,57.4428,0.930545
5,471,48.8704,54.8437,66.746,66.746,0.826658
5,472,48.8704,54.8437,62.6502,62.6502,1
5,473,48.8704,54.8437,71.5108,71.5108,0.83418
5,474,48.8704,54.8437,73.2906,73.2906,0.964235
5,475,48.8704,54.8437,71.7909,71.7909,1
5,476,48.8704,54.8437,68.4036,68.4036,1
5,477,48.8704,54.8437,72.632,72.632,0.917116
5,478,48.8704,54.8437,89.8239,89.8239,0.70343
5,479,48.8704,54.8437,109.156,109.156,0.673296
5,480,48.8704,54.8437,116.525,116.525,0.860019
5,481,48.8704,54.8437,138.918,138.918,0.632418
5,482,48.8704,54.8437,163.457,163.457,0.605247
5,483,48.8704,54.8437,154.135,154.135,1
5,484,48.8704,54.8437,135.895,135.895,1
5,485,48.8704,54.8437,126.56,126.56,1
5,486,48.8704,54.8437,132.144,132.144,0.892027
5,487,48.8704,54.8437,124.418,124.418,1
5,488,48.8704,54.8437,132.286,132.286,0.851299
5,489,48.8704,54.8437,142.749,142.749,0.80727
5,490,48.8704,54.8437,122.328,122.328,1
5,491,48.8704,54.8437,124.339,124.339,0.959698
5,492,48.8704,54.8437,113.694,113.694,1
5,493,48.8704,54.8437,98.3846,98.3846,1
5,494,48.8704,54.8437,101.572,101.572,0.936869
5,495,48.8704,54.8437,101.459,101.459,1
5,496,48.8704,54.8437,113.006,113.006,0.789558
5,497,48.8704,54.8437,129.598,113.006,0.712121
5,498,48.8704,54.8437,125.503,125.503,0.774365
5,499,48.8704,54.8437,103.605,103.605,1
5,500,48.8704,54.8437,118.207,118.207,0.741712
5,501,46.4269,54.8437,108.137,108.137,1
5,502,46.4269,54.8437,92.0789,92.0789,1
5,503,46.4269,54.8437,80.8714,80.8714,1
5,504,46.4269,54.8437,91.3595,91.3595,0.797795
5,505,46.4269,54.8437,74.7418,74.7418,1
5,506,46.4269,54.8437,82.2401,82.2401,0.850861
5,507,46.4269,54.8437,90.2456,90.2456,0.841614
5,508,46.4269,54.8437,101.691,101.691,0.781514
5,509,46.4269,54.8437,98.0554,98.0554,1
5,510,46.4269,54.8437,90.1186,90.1186,1
5,511,46.4269,54.8437,89.8029,89.8029,1
5,512,46.4269,54.8437,80.5471,80.5471,1
5,513,46.4269,54.8437,84.4507,84.4507,0.919358
5,514,46.4269,54.8437,80.3915,80.3915,1
5,515,46.4269,54.8437,74.5636,74.5636,1
5,516,46.4269,54.8437,94.8049,74.5636,0.64663
5,517,46.4269,54.8437,64.5358,64.5358,1
5,518,46.4269,54.8437,62.1574,62.1574,1
5,519,46.4269,54.8437,70.2441,70.2441,0.840144
5,520,46.4269,54.8437,93.5916,93.5916,0.604781
5,521,46.4269,54.8437,85.7215,85.7215,1
5,522,46.4269,54.8437,64.3149,64.3149,1
5,523,46.4269,54.8437,86.3098,86.3098,0.62266
5,524,46.4269,54.8437,65.3835,65.3835,1
5,525,46.4269,54.8437,63.4098,63.4098,1
5,526,46.4269,54.8437,57.3965,57.3965,1
5,527,46.4269,54.8437,58.2305,58.2305,0.982197
5,528,46.4269,54.8437,56.0568,56.0568,1
5,529,46.4269,54.8437,79.1674,56.0568,0.607874
5,530,46.4269,54.8437,59.5247,59.5247,0.928025
5,531,46.4269,54.8437,71.8276,59.5247,0.76721
5,532,46.4269,54.8437,74.7671,74.7671,0.720139
5,533,46.4269,54.8437,73.2578,73.2578,1
5,534,46.4269,54.8437,95.2819,73.2578,0.622268
5,535,46.4269,54.8437,55.6121,55.6121,1
5,536,46.4269,54.8437,77.2675,55.6121,0.627231
5,537,46.4269,54.8437,57.7725,57.7725,0.954534
5,538,46.4269,54.8437,77.1696,77.1696,0.658494
5,539,46.4269,54.8437,73.8819,73.8819,1
5,540,46.4269,54.8437,84.5698,73.8819,0.794367
5,541,46.4269,54.8437,78.8659,78.8659,0.898211
5,542,46.4269,54.8437,73.7915,73.7915,1
5,543,46.4269,54.8437,63.7149,63.7149,1
5,544,46.4269,54.8437,76.7087,76.7087,0.755876
5,545,46.4269,54.8437,69.5935,69.5935,1
5,546,46.4269,54.8437,65.3816,65.3816,1
5,547,46.4269,54.8437,64.9634,64.9634,1
5,548,46.4269,54.8437,87.9697,64.9634,0.609243
5,549,46.4269,54.8437,67.4229,67.4229,0.948403
5,550,46.4269,54.8437,61.2025,61.2025,1
5,551,46.4269,54.8437,62.5662,62.5662,0.971053
5,552,46.4269,54.8437,74.8456,74.8456,0.767599
5,553,46.4269,54.8437,77.7227,77.7227,0.939909
5,554,46.4269,54.8437,78.8484,78.8484,0.976047
5,555,46.4269,54.8437,101.115,101.115,0.619032
5,556,46.4269,54.8437,86.01,86.01,1
5,557,46.4269,54.8437,68.0179,68.0179,1
5,558,46.4269,54.8437,86.2234,68.0179,0.675614
5,559,46.4269,54.8437,75.1394,75.1394,0.857793
5,560,46.4269,54.8437,63.0437,63.0437,1
5,561,46.4269,54.8437,72.4153,72.4153,0.817211
5,562,46.4269,54.8437,94.5853,72.4153,0.620317
5,563,46.4269,54.8437,73.5825,73.5825,0.975174
5,564,46.4269,54.8437,57.3065,57.3065,1
5,565,46.4269,54.8437,76.7584,76.7584,0.657718
5,566,46.4269,54.8437,64.156,64.156,1
5,567,46.4269,54.8437,71.265,64.156,0.858024
5,568,46.4269,54.8437,61.3309,61.3309,1
5,569,46.4269,54.8437,76.234,61.3309,0.725423
5,570,46.4269,54.8437,65.9132,65.9132,0.906015
5,571,46.4269,54.8437,71.4706,71.4706,0.887185
5,572,46.4269,54.8437,94.4656,71.4706,0.60939
5,573,46.4269,54.8437,63.0781,63.0781,1
5,574,46.4269,54.8437,62.1803,62.1803,1
5,575,46.4269,54.8398,54.8398,54.8398,1
5,576,46.4269,54.8398,58.0674,58.0674,0.93284
5,577,46.4269,54.8398,55.9666,55.9666,1
5,578,46.4269,54.8398,75.6372,75.6372,0.654626
5,579,46.4269,54.8398,73.8533,73.8533,1
5,580,46.4269,54.8398,84.9793,84.9793,0.786905
5,581,46.4269,54.8398,106.355,106.355,0.631027
5,582,46.4269,54.8398,128.471,128.471,0.62103
5,583,46.4269,54.8398,148.505,128.471,0.649526
5,584,46.4269,54.8398,143.263,128.471,0.727157
5,585,46.4269,54.8398,138.828,138.828,0.800047
5,586,46.4269,54.8398,119.585,119.585,1
5,587,46.4269,54.8398,118.029,118.029,1
5,588,46.4269,54.8398,126.742,126.742,0.828883
5,589,46.4269,54.8398,114.497,114.497,1
5,590,46.4269,54.8398,138.291,114.497,0.598996
5,591,46.4269,54.8398,122.375,122.375,0.843934
5,592,46.4269,54.8398,128.539,128.539,0.87567
5,593,46.4269,54.8398,121.01,121.01,1
5,594,46.4269,54.8398,102.774,102.774,1
5,595,46.4269,54.8398,94.2538,94.2538,1
5,596,46.4269,54.8398,97.1463,97.1463,0.9396
5,597,46.4269,54.8398,114.634,114.634,0.686137
5,598,46.4269,54.8398,123.164,123.164,0.832169
5,599,46.4269,54.8398,145.268,123.164,0.621189
5,600,46.4269,54.8398,144.713,144.713,0.628673
5,601,44.1055,54.8398,166.368,166.368,0.612012
5,602,44.1055,54.8398,154.552,154.552,1
5,603,44.1055,54.8398,177.79,154.552,0.590452
5,604,44.1055,54.8398,132.097,132.097,1
5,605,44.1055,54.8398,108.8,108.8,1
5,606,44.1055,54.8398,91.8597,91.8597,1
5,607,44.1055,54.8398,79.1293,79.1293,1
5,608,44.1055,54.8398,102.232,102.232,0.592257
5,609,44.1055,54.8398,84.3585,84.3585,1
5,610,44.1055,54.8398,106.738,84.3585,0.60205
5,611,44.1055,54.8398,105.03,105.03,0.625832
5,612,44.1055,54.8398,105.383,105.383,0.992024
5,613,44.1055,54.8398,115.414,115.414,0.796565
5,614,44.1055,54.8398,110.169,110.169,1
5,615,44.1055,54.8398,123.563,110.169,0.738095
5,616,44.1055,54.8398,133.193,110.169,0.593318
5,617,44.1055,54.8398,101.024,101.024,1
5,618,44.1055,54.8398,81.4924,81.4924,1
5,619,44.1055,54.8398,90.6416,90.6416,0.812661
5,620,44.1055,54.8398,68.4553,68.4553,1
5,621,44.1055,54.8398,90.3629,90.3629,0.60853
5,622,44.1055,54.8398,88.858,88.858,1
5,623,44.1055,54.8398,86.1599,86.1599,1
5,624,44.1055,54.8398,79.8302,79.8302,1
5,625,44.1055,54.8398,84.9162,84.9162,0.891086
5,626,44.1055,54.8398,91.9752,91.9752,0.852102
5,627,44.1055,54.8398,83.1533,83.1533,1
5,628,44.1055,54.8398,91.7422,91.7422,0.823053
5,629,44.1055,54.8398,83.8853,83.8853,1
5,630,44.1055,54.8398,82.3209,82.3209,1
5,631,44.1055,54.8398,87.3426,87.3426,0.892386
5,632,44.1055,54.8398,87.51,87.51,0.996211
5,633,44.1055,54.8398,79.3018,79.3018,1
5,634,44.1055,54.8398,89.8624,89.8624,0.787069
5,635,44.1055,54.8398,79.3325,79.3325,1
5,636,44.1055,54.8398,67.4941,67.4941,1
5,637,44.1055,54.8398,74.9533,67.4941,0.844406
5,638,44.1055,54.8398,67.1527,67.1527,1
5,639,44.1055,54.8398,83.2955,83.2955,0.693499
5,640,44.1055,54.8398,81.3907,81.3907,1
5,641,44.1055,54.8398,93.3627,93.3627,0.76228
5,642,44.1055,54.8398,101.117,101.117,0.838784
5,643,44.1055,54.8398,80.355,80.355,1
5,644,44.1055,54.8398,75.3797,75.3797,1
5,645,44.1055,54.8398,97.6336,97.6336,0.603771
5,646,44.1055,54.8398,102.718,102.718,0.891116
5,647,44.1055,54.8398,109.719,109.719,0.853231
5,648,44.1055,54.8398,109.406,109.406,1
5,649,44.1055,54.8398,89.1236,89.1236,1
5,650,44.1055,54.8398,78.5297,78.5297,1
5,651,44.1055,54.8398,88.3216,88.3216,0.800907
5,652,44.1055,54.8398,73.9124,73.9124,1
5,653,44.1055,54.8398,86.2926,86.2926,0.755259
5,654,44.1055,54.8398,84.0374,84.0374,1
5,655,44.1055,54.8398,60.652,60.652,1
5,656,44.1055,54.8398,72.6435,72.6435,0.761944
5,657,44.1055,54.8398,55.3015,55.3015,1
5,658,44.1055,54.8398,69.3017,55.3015,0.728021
5,659,44.1055,54.8398,73.3174,55.3015,0.664664
5,660,44.1055,54.8398,77.381,55.3015,0.606163
5,661,44.1055,54.8398,76.6105,76.6105,0.616845
5,662,44.1055,54.8398,85.6155,85.6155,0.815323
5,663,44.1055,54.8398,99.6022,99.6022,0.728245
5,664,44.1055,54.8398,78.5277,78.5277,1
5,665,44.1055,54.8398,81.4043,81.4043,0.93686
5,666,44.1055,54.8398,75.5815,75.5815,1
5,667,44.1055,54.8398,77.5961,77.5961,0.955349
5,668,44.1055,54.8398,101.521,101.521,0.581324
5,669,44.1055,54.8398,82.1363,82.1363,1
5,670,44.1055,54.8398,92.7428,92.7428,0.786251
5,671,44.1055,54.8398,72.7205,72.7205,1
5,672,44.1055,54.8398,71.7987,71.7987,1
5,673,44.1055,54.8398,63.7781,63.7781,1
5,674,44.1055,54.8398,66.0838,66.0838,0.949067
5,675,44.1055,54.8398,81.4157,81.4157,0.706368
5,676,44.1055,54.8398,76.1232,76.1232,1
5,677,44.1055,54.8398,79.0121,79.0121,0.936599
5,678,44.1055,54.8398,58.1692,58.1692,1
5,679,44.1055,54.8398,71.7319,71.7319,0.735279
5,680,44.1055,54.8398,76.9409,76.9409,0.888603
5,681,44.1055,54.8398,73.2059,73.2059,1
5,682,44.1055,54.8398,78.2242,78.2242,0.892455
5,683,44.1055,54.8398,65.9172,65.9172,1
5,684,44.1055,54.8398,87.9776,65.9172,0.606425
5,685,44.1055,54.8398,72.6992,72.6992,0.857471
5,686,44.1055,54.8398,71.5647,71.5647,1
5,687,44.1055,54.8398,55.2269,55.2269,1
5,688,44.1055,54.8398,67.8664,67.8664,0.750832
5,689,44.1055,54.8398,84.5931,84.5931,0.684379
5,690,44.1055,54.8398,87.0524,87.0524,0.945768
5,691,44.1055,54.8398,89.0239,89.0239,0.956283
5,692,44.1055,54.8398,82.1424,82.1424,1
5,693,44.1055,54.8398,103.752,103.752,0.612661
5,694,44.1055,54.8398,80.7216,80.7216,1
5,695,44.1055,54.8398,98.3095,98.3095,0.671147
5,696,44.1055,54.8398,103.869,103.869,0.88157
5,697,44.1055,54.8398,96.3391,96.3391,1
5,698,44.1055,54.8398,90.384,90.384,1
5,699,44.1055,54.8398,67.8143,67.8143,1
5,700,44.1055,54.8398,85.2657,85.2657,0.673226
5,701,41.9002,54.8398,81.9232,81.9232,1
5,702,41.9002,54.8398,74.3138,74.3138,1
5,703,41.9002,54.8398,78.4666,78.4666,0.905641
5,704,41.9002,54.8398,59.4537,59.4537,1
5,705,41.9002,54.8398,76.9449,59.4537,0.658724
5,706,41.9002,54.8398,61.097,61.097,0.961539
5,707,41.9002,54.8398,73.1101,61.097,0.750731
5,708,41.9002,54.8398,71.5031,61.097,0.780084
5,709,41.9002,54.8398,82.6955,82.6955,0.597218
5,710,41.9002,54.8398,87.7388,87.7388,0.886597
5,711,41.9002,54.8398,67.3388,67.3388,1
5,712,41.9002,54.8398,70.7679,70.7679,0.921419
5,713,41.9002,54.8398,82.0424,82.0424,0.764083
5,714,41.9002,54.8398,77.5674,77.5674,1
5,715,41.9002,54.8398,75.0935,75.0935,1
5,716,41.9002,54.8398,77.9378,77.9378,0.934372
5,717,41.9002,54.8398,77.3446,77.3446,1
5,718,41.9002,54.8398,91.3616,91.3616,0.715672
5,719,41.9002,54.8398,91.9595,91.9595,0.985832
5,720,41.9002,54.8398,90.6862,90.6862,1
5,721,41.9002,54.8398,86.9022,86.9022,1
5,722,41.9002,54.8398,77.3311,77.3311,1
5,723,41.9002,54.8398,83.8854,83.8854,0.855193
5,724,41.9002,54.8398,99.3322,83.8854,0.691663
5,725,41.9002,54.8398,98.9029,83.8854,0.698786
5,726,41.9002,54.8398,100.367,100.367,0.674797
5,727,41.9002,54.8398,125.056,100.367,0.554742
5,728,41.9002,54.8398,83.8796,83.8796,1
5,729,41.9002,54.8398,62.5967,62.5967,1
5,730,41.9002,54.8398,66.6402,66.6402,0.908008
5,731,41.9002,54.8398,83.2321,83.2321,0.673015
5,732,41.9002,54.8398,99.5423,99.5423,0.677556
5,733,41.9002,54.8398,86.2752,86.2752,1
5,734,41.9002,54.8398,92.5395,92.5395,0.861134
5,735,41.9002,54.8398,88.4487,88.4487,1
5,736,41.9002,54.8398,76.4033,76.4033,1
5,737,41.9002,54.8398,93.6439,76.4033,0.662677
5,738,41.9002,54.8398,83.1931,83.1931,0.850401
5,739,41.9002,54.8398,79.6767,79.6767,1
5,740,41.9002,54.8398,98.5506,98.5506,0.637343
5,741,41.9002,54.8398,87.7829,87.7829,1
5,742,41.9002,54.8398,95.6112,87.7829,0.829583
5,743,41.9002,54.8398,66.0841,66.0841,1
5,744,41.9002,54.8398,67.7375,67.7375,0.961308
5,745,41.9002,54.8398,71.4149,71.4149,0.915976
5,746,41.9002,54.8398,74.7115,71.4149,0.924338
5,747,41.9002,54.8398,88.6217,71.4149,0.663211
5,748,41.9002,54.8398,62.1192,62.1192,1
5,749,41.9002,54.8398,83.5622,83.5622,0.599437
5,750,41.9002,54.8398,73.9452,73.9452,1
5,751,41.9002,54.8398,67.306,67.306,1
5,752,41.9002,54.8398,88.0987,88.0987,0.608814
5,753,41.9002,54.8398,105.878,105.878,0.654207
5,754,41.9002,54.8398,81.8596,81.8596,1
5,755,41.9002,54.8398,89.9203,89.9203,0.824994
5,756,41.9002,54.8398,93.9305,93.9305,0.908728
5,757,41.9002,54.8398,81.4791,81.4791,1
5,758,41.9002,54.8398,61.6395,61.6395,1
5,759,41.9002,54.8398,56.5687,56.5687,1
5,760,41.9002,54.8398,58.6484,58.6484,0.951577
5,761,41.9002,54.8398,56.4648,56.4648,1
5,762,41.9002,54.8398,57.0576,57.0576,0.985952
5,763,41.9002,54.8398,67.3197,67.3197,0.782769
5,764,41.9002,54.8398,61.6415,61.6415,1
5,765,41.9002,54.8398,66.0954,66.0954,0.899156
5,766,41.9002,54.8398,68.9311,68.9311,0.934561
5,767,41.9002,54.8398,68.5475,68.5475,1
5,768,41.9002,54.8398,83.0148,83.0148,0.708022
5,769,41.9002,54.8398,62.6829,62.6829,1
5,770,41.9002,54.8398,67.2694,67.2694,0.896317
5,771,41.9002,54.8398,57.0804,57.0804,1
5,772,41.9002,54.8398,72.2848,57.0804,0.695677
5,773,41.9002,54.8398,67.1757,67.1757,0.785891
5,774,41.9002,54.8398,56.7142,56.7142,1
5,775,41.9002,54.8398,72.0963,72.0963,0.692731
5,776,41.9002,54.8398,93.1892,93.1892,0.604468
5,777,41.9002,54.8398,77.0139,77.0139,1
5,778,41.9002,54.8398,93.1682,93.1682,0.680083
5,779,41.9002,54.8398,114.273,114.273,0.604295
5,780,41.9002,54.8398,137.249,137.249,0.577899
5,781,41.9002,54.8398,154.901,154.901,0.656208
5,782,41.9002,54.8398,154.866,154.866,1
5,783,41.9002,54.8398,176,154.866,0.603874
5,784,41.9002,54.8398,156.489,156.489,0.962016
5,785,41.9002,54.8398,177.89,156.489,0.600031
5,786,41.9002,54.8398,154.027,154.027,1
5,787,41.9002,54.8398,134.507,134.507,1
5,788,41.9002,54.8398,133.92,133.92,1
5,789,41.9002,54.8398,114.853,114.853,1
5,790,41.9002,54.8398,104.264,104.264,1
5,791,41.9002,54.8398,114.501,114.501,0.783235
5,792,41.9002,54.8398,107.269,107.269,1
5,793,41.9002,54.8398,91.683,91.683,1
5,794,41.9002,54.8398,99.1415,99.1415,0.836937
5,795,41.9002,54.8398,117.287,117.287,0.648524
5,796,41.9002,54.8398,105.178,105.178,1
5,797,41.9002,54.8398,84.1989,84.1989,1
5,798,41.9002,54.8398,75.5679,75.5679,1
5,799,41.9002,54.8398,68.8335,68.8335,1
5,800,41.9002,54.8398,65.6332,65.6332,1
5,801,39.8052,54.8398,73.1407,73.1407,0.828113
5,802,39.8052,54.8398,56.6797,56.6797,1
5,803,39.8052,54.8398,74.2275,56.6797,0.643494
5,804,39.8052,54.8398,63.4098,63.4098,0.844446
5,805,39.8052,54.8398,69.8564,69.8564,0.85048
5,806,39.8052,54.8398,74.1391,74.1391,0.897993
5,807,39.8052,54.8398,84.3391,74.1391,0.773952
5,808,39.8052,54.8398,71.653,71.653,1
5,809,39.8052,54.8398,83.7932,83.7932,0.737132
5,810,39.8052,54.8398,96.9342,96.9342,0.718827
5,811,39.8052,54.8398,72.8872,72.8872,1
5,812,39.8052,54.8398,92.9008,92.9008,0.604842
5,813,39.8052,54.8398,77.4098,77.4098,1
5,814,39.8052,54.8398,86.0217,86.0217,0.805452
5,815,39.8052,54.8398,100.708,100.708,0.691451
5,816,39.8052,54.8398,84.5275,84.5275,1
5,817,39.8052,54.8398,100.854,100.854,0.66354
5,818,39.8052,54.8398,122.414,100.854,0.581806
5,819,39.8052,54.8398,112.74,112.74,0.741861
5,820,39.8052,54.8398,93.1683,93.1683,1
5,821,39.8052,54.8398,100.962,100.962,0.822177
5,822,39.8052,54.8398,79.3038,79.3038,1
5,823,39.8052,54.8398,79.2617,79.2617,1
5,824,39.8052,54.8398,99.9294,79.2617,0.594984
5,825,39.8052,54.8398,59.8967,59.8967,1
5,826,39.8052,54.8398,81.0255,81.0255,0.58813
5,827,39.8052,54.8398,75.612,75.612,1
5,828,39.8052,54.8398,60.6328,60.6328,1
5,829,39.8052,54.8398,64.4378,64.4378,0.908837
5,830,39.8052,54.8398,62.2784,62.2784,1
5,831,39.8052,54.8398,76.822,76.822,0.69394
5,832,39.8052,54.8398,100.506,76.822,0.551567
5,833,39.8052,54.8398,77.1253,77.1253,0.99241
5,834,39.8052,54.8398,83.1896,83.1896,0.858687
5,835,39.8052,54.8398,92.7681,83.1896,0.786129
5,836,39.8052,54.8398,62.023,62.023,1
5,837,39.8052,54.8398,58.8114,58.8114,1
5,838,39.8052,54.8398,65.8574,65.8574,0.83777
5,839,39.8052,54.8398,64.3326,64.3326,1
5,840,39.8052,54.8398,84.4122,84.4122,0.603839
5,841,39.8052,54.8398,77.99,77.99,1
5,842,39.8052,54.8398,82.8031,82.8031,0.886109
5,843,39.8052,54.8398,64.3574,64.3574,1
5,844,39.8052,54.8398,77.1406,77.1406,0.72532
5,845,39.8052,54.8398,96.613,77.1406,0.613121
5,846,39.8052,54.8398,65.5906,65.5906,1
5,847,39.8052,54.8398,62.1268,62.1268,1
5,848,39.8052,54.8398,66.3851,66.3851,0.898545
5,849,39.8052,54.8398,60.9205,60.9205,1
5,850,39.8052,54.8398,78.3567,60.9205,0.645302
5,851,39.8052,54.8398,75.4373,60.9205,0.694408
5,852,39.8052,54.8398,62.685,62.685,0.956642
5,853,39.8052,54.8398,78.5218,78.5218,0.671757
5,854,39.8052,54.8398,59.6128,59.6128,1
5,855,39.8052,54.8398,78.8023,59.6128,0.617494
5,856,39.8052,54.8398,84.1699,59.6128,0.539598
5,857,39.8052,54.8398,71.4686,59.6128,0.742415
5,858,39.8052,54.8398,79.0367,79.0367,0.613868
5,859,39.8052,54.8398,76.5685,76.5685,1
5,860,39.8052,54.8398,75.2048,75.2048,1
5,861,39.8052,54.8398,70.1156,70.1156,1
5,862,39.8052,54.8398,80.7409,80.7409,0.765725
5,863,39.8052,54.8398,73.2212,73.2212,1
5,864,39.8052,54.8398,86.8253,86.8253,0.710514
5,865,39.8052,54.8398,76.5606,76.5606,1
5,866,39.8052,54.8398,61.208,61.208,1
5,867,39.8052,54.8398,59.7874,59.7874,1
5,868,39.8052,54.8398,68.3539,59.7874,0.806373
5,869,39.8052,54.8398,60.4892,60.4892,0.982524
5,870,39.8052,54.8398,55.0061,55.0061,1
5,871,39.8052,54.8398,70.5013,70.5013,0.677548
5,872,39.8052,54.8398,71.5451,71.5451,0.974117
5,873,39.8052,54.8398,77.5306,77.5306,0.860391
5,874,39.8052,54.8398,87.7773,87.7773,0.773043
5,875,39.8052,54.8398,109.364,109.364,0.581406
5,876,39.8052,54.8398,107.006,107.006,1
5,877,39.8052,54.8398,91.2032,91.2032,1
5,878,39.8052,54.8398,105.727,105.727,0.69428
5,879,39.8052,54.8398,97.7235,97.7235,1
5,880,39.8052,54.8398,81.4883,81.4883,1
5,881,39.8052,54.8398,67.3674,67.3674,1
5,882,39.8052,54.8398,68.0547,68.0547,0.982881
5,883,39.8052,54.8398,88.0542,68.0547,0.605055
5,884,39.8052,54.8398,63.5538,63.5538,1
5,885,39.8052,54.8398,56.5722,56.5722,1
5,886,39.8052,54.8398,75.9153,56.5722,0.615117
5,887,39.8052,54.8398,68.9834,68.9834,0.732129
5,888,39.8052,54.8398,90.9648,90.9648,0.575668
5,889,39.8052,54.8398,88.3159,88.3159,1
5,890,39.8052,54.8398,106.005,106.005,0.64121
5,891,39.8052,54.8398,126.196,126.196,0.602157
5,892,39.8052,54.8398,140.624,126.196,0.695963
5,893,39.8052,54.8398,145.756,126.196,0.61177
5,894,39.8052,54.8398,114.573,114.573,1
5,895,39.8052,54.8398,97.0518,97.0518,1
5,896,39.8052,54.8398,96.8324,96.8324,1
5,897,39.8052,54.8398,85.8735,85.8735,1
5,898,39.8052,54.8398,81.8153,81.8153,1
5,899,39.8052,54.8398,77.6019,77.6019,1
5,900,39.8052,54.8398,94.7506,94.7506,0.649979
5,901,37.815,54.8398,111.054,111.054,0.649762
5,902,37.815,54.8398,112.553,111.054,0.96115
5,903,37.815,54.8398,116.924,116.924,0.856234
5,904,37.815,54.8398,114.335,114.335,1
5,905,37.815,54.8398,104.698,104.698,1
5,906,37.815,54.8398,93.8807,93.8807,1
5,907,37.815,54.8398,88.0792,88.0792,1
5,908,37.815,54.8398,109.847,109.847,0.56235
5,909,37.815,54.8398,94.2869,94.2869,1
5,910,37.815,54.8398,104,104,0.773476
5,911,37.815,54.8398,112.85,112.85,0.791339
5,912,37.815,54.8398,106.878,106.878,1
5,913,37.815,54.8398,94.905,94.905,1
5,914,37.815,54.8398,73.446,73.446,1
5,915,37.815,54.8398,72.0197,72.0197,1
5,916,37.815,54.8398,83.2066,83.2066,0.743912
5,917,37.815,54.8398,102.151,102.151,0.605934
5,918,37.815,54.8398,104.897,104.897,0.929968
5,919,37.815,54.8398,80.9772,80.9772,1
5,920,37.815,54.8398,103.89,103.89,0.545571
5,921,37.815,54.8398,92.3891,92.3891,1
5,922,37.815,54.8398,87.1215,87.1215,1
5,923,37.815,54.8398,79.4498,79.4498,1
5,924,37.815,54.8398,88.5908,88.5908,0.785269
5,925,37.815,54.8398,93.3973,93.3973,0.88064
5,926,37.815,54.8398,84.2183,84.2183,1
5,927,37.815,54.8398,89.4509,84.2183,0.870774
5,928,37.815,54.8398,97.593,97.593,0.702093
5,929,37.815,54.8398,120.764,120.764,0.541861
5,930,37.815,54.8398,100.359,100.359,1
5,931,37.815,54.8398,104.573,104.573,0.894554
5,932,37.815,54.8398,80.2551,80.2551,1
5,933,37.815,54.8398,101.768,101.768,0.566145
5,934,37.815,54.8398,103.748,103.748,0.949004
5,935,37.815,54.8398,120.23,103.748,0.646694
5,936,37.815,54.8398,121.837,121.837,0.619793
5,937,37.815,54.8398,135.083,135.083,0.704497
5,938,37.815,54.8398,159.91,159.91,0.518639
5,939,37.815,54.8398,142.801,142.801,1
5,940,37.815,54.8398,151.838,142.801,0.787429
5,941,37.815,54.8398,130.629,130.629,1
5,942,37.815,54.8398,114.462,114.462,1
5,943,37.815,54.8398,116.914,116.914,0.93722
5,944,37.815,54.8398,125.341,125.341,0.800241
5,945,37.815,54.8398,115.25,115.25,1
5,946,37.815,54.8398,139.013,115.25,0.533448
5,947,37.815,54.8398,92.5023,92.5023,1
5,948,37.815,54.8398,96.8456,96.8456,0.891493
5,949,37.815,54.8398,91.5479,91.5479,1
5,950,37.815,54.8398,86.7597,86.7597,1
5,951,37.815,54.8398,67.2198,67.2198,1
5,952,37.815,54.8398,88.8139,67.2198,0.564933
5,953,37.815,54.8398,67.1585,67.1585,1
5,954,37.815,54.8398,69.8546,69.8546,0.931186
5,955,37.815,54.8398,66.6668,66.6668,1
5,956,37.815,54.8398,67.3214,67.3214,0.982837
5,957,37.815,54.8398,86.8733,86.8733,0.596282
5,958,37.815,54.8398,109.011,109.011,0.556867
5,959,37.815,54.8398,86.7175,86.7175,1
5,960,37.815,54.8398,92.9508,92.9508,0.848032
5,961,37.815,54.8398,85.2967,85.2967,1
5,962,37.815,54.8398,67.7167,67.7167,1
5,963,37.815,54.8398,73.8702,73.8702,0.849822
5,964,37.815,54.8398,66.761,66.761,1
5,965,37.815,54.8398,64.7161,64.7161,1
5,966,37.815,54.8398,79.1903,79.1903,0.681973
5,967,37.815,54.8398,99.9545,79.1903,0.57747
5,968,37.815,54.8398,79.5366,79.5366,0.990887
5,969,37.815,54.8398,73.4613,73.4613,1
5,970,37.815,54.8398,94.7413,94.7413,0.569647
5,971,37.815,54.8398,104.455,104.455,0.773466
5,972,37.815,54.8398,125.763,104.455,0.569223
5,973,37.815,54.8398,108.507,104.455,0.898378
5,974,37.815,54.8398,104.602,104.602,0.996128
5,975,37.815,54.8398,114.97,114.97,0.760187
5,976,37.815,54.8398,102.375,102.375,1
5,977,37.815,54.8398,120.469,102.375,0.619732
5,978,37.815,54.8398,84.7105,84.7105,1
5,979,37.815,54.8398,84.8427,84.8427,0.996509
5,980,37.815,54.8398,62.4645,62.4645,1
5,981,37.815,54.8398,78.9967,62.4645,0.645851
5,982,37.815,54.8398,59.4995,59.4995,1
5,983,37.815,54.8398,65.4257,65.4257,0.854948
5,984,37.815,54.8398,72.9314,72.9314,0.819973
5,985,37.815,54.8398,82.6206,82.6206,0.773965
5,986,37.815,54.8398,59.8159,59.8159,1
5,987,37.815,54.8398,63.8431,63.8431,0.898977
5,988,37.815,54.8398,59.9158,59.9158,1
5,989,37.815,54.8398,66.9588,66.9588,0.830066
5,990,37.815,54.8398,86.1562,86.1562,0.601898
5,991,37.815,54.8398,95.5386,95.5386,0.780273
5,992,37.815,54.8398,103.281,103.281,0.814853
5,993,37.815,54.8398,125.776,103.281,0.551632
5,994,37.815,54.8398,90.6299,90.6299,1
5,995,37.815,54.8398,68.0544,68.0544,1
5,996,37.815,54.8398,64.4073,64.4073,1
5,997,37.815,54.8398,80.5603,80.5603,0.65236
5,998,37.815,54.8398,65.1401,65.1401,1
5,999,37.815,54.8398,57.0937,57.0937,1
5,1000,37.815,54.8398,69.9312,69.9312,0.712141
5,1001,35.9242,54.8398,85.2139,85.2139,0.653498
5,1002,35.9242,54.8398,74.9763,74.9763,1
5,1003,35.9242,54.8398,65.8515,65.8515,1
5,1004,35.9242,54.8398,89.2872,89.2872,0.520813
5,1005,35.9242,54.8398,105.408,105.408,0.638437
5,1006,35.9242,54.8398,83.8703,83.8703,1
5,1007,35.9242,54.8398,74.1354,74.1354,1
5,1008,35.9242,54.8398,80.2937,80.2937,0.842463
5,1009,35.9242,54.8398,73.6863,73.6863,1
5,1010,35.9242,54.8398,83.6987,83.6987,0.756758
5,1011,35.9242,54.8398,99.6679,99.6679,0.64113
5,1012,35.9242,54.8398,113.63,113.63,0.677966
5,1013,35.9242,54.8398,95.5246,95.5246,1
5,1014,35.9242,54.8398,97.8819,97.8819,0.936487
5,1015,35.9242,54.8398,90.9285,90.9285,1
5,1016,35.9242,54.8398,102.874,102.874,0.717107
5,1017,35.9242,54.8398,93.9598,93.9598,1
5,1018,35.9242,54.8398,102.252,102.252,0.793887
5,1019,35.9242,54.8398,116.783,102.252,0.667318
5,1020,35.9242,54.8398,94.6774,94.6774,1
5,1021,35.9242,54.8398,82.5534,82.5534,1
5,1022,35.9242,54.8398,80.5183,80.5183,1
5,1023,35.9242,54.8398,85.7273,85.7273,0.865022
5,1024,35.9242,54.8398,62.4453,62.4453,1
5,1025,35.9242,54.8398,80.4951,80.4951,0.605052
5,1026,35.9242,54.8398,80.7702,80.7702,0.992371
5,1027,35.9242,54.8398,102.57,102.57,0.545082
5,1028,35.9242,54.8398,85.4965,85.4965,1
5,1029,35.9242,54.8398,66.1779,66.1779,1
5,1030,35.9242,54.8398,77.6458,77.6458,0.726712
5,1031,35.9242,54.8398,86.1159,77.6458,0.789957
5,1032,35.9242,54.8398,65.6196,65.6196,1
5,1033,35.9242,54.8398,81.5807,81.5807,0.641273
5,1034,35.9242,54.8398,95.8698,95.8698,0.671827
5,1035,35.9242,54.8398,115.605,95.8698,0.577313
5,1036,35.9242,54.8398,106.883,106.883,0.735967
5,1037,35.9242,54.8398,114.758,114.758,0.80315
5,1038,35.9242,54.8398,99.8757,99.8757,1
5,1039,35.9242,54.8398,116.52,99.8757,0.629198
5,1040,35.9242,54.8398,91.9348,91.9348,1
5,1041,35.9242,54.8398,89.0487,89.0487,1
5,1042,35.9242,54.8398,113.566,89.0487,0.505364
5,1043,35.9242,54.8398,71.1771,71.1771,1
5,1044,35.9242,54.8398,68.4287,68.4287,1
5,1045,35.9242,54.8398,67.0373,67.0373,1
5,1046,35.9242,54.8398,84.3393,67.0373,0.617779
5,1047,35.9242,54.8398,73.8857,73.8857,0.826434
5,1048,35.9242,54.8398,55.4511,55.4511,1
5,1049,35.9242,54.8398,80.0418,55.4511,0.504335
5,1050,35.9242,54.8398,73.1466,55.4511,0.61105
5,1051,35.9242,54.8398,70.2786,55.4511,0.661833
5,1052,35.9242,54.8398,74.427,74.427,0.589655
5,1053,35.9242,54.8398,72.6897,72.6897,1
5,1054,35.9242,54.8398,68.8279,68.8279,1
5,1055,35.9242,54.8398,59.4899,59.4899,1
5,1056,35.9242,54.8398,77.6999,77.6999,0.60236
5,1057,35.9242,54.8398,88.2484,88.2484,0.745551
5,1058,35.9242,54.8398,88.7293,88.7293,0.986703
5,1059,35.9242,54.8398,93.8343,93.8343,0.86753
5,1060,35.9242,54.8398,77.9994,77.9994,1
5,1061,35.9242,54.8398,62.4241,62.4241,1
5,1062,35.9242,54.8398,67.5075,67.5075,0.868054
5,1063,35.9242,54.8398,73.1349,73.1349,0.855005
5,1064,35.9242,54.8398,59.6032,59.6032,1
5,1065,35.9242,54.8398,79.0638,79.0638,0.581751
5,1066,35.9242,54.8398,102.517,102.517,0.520552
5,1067,35.9242,54.8398,103.678,103.678,0.968208
5,1068,35.9242,54.8398,121.435,103.678,0.610006
5,1069,35.9242,54.8398,100.413,100.413,1
5,1070,35.9242,54.8398,121.327,121.327,0.558695
5,1071,35.9242,54.8398,109.837,109.837,1
5,1072,35.9242,54.8398,102.572,102.572,1
5,1073,35.9242,54.8398,89.4757,89.4757,1
5,1074,35.9242,54.8398,94.1717,94.1717,0.877464
5,1075,35.9242,54.8398,81.4387,81.4387,1
5,1076,35.9242,54.8398,77.8073,77.8073,1
5,1077,35.9242,54.8398,99.9353,77.8073,0.540121
5,1078,35.9242,54.8398,64.4763,64.4763,1
5,1079,35.9242,54.8398,56.7507,56.7507,1
5,1080,35.9242,54.8398,78.251,56.7507,0.549641
5,1081,35.9242,54.8398,70.5223,70.5223,0.681573
5,1082,35.9242,54.8398,86.6946,70.5223,0.637515
5,1083,35.9242,54.8398,70.9639,70.9639,0.987784
5,1084,35.9242,54.8398,91.6573,91.6573,0.562125
5,1085,35.9242,54.8398,75.8925,75.8925,1
5,1086,35.9242,54.8398,63.1814,63.1814,1
5,1087,35.9242,54.8398,82.9302,82.9302,0.577102
5,1088,35.9242,54.8398,93.1898,93.1898,0.751571
5,1089,35.9242,54.8398,86.6637,86.6637,1
5,1090,35.9242,54.8398,108.089,108.089,0.550792
5,1091,35.9242,54.8398,84.1681,84.1681,1
5,1092,35.9242,54.8398,98.6139,98.6139,0.668901
5,1093,35.9242,54.8398,110.439,98.6139,0.719528
5,1094,35.9242,54.8398,96.6167,96.6167,1
5,1095,35.9242,54.8398,109.414,109.414,0.700304
5,1096,35.9242,54.8398,115.853,115.853,0.835917
5,1097,35.9242,54.8398,96.2779,96.2779,1
5,1098,35.9242,54.8398,82.1958,82.1958,1
5,1099,35.9242,54.8398,104.492,82.1958,0.537601
5,1100,35.9242,54.8398,102.287,102.287,0.571634
5,1101,34.128,54.8398,110.462,102.287,0.786989
5,1102,34.128,54.8398,117.828,117.828,0.634211
5,1103,34.128,54.8398,96.6281,96.6281,1
5,1104,34.128,54.8398,120.188,120.188,0.501406
5,1105,34.128,54.8398,105.984,105.984,1
5,1106,34.128,54.8398,97.2886,97.2886,1
5,1107,34.128,54.8398,104.249,104.249,0.815509
5,1108,34.128,54.8398,84.0047,84.0047,1
5,1109,34.128,54.8398,94.6831,84.0047,0.731329
5,1110,34.128,54.8398,106.752,84.0047,0.51349
5,1111,34.128,54.8398,97.0269,97.0269,0.68279
5,1112,34.128,54.8398,99.1763,99.1763,0.93896
5,1113,34.128,54.8398,113.576,99.1763,0.655782
5,1114,34.128,54.8398,107.282,99.1763,0.788584
5,1115,34.128,54.8398,75.8637,75.8637,1
5,1116,34.128,54.8398,55.3491,55.3491,1
5,1117,34.128,54.8398,72.3919,72.3919,0.606908
5,1118,34.128,54.8398,60.3029,60.3029,1
5,1119,34.128,54.8398,81.9959,81.9959,0.529599
5,1120,34.128,54.8398,72.7014,72.7014,1
5,1121,34.128,54.8398,58.4107,58.4107,1
5,1122,34.128,54.8398,70.388,58.4107,0.704017
5,1123,34.128,54.8398,56.0644,56.0644,1
5,1124,34.128,54.8398,59.0606,59.0606,0.915951
5,1125,34.128,54.8398,64.8716,64.8716,0.843436
5,1126,34.128,54.8398,80.3453,64.8716,0.635464
5,1127,34.128,54.8398,59.8563,59.8563,1
5,1128,34.128,54.8398,57.3104,57.3104,1
5,1129,34.128,54.8398,66.1146,66.1146,0.772614
5,1130,34.128,54.8398,73.78,73.78,0.798829
5,1131,34.128,54.8398,57.3469,57.3469,1
5,1132,34.128,54.8398,67.4961,67.4961,0.742756
5,1133,34.128,54.8398,72.3822,72.3822,0.866609
5,1134,34.128,54.8398,85.5963,72.3822,0.678959
5,1135,34.128,54.8398,59.2792,59.2792,1
5,1136,34.128,54.8398,60.259,60.259,0.971699
5,1137,34.128,54.8398,65.8251,65.8251,0.849511
5,1138,34.128,54.8398,73.5574,73.5574,0.797265
5,1139,34.128,54.8398,56.2215,56.2215,1
5,1140,34.128,54.8398,66.2508,66.2508,0.74537
5,1141,34.128,54.8398,67.7553,67.7553,0.956873
5,1142,34.128,54.8398,88.6291,88.6291,0.542465
5,1143,34.128,54.8398,72.1463,72.1463,1
5,1144,34.128,54.8398,86.9272,86.9272,0.648493
5,1145,34.128,54.8398,69.1654,69.1654,1
5,1146,34.128,54.8398,86.2041,69.1654,0.60698
5,1147,34.128,54.8398,66.6401,66.6401,1
5,1148,34.128,54.8398,84.4064,66.6401,0.594176
5,1149,34.128,54.8398,58.5717,58.5717,1
5,1150,34.128,54.8398,72.0923,72.0923,0.67289
5,1151,34.128,54.8398,75.5141,75.5141,0.904598
5,1152,34.128,54.8398,60.8111,60.8111,1
5,1153,34.128,54.8398,56.4593,56.4593,1
5,1154,34.128,54.8398,61.8966,61.8966,0.852723
5,1155,34.128,54.8398,55.0333,55.0333,1
5,1156,34.128,54.8398,63.4366,63.4366,0.781742
5,1157,34.128,54.8398,69.2039,69.2039,0.844517
5,1158,34.128,54.8398,71.5917,71.5917,0.932427
5,1159,34.128,54.8398,73.5384,73.5384,0.944553
5,1160,34.128,54.8398,87.8058,73.5384,0.658325
5,1161,34.128,54.8398,82.0845,82.0845,0.77848
5,1162,34.128,54.8398,101.184,101.184,0.571408
5,1163,34.128,54.8398,116.993,101.184,0.629248
5,1164,34.128,54.8398,100.203,100.203,1
5,1165,34.128,54.8398,90.2475,90.2475,1
5,1166,34.128,54.8398,68.4956,68.4956,1
5,1167,34.128,54.8398,89.8489,68.4956,0.534897
5,1168,34.128,54.8398,84.7122,84.7122,0.621781
5,1169,34.128,54.8398,84.883,84.883,0.995007
5,1170,34.128,54.8398,90.509,90.509,0.848022
5,1171,34.128,54.8398,84.0603,84.0603,1
5,1172,34.128,54.8398,89.122,89.122,0.862159
5,1173,34.128,54.8398,84.8889,84.8889,1
5,1174,34.128,54.8398,99.3863,99.3863,0.653904
5,1175,34.128,54.8398,114.103,114.103,0.649711
5,1176,34.128,54.8398,119.737,119.737,0.847816
5,1177,34.128,54.8398,97.0747,97.0747,1
5,1178,34.128,54.8398,115.618,115.618,0.580809
5,1179,34.128,54.8398,139.533,115.618,0.496211
5,1180,34.128,54.8398,96.0775,96.0775,1
5,1181,34.128,54.8398,102.348,102.348,0.83216
5,1182,34.128,54.8398,120.006,120.006,0.596063
5,1183,34.128,54.8398,124.646,124.646,0.872868
5,1184,34.128,54.8398,140.209,124.646,0.633812
5,1185,34.128,54.8398,107.681,107.681,1
5,1186,34.128,54.8398,89.1451,89.1451,1
5,1187,34.128,54.8398,75.8578,75.8578,1
5,1188,34.128,54.8398,96.3973,75.8578,0.547805
5,1189,34.128,54.8398,80.5567,80.5567,0.871375
5,1190,34.128,54.8398,57.5441,57.5441,1
5,1191,34.128,54.8398,64.3284,64.3284,0.819723
5,1192,34.128,54.8398,74.5309,64.3284,0.741599
5,1193,34.128,54.8398,67.9643,64.3284,0.898942
5,1194,34.128,54.8398,67.7397,67.7397,0.904879
5,1195,34.128,54.8398,87.9849,67.7397,0.552547
5,1196,34.128,54.8398,91.0993,67.7397,0.504356
5,1197,34.128,54.8398,55.8918,55.8918,1
5,1198,34.128,54.8398,65.2954,65.2954,0.759164
5,1199,34.128,54.8398,88.7466,65.2954,0.503005
5,1200,34.128,54.8398,57.4655,57.4655,1
5,1201,32.4216,54.8398,80.1416,80.1416,0.496877
5,1202,32.4216,54.8398,89.1007,89.1007,0.758562
5,1203,32.4216,54.8398,90.4011,90.4011,0.960686
5,1204,32.4216,54.8398,109.36,90.4011,0.557239
5,1205,32.4216,54.8398,95.2861,95.2861,0.860131
5,1206,32.4216,54.8398,78.8717,78.8717,1
5,1207,32.4216,54.8398,86.1848,86.1848,0.798069
5,1208,32.4216,54.8398,92.97,92.97,0.811167
5,1209,32.4216,54.8398,84.0854,84.0854,1
5,1210,32.4216,54.8398,103.25,103.25,0.553708
5,1211,32.4216,54.8398,100.465,100.465,1
5,1212,32.4216,54.8398,123.427,100.465,0.492508
5,1213,32.4216,54.8398,79.056,79.056,1
5,1214,32.4216,54.8398,78.7834,78.7834,1
5,1215,32.4216,54.8398,68.1063,68.1063,1
5,1216,32.4216,54.8398,66.2354,66.2354,1
5,1217,32.4216,54.8398,89.3433,66.2354,0.490303
5,1218,32.4216,54.8398,72.0847,72.0847,0.834924
5,1219,32.4216,54.8398,58.6504,58.6504,1
5,1220,32.4216,54.8398,67.9834,67.9834,0.749865
5,1221,32.4216,54.8398,89.16,89.16,0.520396
5,1222,32.4216,54.8398,98.6506,98.6506,0.746229
5,1223,32.4216,54.8398,100.96,100.96,0.931243
5,1224,32.4216,54.8398,102.354,102.354,0.957913
5,1225,32.4216,54.8398,111.746,111.746,0.748509
5,1226,32.4216,54.8398,134.212,134.212,0.500107
5,1227,32.4216,54.8398,157.981,157.981,0.480399
5,1228,32.4216,54.8398,170.303,157.981,0.683839
5,1229,32.4216,54.8398,173.409,173.409,0.621356
5,1230,32.4216,54.8398,197.893,197.893,0.469935
5,1231,32.4216,54.8398,174.539,174.539,1
5,1232,32.4216,54.8398,194.912,194.912,0.533453
5,1233,32.4216,54.8398,170.784,170.784,1
5,1234,32.4216,54.8398,175.657,175.657,0.860455
5,1235,32.4216,54.8398,194.846,175.657,0.553284
5,1236,32.4216,54.8398,174.52,174.52,1
5,1237,32.4216,54.8398,177.647,177.647,0.908034
5,1238,32.4216,54.8398,191.106,177.647,0.660276
5,1239,32.4216,54.8398,159.778,159.778,1
5,1240,32.4216,54.8398,146.351,146.351,1
5,1241,32.4216,54.8398,150.392,150.392,0.882828
5,1242,32.4216,54.8398,155.91,155.91,0.843493
5,1243,32.4216,54.8398,147.179,147.179,1
5,1244,32.4216,54.8398,128.287,128.287,1
5,1245,32.4216,54.8398,143.324,143.324,0.628908
5,1246,32.4216,54.8398,157.526,143.324,0.645299
5,1247,32.4216,54.8398,148.396,148.396,0.855161
5,1248,32.4216,54.8398,124.621,124.621,1
5,1249,32.4216,54.8398,103.817,103.817,1
5,1250,32.4216,54.8398,95.3862,95.3862,1
5,1251,32.4216,54.8398,82.9357,82.9357,1
5,1252,32.4216,54.8398,75.228,75.228,1
5,1253,32.4216,54.8398,98.5039,75.228,0.487769
5,1254,32.4216,54.8398,76.9394,76.9394,0.948583
5,1255,32.4216,54.8398,83.0513,83.0513,0.828189
5,1256,32.4216,54.8398,98.2904,98.2904,0.624984
5,1257,32.4216,54.8398,91.6538,91.6538,1
5,1258,32.4216,54.8398,78.3316,78.3316,1
5,1259,32.4216,54.8398,67.7437,67.7437,1
5,1260,32.4216,54.8398,79.6496,79.6496,0.692657
5,1261,32.4216,54.8398,86.9503,79.6496,0.798372
5,1262,32.4216,54.8398,74.2889,74.2889,1
5,1263,32.4216,54.8398,85.2041,85.2041,0.714147
5,1264,32.4216,54.8398,94.2386,94.2386,0.7568
5,1265,32.4216,54.8398,115.515,115.515,0.518798
5,1266,32.4216,54.8398,103.583,103.583,1
5,1267,32.4216,54.8398,98.6426,98.6426,1
5,1268,32.4216,54.8398,98.9009,98.9009,0.992064
5,1269,32.4216,54.8398,85.2946,85.2946,1
5,1270,32.4216,54.8398,87.4159,87.4159,0.936668
5,1271,32.4216,54.8398,83.6739,83.6739,1
5,1272,32.4216,54.8398,103.237,83.6739,0.546954
5,1273,32.4216,54.8398,87.0754,83.6739,0.900399
5,1274,32.4216,54.8398,102.848,83.6739,0.553558
5,1275,32.4216,54.8398,81.8269,81.8269,1
5,1276,32.4216,54.8398,96.1409,96.1409,0.643075
5,1277,32.4216,54.8398,88.891,88.891,1
5,1278,32.4216,54.8398,74.9494,74.9494,1
5,1279,32.4216,54.8398,77.1985,77.1985,0.932982
5,1280,32.4216,54.8398,101.676,77.1985,0.470027
5,1281,32.4216,54.8398,77.156,77.156,1
5,1282,32.4216,54.8398,94.3617,94.3617,0.588202
5,1283,32.4216,54.8398,118.999,118.999,0.46771
5,1284,32.4216,54.8398,103.094,103.094,1
5,1285,32.4216,54.8398,116.522,116.522,0.6609
5,1286,32.4216,54.8398,97.0442,97.0442,1
5,1287,32.4216,54.8398,98.9588,98.9588,0.942655
5,1288,32.4216,54.8398,105.585,105.585,0.815152
5,1289,32.4216,54.8398,125.707,105.585,0.53761
5,1290,32.4216,54.8398,85.4121,85.4121,1
5,1291,32.4216,54.8398,68.7204,68.7204,1
5,1292,32.4216,54.8398,78.5852,78.5852,0.737665
5,1293,32.4216,54.8398,86.9751,86.9751,0.771996
5,1294,32.4216,54.8398,69.7527,69.7527,1
5,1295,32.4216,54.759,54.759,54.759,1
5,1296,32.4216,54.759,57.0075,57.0075,0.933
5,1297,32.4216,54.759,77.2635,77.2635,0.535384
5,1298,32.4216,54.759,78.7584,78.7584,0.95494
5,1299,32.4216,54.759,85.0563,85.0563,0.82345
5,1300,32.4216,54.759,63.3389,63.3389,1
5,1301,30.8005,54.759,59.6758,59.6758,1
5,1302,30.8005,54.759,65.2938,65.2938,0.83327
5,1303,30.8005,54.759,88.6041,65.2938,0.469158
5,1304,30.8005,54.759,80.6314,80.6314,0.607765
5,1305,30.8005,54.759,71.6912,71.6912,1
5,1306,30.8005,54.759,66.2163,66.2163,1
5,1307,30.8005,54.759,60.8455,60.8455,1
5,1308,30.8005,54.759,65.7637,65.7637,0.852417
5,1309,30.8005,54.759,74.1833,74.1833,0.760819
5,1310,30.8005,54.759,61.1754,61.1754,1
5,1311,30.8005,54.759,77.1157,61.1754,0.595989
5,1312,30.8005,54.759,62.963,62.963,0.943612
5,1313,30.8005,54.759,70.8927,62.963,0.773018
5,1314,30.8005,54.759,81.5654,81.5654,0.546641
5,1315,30.8005,54.759,89.8857,89.8857,0.763278
5,1316,30.8005,54.759,82.3054,82.3054,1
5,1317,30.8005,54.759,104.255,104.255,0.490355
5,1318,30.8005,54.759,93.4031,93.4031,1
5,1319,30.8005,54.759,103.364,93.4031,0.723681
5,1320,30.8005,54.759,84.2604,84.2604,1
5,1321,30.8005,54.759,71.6278,71.6278,1
5,1322,30.8005,54.759,86.8236,86.8236,0.610572
5,1323,30.8005,54.759,103.433,86.8236,0.583173
5,1324,30.8005,54.759,65.7325,65.7325,1
5,1325,30.8005,54.759,77.7324,65.7325,0.677329
5,1326,30.8005,54.759,72.6624,72.6624,0.798523
5,1327,30.8005,54.759,63.1604,63.1604,1
5,1328,30.8005,54.759,77.1273,63.1604,0.635422
5,1329,30.8005,54.759,70.5394,70.5394,0.786962
5,1330,30.8005,54.759,71.8412,71.8412,0.958617
5,1331,30.8005,54.759,88.8777,88.8777,0.57515
5,1332,30.8005,54.759,106.767,106.767,0.559441
5,1333,30.8005,54.759,89.4123,89.4123,1
5,1334,30.8005,54.759,67.6821,67.6821,1
5,1335,30.8005,54.759,65.2495,65.2495,1
5,1336,30.8005,54.759,88.21,65.2495,0.474517
5,1337,30.8005,54.759,78.0529,78.0529,0.659885
5,1338,30.8005,54.759,98.7565,98.7565,0.510593
5,1339,30.8005,54.759,101.099,101.099,0.926753
5,1340,30.8005,54.759,77.2636,77.2636,1
5,1341,30.8005,54.759,85.064,85.064,0.776269
5,1342,30.8005,54.759,63.0971,63.0971,1
5,1343,30.8005,54.759,81.5,81.5,0.550194
5,1344,30.8005,54.759,100.035,100.035,0.547831
5,1345,30.8005,54.759,82.4401,82.4401,1
5,1346,30.8005,54.759,67.2541,67.2541,1
5,1347,30.8005,54.759,73.5053,73.5053,0.816311
5,1348,30.8005,54.759,70.8966,70.8966,1
5,1349,30.8005,54.759,93.2127,93.2127,0.48455
5,1350,30.8005,54.759,91.4997,91.4997,1
5,1351,30.8005,54.759,75.7428,75.7428,1
5,1352,30.8005,54.759,60.2916,60.2916,1
5,1353,30.8005,54.759,62.8555,62.8555,0.920128
5,1354,30.8005,54.759,84.57,62.8555,0.494107
5,1355,30.8005,54.759,55.4298,55.4298,1
5,1356,30.8005,54.759,65.4026,55.4298,0.723402
5,1357,30.8005,54.759,78.3701,55.4298,0.474827
5,1358,30.8005,54.759,55.1211,55.1211,1
5,1359,30.8005,54.759,65.5851,55.1211,0.71196
5,1360,30.8005,54.759,73.4059,55.1211,0.552306
5,1361,30.8005,54.5081,54.5081,54.5081,1
5,1362,30.8005,54.5081,78.3222,54.5081,0.461547
5,1363,30.8005,54.5081,74.3197,74.3197,0.525595
5,1364,30.8005,54.5081,55.6504,55.6504,1
5,1365,30.8005,54.5081,54.8146,54.8146,1
5,1366,30.8005,54.5081,57.6191,57.6191,0.912969
5,1367,30.8005,54.5081,67.9068,67.9068,0.716044
5,1368,30.8005,54.5081,56.6604,56.6604,1
5,1369,30.8005,54.5081,76.3494,56.6604,0.527693
5,1370,30.8005,54.5081,75.9634,75.9634,0.534348
5,1371,30.8005,54.5081,97.5739,75.9634,0.495778
5,1372,30.8005,54.5081,70.3172,70.3172,1
5,1373,30.8005,54.5081,60.8398,60.8398,1
5,1374,30.8005,54.5081,73.0639,60.8398,0.672415
5,1375,30.8005,54.5081,58.9801,58.9801,1
5,1376,30.8005,54.5081,57.3773,57.3773,1
5,1377,30.8005,54.5081,78.232,57.3773,0.508095
5,1378,30.8005,54.5081,73.2231,73.2231,0.597822
5,1379,30.8005,54.5081,91.0036,73.2231,0.561424
5,1380,30.8005,54.5081,59.8238,59.8238,1
5,1381,30.8005,54.5081,64.2383,64.2383,0.866471
5,1382,30.8005,54.5081,58.4202,58.4202,1
5,1383,30.8005,54.5081,66.1853,66.1853,0.77716
5,1384,30.8005,54.5081,85.4867,66.1853,0.534375
5,1385,30.8005,54.5081,58.0752,58.0752,1
5,1386,30.8005,54.5081,78.7391,78.7391,0.51125
5,1387,30.8005,54.5081,69.4456,69.4456,1
5,1388,30.8005,54.5081,76.5416,76.5416,0.794226
5,1389,30.8005,54.5081,61.1068,61.1068,1
5,1390,30.8005,54.5081,79.7417,79.7417,0.546063
5,1391,30.8005,54.5081,100.059,100.059,0.517042
5,1392,30.8005,54.5081,102.602,102.602,0.920735
5,1393,30.8005,54.5081,99.5249,99.5249,1
5,1394,30.8005,54.5081,94.331,94.331,1
5,1395,30.8005,54.5081,108.747,94.331,0.626235
5,1396,30.8005,54.5081,77.9454,77.9454,1
5,1397,30.8005,54.5081,66.0567,66.0567,1
5,1398,30.8005,54.5081,77.2064,77.2064,0.696284
5,1399,30.8005,54.5081,77.9861,77.9861,0.975002
5,1400,30.8005,54.5081,78.5028,78.5028,0.983365
5,1401,29.2605,54.5081,70.0868,70.0868,1
5,1402,29.2605,54.5081,59.3714,59.3714,1
5,1403,29.2605,54.5081,81.9039,81.9039,0.462984
5,1404,29.2605,54.5081,69.8375,69.8375,1
5,1405,29.2605,54.5081,72.0235,72.0235,0.928014
5,1406,29.2605,54.5081,61.9313,61.9313,1
5,1407,29.2605,54.5081,66.6421,66.6421,0.851296
5,1408,29.2605,54.5081,66.0436,66.0436,1
5,1409,29.2605,54.5081,64.0411,64.0411,1
5,1410,29.2605,54.5081,65.0537,65.0537,0.965987
5,1411,29.2605,54.5081,75.7274,75.7274,0.694347
5,1412,29.2605,54.5081,68.3614,68.3614,1
5,1413,29.2605,54.5081,55.5392,55.5392,1
5,1414,29.2605,54.5081,77.9147,55.5392,0.465472
5,1415,29.2605,54.5081,65.9592,65.9592,0.700393
5,1416,29.2605,54.5081,61.6051,61.6051,1
5,1417,29.2605,54.5081,64.9023,64.9023,0.893434
5,1418,29.2605,54.5081,66.0801,66.0801,0.960547
5,1419,29.2605,54.5081,66.3142,66.3142,0.992032
5,1420,29.2605,54.5081,72.1254,72.1254,0.819876
5,1421,29.2605,54.4716,54.4716,54.4716,1
5,1422,29.2605,54.4716,76.7565,76.7565,0.466918
5,1423,29.2605,54.4716,76.899,76.899,0.995141
5,1424,29.2605,54.4716,95.864,76.899,0.523016
5,1425,29.2605,54.4716,71.0637,71.0637,1
5,1426,29.2605,54.4716,81.7561,81.7561,0.693905
5,1427,29.2605,54.4716,100.438,81.7561,0.528099
5,1428,29.2605,54.4716,64.3615,64.3615,1
5,1429,29.2605,54.4716,57.3141,57.3141,1
5,1430,29.2605,54.4716,68.5302,68.5302,0.681594
5,1431,29.2605,54.4716,60.8303,60.8303,1
5,1432,29.2605,54.4716,67.4538,67.4538,0.797429
5,1433,29.2605,54.4716,90.8631,90.8631,0.449315
5,1434,29.2605,54.4716,107.278,107.278,0.570634
5,1435,29.2605,54.4716,98.6987,98.6987,1
5,1436,29.2605,54.4716,78.4816,78.4816,1
5,1437,29.2605,54.4716,86.6907,86.6907,0.755367
5,1438,29.2605,54.4716,92.0945,92.0945,0.831371
5,1439,29.2605,54.4716,70.5494,70.5494,1
5,1440,29.2605,54.4716,56.4381,56.4381,1
5,1441,29.2605,54.4716,66.7954,66.7954,0.701896
5,1442,29.2605,54.4716,87.9138,66.7954,0.485907
5,1443,29.2605,54.4716,81.9019,66.7954,0.59674
5,1444,29.2605,54.4716,68.6454,68.6454,0.938732
5,1445,29.2605,54.4716,83.9988,68.6454,0.591725
5,1446,29.2605,54.4716,59.8969,59.8969,1
5,1447,29.2605,54.4716,55.5006,55.5006,1
5,1448,29.2605,54.4716,63.0896,63.0896,0.771545
5,1449,29.2605,54.4716,85.2024,63.0896,0.469671
5,1450,29.2605,54.4716,61.4844,61.4844,1
5,1451,29.2605,54.4716,79.4211,61.4844,0.541724
5,1452,29.2605,54.4716,80.9562,61.4844,0.514035
5,1453,29.2605,54.4716,69.0655,69.0655,0.771753
5,1454,29.2605,54.4716,79.1599,79.1599,0.708231
5,1455,29.2605,54.4716,71.2808,71.2808,1
5,1456,29.2605,54.4716,59.8027,59.8027,1
5,1457,29.2605,54.4716,69.8043,59.8027,0.710481
5,1458,29.2605,54.4716,69.8295,69.8295,0.709869
5,1459,29.2605,54.4716,65.8441,65.8441,1
5,1460,29.2605,54.4716,59.565,59.565,1
5,1461,29.2605,54.4716,82.9936,82.9936,0.449019
5,1462,29.2605,54.4716,99.0049,99.0049,0.578567
5,1463,29.2605,54.4716,95.9716,95.9716,1
5,1464,29.2605,54.4716,83.9429,83.9429,1
5,1465,29.2605,54.4716,71.7126,71.7126,1
5,1466,29.2605,54.4716,73.3867,73.3867,0.944393
5,1467,29.2605,54.4716,88.5333,88.5333,0.595921
5,1468,29.2605,54.4716,101.587,101.587,0.640111
5,1469,29.2605,54.4716,90.0549,90.0549,1
5,1470,29.2605,54.4716,82.5687,82.5687,1
5,1471,29.2605,54.4716,95.1418,95.1418,0.650709
5,1472,29.2605,54.4716,103.187,95.1418,0.759618
5,1473,29.2605,54.4716,75.3241,75.3241,1
5,1474,29.2605,54.4716,79.9876,79.9876,0.852674
5,1475,29.2605,54.4716,64.8447,64.8447,1
5,1476,29.2605,54.4716,83.2858,83.2858,0.532465
5,1477,29.2605,54.4716,101.535,101.535,0.535973
5,1478,29.2605,54.4716,105.145,105.145,0.883915
5,1479,29.2605,54.4716,82.9357,82.9357,1
5,1480,29.2605,54.4716,58.2839,58.2839,1
5,1481,29.2605,54.4716,75.8657,75.8657,0.548334
5,1482,29.2605,54.4716,74.1123,74.1123,1
5,1483,29.2605,54.4716,55.8287,55.8287,1
5,1484,29.2605,54.4716,69.9023,69.9023,0.61818
5,1485,29.2605,54.4716,81.404,81.404,0.674975
5,1486,29.2605,54.4716,102.556,81.404,0.485343
5,1487,29.2605,54.4716,82.0941,82.0941,0.976691
5,1488,29.2605,54.4716,88.3849,88.3849,0.806547
5,1489,29.2605,54.4716,83.4877,83.4877,1
5,1490,29.2605,54.4716,65.0995,65.0995,1
5,1491,29.2605,54.4716,71.586,71.586,0.80117
5,1492,29.2605,54.4716,85.1156,85.1156,0.62978
5,1493,29.2605,54.4716,102.013,85.1156,0.561318
5,1494,29.2605,54.4716,63.7666,63.7666,1
5,1495,29.2605,54.4716,79.8419,79.8419,0.577303
5,1496,29.2605,54.4716,78.4354,78.4354,1
5,1497,29.2605,54.4716,81.4579,81.4579,0.901859
5,1498,29.2605,54.4716,63.8646,63.8646,1
5,1499,29.2605,54.4716,65.2897,65.2897,0.952464
5,1500,29.2605,54.4716,88.1675,88.1675,0.457551
5,1501,27.7975,54.4716,80.92,80.92,1
5,1502,27.7975,54.4716,67.2732,67.2732,1
5,1503,27.7975,54.4716,68.4782,68.4782,0.957578
5,1504,27.7975,54.4716,82.7591,68.4782,0.598249
5,1505,27.7975,54.4716,62.2936,62.2936,1
5,1506,27.7975,54.4716,82.2709,62.2936,0.487399
5,1507,27.7975,54.4716,63.0014,63.0014,0.974862
5,1508,27.7975,54.4716,69.8603,63.0014,0.781338
5,1509,27.7975,54.4716,58.5736,58.5736,1
5,1510,27.7975,54.4716,69.5667,58.5736,0.673364
5,1511,27.7975,54.4716,74.4518,74.4518,0.564841
5,1512,27.7975,54.4716,58.543,58.543,1
5,1513,27.7975,54.4716,81.4079,58.543,0.439309
5,1514,27.7975,54.4716,76.4166,76.4166,0.525717
5,1515,27.7975,54.4716,55.1519,55.1519,1
5,1516,27.7975,54.4716,74.0892,55.1519,0.505979
5,1517,27.7975,54.4716,64.11,64.11,0.724509
5,1518,27.7975,54.4716,54.8762,54.8762,1
5,1519,27.7975,54.4716,65.6925,65.6925,0.67766
5,1520,27.7975,54.4716,60.096,60.096,1
5,1521,27.7975,54.4716,61.3138,61.3138,0.957136
5,1522,27.7975,54.4716,57.8128,57.8128,1
5,1523,27.7975,54.4716,60.1227,60.1227,0.92026
5,1524,27.7975,54.4716,60.8325,60.8325,0.974791
5,1525,27.7975,54.4716,59.6301,59.6301,1
5,1526,27.7975,54.4716,72.3095,72.3095,0.633728
5,1527,27.7975,54.4716,78.7719,78.7719,0.792563
5,1528,27.7975,54.4716,70.1827,70.1827,1
5,1529,27.7975,54.4716,69.319,69.319,1
5,1530,27.7975,54.4716,72.3707,72.3707,0.896028
5,1531,27.7975,54.4716,61.6455,61.6455,1
5,1532,27.7975,54.4716,72.772,72.772,0.670139
5,1533,27.7975,54.4716,71.9694,71.9694,1
5,1534,27.7975,54.4716,89.3044,89.3044,0.536001
5,1535,27.7975,54.4716,110.545,110.545,0.465743
5,1536,27.7975,54.4716,112.939,112.939,0.91749
5,1537,27.7975,54.4716,110.641,110.641,1
5,1538,27.7975,54.4716,87.2427,87.2427,1
5,1539,27.7975,54.4716,69.4761,69.4761,1
5,1540,27.7975,54.4716,80.1706,80.1706,0.680636
5,1541,27.7975,54.4716,87.9581,80.1706,0.755669
5,1542,27.7975,54.4716,92.4297,92.4297,0.643384
5,1543,27.7975,54.4716,101.355,101.355,0.725349
5,1544,27.7975,54.4716,92.6529,92.6529,1
5,1545,27.7975,54.4716,82.1016,82.1016,1
5,1546,27.7975,54.4716,80.0647,80.0647,1
5,1547,27.7975,54.4716,100.589,100.589,0.477903
5,1548,27.7975,54.4716,116.937,100.589,0.555373
5,1549,27.7975,54.4716,109.683,109.683,0.72098
5,1550,27.7975,54.4716,87.5275,87.5275,1
5,1551,27.7975,54.4716,68.5783,68.5783,1
5,1552,27.7975,54.4716,90.003,90.003,0.462669
5,1553,27.7975,54.4716,104.303,104.303,0.597834
5,1554,27.7975,54.4716,104.043,104.043,1
5,1555,27.7975,54.4716,117.453,104.043,0.617282
5,1556,27.7975,54.4716,124.793,124.793,0.47402
5,1557,27.7975,54.4716,119.772,119.772,1
5,1558,27.7975,54.4716,119.32,119.32,1
5,1559,27.7975,54.4716,131.979,131.979,0.634181
5,1560,27.7975,54.4716,135.279,135.279,0.888087
5,1561,27.7975,54.4716,158.738,135.279,0.430019
5,1562,27.7975,54.4716,115.994,115.994,1
5,1563,27.7975,54.4716,140.77,140.77,0.410124
5,1564,27.7975,54.4716,133.973,133.973,1
5,1565,27.7975,54.4716,111.804,111.804,1
5,1566,27.7975,54.4716,111.489,111.489,1
5,1567,27.7975,54.4716,108.333,108.333,1
5,1568,27.7975,54.4716,95.2916,95.2916,1
5,1569,27.7975,54.4716,101.286,101.286,0.806008
5,1570,27.7975,54.4716,114.364,114.364,0.62472
5,1571,27.7975,54.4716,123.51,123.51,0.719608
5,1572,27.7975,54.4716,147.825,147.825,0.416992
5,1573,27.7975,54.4716,132.229,132.229,1
5,1574,27.7975,54.4716,152.496,132.229,0.482352
5,1575,27.7975,54.4716,113.765,113.765,1
5,1576,27.7975,54.4716,102.41,102.41,1
5,1577,27.7975,54.4716,98.0261,98.0261,1
5,1578,27.7975,54.4716,121.729,121.729,0.426264
5,1579,27.7975,54.4716,113.759,113.759,1
5,1580,27.7975,54.4716,137.331,113.759,0.428283
5,1581,27.7975,54.4716,91.8617,91.8617,1
5,1582,27.7975,54.4716,74.4253,74.4253,1
5,1583,27.7975,54.4716,77.3598,77.3598,0.899812
5,1584,27.7975,54.4716,99.5442,77.3598,0.450197
5,1585,27.7975,54.4716,55.6293,55.6293,1
5,1586,27.7975,54.4716,60.4487,60.4487,0.84082
5,1587,27.7975,54.4716,77.0699,60.4487,0.549944
5,1588,27.7975,54.4716,56.695,56.695,1
5,1589,27.7975,54.4716,77.5981,56.695,0.471433
5,1590,27.7975,54.4716,77.5788,77.5788,0.471761
5,1591,27.7975,54.4716,98.8276,77.5788,0.465607
5,1592,27.7975,54.4716,90.4535,77.5788,0.629291
5,1593,27.7975,54.4716,61.0911,61.0911,1
5,1594,27.7975,54.4716,76.9374,76.9374,0.565489
5,1595,27.7975,54.4716,82.2285,82.2285,0.826676
5,1596,27.7975,54.4716,105.808,82.2285,0.428152
5,1597,27.7975,54.4716,92.7199,82.2285,0.685625
5,1598,27.7975,54.4716,98.9048,98.9048,0.548854
5,1599,27.7975,54.4716,102.082,98.9048,0.891978
5,1600,27.7975,54.4716,87.2408,87.2408,1
5,1601,26.4076,54.4716,87.4232,87.4232,0.993113
5,1602,26.4076,54.4716,109.223,87.4232,0.438008
5,1603,26.4076,54.4716,96.9651,96.9651,0.696748
5,1604,26.4076,54.4716,91.3518,91.3518,1
5,1605,26.4076,54.4716,84.5988,84.5988,1
5,1606,26.4076,54.4716,65.3013,65.3013,1
5,1607,26.4076,54.4716,74.796,65.3013,0.697995
5,1608,26.4076,54.4716,71.5782,71.5782,0.788444
5,1609,26.4076,54.4716,90.3049,90.3049,0.492067
5,1610,26.4076,54.4716,74.8285,74.8285,1
5,1611,26.4076,54.4716,63.8202,63.8202,1
5,1612,26.4076,54.4716,67.4344,67.4344,0.87209
5,1613,26.4076,54.4716,65.8632,65.8632,1
5,1614,26.4076,54.4716,62.4166,62.4166,1
5,1615,26.4076,54.4716,61.4057,61.4057,1
5,1616,26.4076,54.4716,84.2316,84.2316,0.421318
5,1617,26.4076,54.4716,60.4833,60.4833,1
5,1618,26.4076,54.4716,67.4365,60.4833,0.768511
5,1619,26.4076,54.4716,82.1131,60.4833,0.440839
5,1620,26.4076,54.4716,76.7546,76.7546,0.540016
5,1621,26.4076,54.4716,66.2471,66.2471,1
5,1622,26.4076,54.4716,78.3316,78.3316,0.632791
5,1623,26.4076,54.4716,59.7701,59.7701,1
5,1624,26.4076,54.4716,67.8873,67.8873,0.735371
5,1625,26.4076,54.4716,75.9325,75.9325,0.737377
5,1626,26.4076,54.4716,63.1087,63.1087,1
5,1627,26.4076,54.4716,75.2644,75.2644,0.63109
5,1628,26.4076,54.4716,91.269,91.269,0.545496
5,1629,26.4076,54.4716,87.1001,87.1001,1
5,1630,26.4076,54.4716,78.6144,78.6144,1
5,1631,26.4076,54.4716,87.2615,78.6144,0.72076
5,1632,26.4076,54.4716,73.181,73.181,1
5,1633,26.4076,54.4716,65.167,65.167,1
5,1634,26.4076,54.4716,56.4093,56.4093,1
5,1635,26.4076,54.4716,56.557,56.557,0.994419
5,1636,26.4076,54.4716,57.1781,57.1781,0.976754
5,1637,26.4076,54.4716,60.6137,60.6137,0.878011
5,1638,26.4076,54.4716,66.7092,66.7092,0.793879
5,1639,26.4076,54.4716,65.2722,65.2722,1
5,1640,26.4076,54.4716,56.0528,56.0528,1
5,1641,26.4076,54.4716,68.5018,68.5018,0.624117
5,1642,26.4076,54.4716,81.5941,68.5018,0.609096
5,1643,26.4076,54.4716,84.0873,84.0873,0.554221
5,1644,26.4076,54.4716,72.1484,72.1484,1
5,1645,26.4076,54.4716,68.2002,68.2002,1
5,1646,26.4076,54.4716,78.7927,68.2002,0.669574
5,1647,26.4076,54.4716,78.9043,78.9043,0.66675
5,1648,26.4076,54.4716,88.8989,88.8989,0.684904
5,1649,26.4076,54.4716,109.499,109.499,0.458364
5,1650,26.4076,54.4716,101.298,101.298,1
5,1651,26.4076,54.4716,110.819,110.819,0.697296
5,1652,26.4076,54.4716,96.9324,96.9324,1
5,1653,26.4076,54.4716,77.5826,77.5826,1
5,1654,26.4076,54.4716,57.4195,57.4195,1
5,1655,26.4076,54.4716,77.8014,57.4195,0.462171
5,1656,26.4076,54.4716,79.3867,57.4195,0.435244
5,1657,26.4076,54.4716,55.7713,55.7713,1
5,1658,26.4076,54.4716,57.2434,57.2434,0.945781
5,1659,26.4076,54.4716,71.4574,71.4574,0.583768
5,1660,26.4076,54.4716,68.6591,68.6591,1
5,1661,26.4076,54.4716,88.9756,88.9756,0.463317
5,1662,26.4076,54.4716,85.6526,85.6526,1
5,1663,26.4076,54.4716,104.278,104.278,0.493966
5,1664,26.4076,54.4716,124.145,104.278,0.471258
5,1665,26.4076,54.4716,108.222,108.222,0.861259
5,1666,26.4076,54.4716,129.533,108.222,0.446196
5,1667,26.4076,54.4716,99.6078,99.6078,1
5,1668,26.4076,54.4716,110.626,110.626,0.65887
5,1669,26.4076,54.4716,87.5313,87.5313,1
5,1670,26.4076,54.4716,68.5819,68.5819,1
5,1671,26.4076,54.4716,57.4675,57.4675,1
5,1672,26.4076,54.4716,80.4469,80.4469,0.418875
5,1673,26.4076,54.4716,97.4947,97.4947,0.524367
5,1674,26.4076,54.4716,102.938,102.938,0.813745
5,1675,26.4076,54.4716,100.579,100.579,1
5,1676,26.4076,54.4716,122.719,100.579,0.432405
5,1677,26.4076,54.4716,114.114,114.114,0.598966
5,1678,26.4076,54.4716,138.316,138.316,0.399929
5,1679,26.4076,54.4716,123.269,123.269,1
5,1680,26.4076,54.4716,135.936,135.936,0.618976
5,1681,26.4076,54.4716,114.275,114.275,1
5,1682,26.4076,54.4716,137.267,137.267,0.418683
5,1683,26.4076,54.4716,127.913,127.913,1
5,1684,26.4076,54.4716,124.064,124.064,1
5,1685,26.4076,54.4716,122.358,122.358,1
5,1686,26.4076,54.4716,124.308,124.308,0.928817
5,1687,26.4076,54.4716,141.715,124.308,0.517277
5,1688,26.4076,54.4716,110.935,110.935,1
5,1689,26.4076,54.4716,133.724,110.935,0.421916
5,1690,26.4076,54.4716,89.2527,89.2527,1
5,1691,26.4076,54.4716,97.2867,97.2867,0.73769
5,1692,26.4076,54.4716,84.3139,84.3139,1
5,1693,26.4076,54.4716,90.488,90.488,0.791521
5,1694,26.4076,54.4716,77.2214,77.2214,1
5,1695,26.4076,54.4716,61.1429,61.1429,1
5,1696,26.4076,54.4716,82.0421,61.1429,0.453205
5,1697,26.4076,54.4716,73.3173,61.1429,0.630639
5,1698,26.4076,54.4716,84.6913,84.6913,0.409946
5,1699,26.4076,54.4716,77.7786,77.7786,1
5,1700,26.4076,54.4716,60.2091,60.2091,1
5,1701,25.0872,54.4716,76.5226,60.2091,0.521905
5,1702,25.0872,54.4716,72.5225,60.2091,0.612122
5,1703,25.0872,54.4716,54.6383,54.6383,1
5,1704,25.0872,54.4716,78.893,54.6383,0.380292
5,1705,25.0872,54.4716,62.4701,62.4701,0.731847
5,1706,25.0872,54.4716,64.8638,64.8638,0.908996
5,1707,25.0872,54.4716,77.4828,64.8638,0.604711
5,1708,25.0872,54.4716,83.2532,83.2532,0.480457
5,1709,25.0872,54.4716,82.4725,82.4725,1
5,1710,25.0872,54.4716,71.6548,71.6548,1
5,1711,25.0872,54.4716,58.6943,58.6943,1
5,1712,25.0872,54.4716,58.5564,58.5564,1
5,1713,25.0872,54.4716,75.5142,58.5564,0.508672
5,1714,25.0872,54.4716,58.1367,58.1367,1
5,1715,25.0872,54.4716,72.0772,72.0772,0.57368
5,1716,25.0872,54.4716,79.9437,72.0772,0.730835
5,1717,25.0872,54.4716,57.1376,57.1376,1
5,1718,25.0872,54.4716,58.911,58.911,0.931752
5,1719,25.0872,54.4716,61.8735,61.8735,0.888617
5,1720,25.0872,54.4716,61.6685,61.6685,1
5,1721,25.0872,54.4716,67.1008,61.6685,0.805302
5,1722,25.0872,54.4716,72.0138,72.0138,0.662076
5,1723,25.0872,54.4716,85.6695,72.0138,0.580231
5,1724,25.0872,54.4716,68.1945,68.1945,1
5,1725,25.0872,54.4716,92.5625,68.1945,0.37858
5,1726,25.0872,54.4716,60.7615,60.7615,1
5,1727,25.0872,54.4716,73.4478,60.7615,0.60309
5,1728,25.0872,54.4716,81.2386,81.2386,0.442091
5,1729,25.0872,54.4716,78.3646,78.3646,1
5,1730,25.0872,54.4716,76.0343,76.0343,1
5,1731,25.0872,54.4716,75.3548,75.3548,1
5,1732,25.0872,54.4716,81.2906,81.2906,0.7893
5,1733,25.0872,54.4716,101.664,101.664,0.443921
5,1734,25.0872,54.4716,102.93,101.664,0.950789
5,1735,25.0872,54.4716,82.7842,82.7842,1
5,1736,25.0872,54.4716,104.743,82.7842,0.416746
5,1737,25.0872,54.4716,66.0186,66.0186,1
5,1738,25.0872,54.4716,60.0288,60.0288,1
5,1739,25.0872,54.4716,69.7758,60.0288,0.678056
5,1740,25.0872,54.4716,67.3159,67.3159,0.747911
5,1741,25.0872,54.4716,89.7393,89.7393,0.40909
5,1742,25.0872,54.4716,98.9971,98.9971,0.69141
5,1743,25.0872,54.4716,123.586,98.9971,0.375259
5,1744,25.0872,54.4716,110.636,98.9971,0.628815
5,1745,25.0872,54.4716,85.6772,85.6772,1
5,1746,25.0872,54.4716,75.082,75.082,1
5,1747,25.0872,54.4716,75.3087,75.3087,0.991006
5,1748,25.0872,54.4716,54.7994,54.7994,1
5,1749,25.0872,54.4716,61.9505,61.9505,0.751977
5,1750,25.0872,54.4716,69.0846,69.0846,0.752487
5,1751,25.0872,54.4716,88.1406,69.0846,0.467857
5,1752,25.0872,54.4716,78.0148,78.0148,0.700496
5,1753,25.0872,54.4716,93.2914,78.0148,0.543928
5,1754,25.0872,54.4716,62.0732,62.0732,1
5,1755,25.0872,54.4716,71.3054,62.0732,0.692113
5,1756,25.0872,54.4716,60.3488,60.3488,1
5,1757,25.0872,54.4716,62.3569,62.3569,0.923077
5,1758,25.0872,54.4716,56.5915,56.5915,1
5,1759,25.0872,54.4716,74.7555,56.5915,0.484792
5,1760,25.0872,54.4716,78.6642,78.6642,0.41485
5,1761,25.0872,54.4716,58.6656,58.6656,1
5,1762,25.0872,54.4716,67.4154,58.6656,0.705553
5,1763,25.0872,54.4716,62.7076,62.7076,0.851191
5,1764,25.0872,54.4716,85.6832,62.7076,0.400185
5,1765,25.0872,54.4716,70.9617,70.9617,0.719631
5,1766,25.0872,54.4716,94.5987,70.9617,0.389772
5,1767,25.0872,54.4716,65.8289,65.8289,1
5,1768,25.0872,54.4716,58.7405,58.7405,1
5,1769,25.0872,54.4716,56.7048,56.7048,1
5,1770,25.0872,54.4716,59.2622,59.2622,0.903085
5,1771,25.0872,54.4716,55.1233,55.1233,1
5,1772,25.0872,54.4716,72.137,72.137,0.507539
5,1773,25.0872,54.4716,54.9335,54.9335,1
5,1774,25.0872,54.4716,73.6594,73.6594,0.474055
5,1775,25.0872,54.4716,65.8306,65.8306,1
5,1776,25.0872,54.4716,56.9249,56.9249,1
5,1777,25.0872,54.4716,74.8669,56.9249,0.489101
5,1778,25.0872,54.4716,72.8719,72.8719,0.529585
5,1779,25.0872,54.4716,69.2885,69.2885,1
5,1780,25.0872,54.4716,77.8457,77.8457,0.710989
5,1781,25.0872,54.4716,57.0957,57.0957,1
5,1782,25.0872,54.4716,75.8309,75.8309,0.473879
5,1783,25.0872,54.4716,99.9582,99.9582,0.382229
5,1784,25.0872,54.4716,90.1551,90.1551,1
5,1785,25.0872,54.4716,87.2291,87.2291,1
5,1786,25.0872,54.4716,83.5993,83.5993,1
5,1787,25.0872,54.4716,62.3376,62.3376,1
5,1788,25.0872,54.4716,59.2927,59.2927,1
5,1789,25.0872,54.4716,64.2174,64.2174,0.821764
5,1790,25.0872,54.4716,77.7441,77.7441,0.583221
5,1791,25.0872,54.4716,87.3872,87.3872,0.680872
5,1792,25.0872,54.4716,84.966,84.966,1
5,1793,25.0872,54.4716,96.7109,84.966,0.62615
5,1794,25.0872,54.4716,101.841,84.966,0.510351
5,1795,25.0872,54.4716,63.3406,63.3406,1
5,1796,25.0872,54.4716,63.6592,63.6592,0.987382
5,1797,25.0872,54.4716,60.9782,60.9782,1
5,1798,25.0872,54.4716,72.6898,72.6898,0.626982
5,1799,25.0872,54.4716,61.9982,61.9982,1
5,1800,25.0872,54.4716,78.4972,61.9982,0.518058
5,1801,23.8329,54.4716,75.5639,61.9982,0.565976
5,1802,23.8329,54.4716,66.9432,66.9432,0.812622
5,1803,23.8329,54.4716,68.2844,68.2844,0.945278
5,1804,23.8329,54.4716,59.7299,59.7299,1
5,1805,23.8329,54.4716,59.285,59.285,1
5,1806,23.8329,54.4716,57.0517,57.0517,1
5,1807,23.8329,54.4716,66.7382,66.7382,0.666019
5,1808,23.8329,54.4716,74.8688,74.8688,0.710953
5,1809,23.8329,54.4716,55.1041,55.1041,1
5,1810,23.8329,54.4716,55.0197,55.0197,1
5,1811,23.8329,54.4716,76.2403,76.2403,0.410495
5,1812,23.8329,54.4716,97.4659,97.4659,0.41041
5,1813,23.8329,54.4716,84.6816,84.6816,1
5,1814,23.8329,54.4716,94.5085,84.6816,0.66211
5,1815,23.8329,54.4716,87.4255,87.4255,0.891251
5,1816,23.8329,54.4716,92.5949,92.5949,0.805009
5,1817,23.8329,54.4716,70.2133,70.2133,1
5,1818,23.8329,54.4716,87.7021,70.2133,0.480076
5,1819,23.8329,54.4716,75.1686,75.1686,0.812273
5,1820,23.8329,54.4716,60.0135,60.0135,1
5,1821,23.8329,54.4716,75.1548,75.1548,0.529772
5,1822,23.8329,54.4716,62.7729,62.7729,1
5,1823,23.8329,54.4716,61.6358,61.6358,1
5,1824,23.8329,54.4716,81.0389,81.0389,0.443025
5,1825,23.8329,54.4716,57.3408,57.3408,1
5,1826,23.8329,54.4716,81.8886,57.3408,0.357008
5,1827,23.8329,54.4716,77.4097,57.3408,0.430819
5,1828,23.8329,54.4716,70.9812,70.9812,0.564206
5,1829,23.8329,54.4716,93.1014,93.1014,0.395289
5,1830,23.8329,54.4716,90.7187,90.7187,1
5,1831,23.8329,54.4716,102.753,102.753,0.603538
5,1832,23.8329,54.4716,100.911,100.911,1
5,1833,23.8329,54.4716,90.811,90.811,1
5,1834,23.8329,54.4716,88.7446,88.7446,1
5,1835,23.8329,54.4716,105.288,105.288,0.499499
5,1836,23.8329,54.4716,108.691,108.691,0.866956
5,1837,23.8329,54.4716,132.303,108.691,0.3713
5,1838,23.8329,54.4716,127.958,127.958,0.445551
5,1839,23.8329,54.4716,128.233,128.233,0.988542
5,1840,23.8329,54.4716,141.319,128.233,0.577479
5,1841,23.8329,54.4716,104.243,104.243,1
5,1842,23.8329,54.4716,84.5006,84.5006,1
5,1843,23.8329,54.4716,108.178,108.178,0.370291
5,1844,23.8329,54.4716,87.2773,87.2773,1
5,1845,23.8329,54.4716,70.578,70.578,1
5,1846,23.8329,54.4716,91.7983,70.578,0.4105
5,1847,23.8329,54.4716,67.0739,67.0739,1
5,1848,23.8329,54.4716,70.338,70.338,0.872009
5,1849,23.8329,54.4716,94.0808,70.338,0.369272
5,1850,23.8329,54.4716,89.1927,70.338,0.453336
5,1851,23.8329,54.4716,83.6164,83.6164,0.572841
5,1852,23.8329,54.4716,62.7595,62.7595,1
5,1853,23.8329,54.4716,80.7835,80.7835,0.469415
5,1854,23.8329,54.4716,56.2598,56.2598,1
5,1855,23.8329,54.4716,58.8652,56.2598,0.896445
5,1856,23.8329,54.4716,62.1135,62.1135,0.782224
5,1857,23.8329,54.4716,65.8708,62.1135,0.854146
5,1858,23.8329,54.4716,64.5991,62.1135,0.900962
5,1859,23.8329,54.4716,67.874,67.874,0.785289
5,1860,23.8329,54.4716,82.1287,82.1287,0.549849
5,1861,23.8329,54.4716,89.8011,89.8011,0.724753
5,1862,23.8329,54.4716,105.734,89.8011,0.512465
5,1863,23.8329,54.4716,87.9795,87.9795,1
5,1864,23.8329,54.4716,68.1388,68.1388,1
5,1865,23.8329,54.4716,88.0217,68.1388,0.434194
5,1866,23.8329,54.4716,84.1278,68.1388,0.511259
5,1867,23.8329,54.4716,80.1398,80.1398,0.604382
5,1868,23.8329,54.4716,74.2315,74.2315,1
5,1869,23.8329,54.4716,60.5852,60.5852,1
5,1870,23.8329,54.4716,68.4995,68.4995,0.717433
5,1871,23.8329,54.4716,69.8987,69.8987,0.942981
5,1872,23.8329,54.4716,58.6506,58.6506,1
5,1873,23.8329,54.4716,75.9866,58.6506,0.483163
5,1874,23.8329,54.4716,76.217,76.217,0.478516
5,1875,23.8329,54.4716,61.5726,61.5726,1
5,1876,23.8329,54.4716,60.2821,60.2821,1
5,1877,23.8329,54.4716,70.0157,60.2821,0.664706
5,1878,23.8329,54.4716,62.0518,62.0518,0.928435
5,1879,23.8329,54.4716,76.4838,76.4838,0.545774
5,1880,23.8329,54.4716,79.6634,79.6634,0.875105
5,1881,23.8329,54.4716,79.2543,79.2543,1
5,1882,23.8329,54.4716,65.537,65.537,1
5,1883,23.8329,54.4716,67.2044,67.2044,0.932427
5,1884,23.8329,54.4716,69.8585,69.8585,0.894616
5,1885,23.8329,54.4716,62.5852,62.5852,1
5,1886,23.8329,54.4716,66.4025,66.4025,0.852
5,1887,23.8329,54.4716,73.3001,73.3001,0.7487
5,1888,23.8329,54.4716,80.1879,80.1879,0.749011
5,1889,23.8329,54.4716,58.2228,58.2228,1
5,1890,23.8329,54.4716,74.1564,74.1564,0.512447
5,1891,23.8329,54.4716,57.9162,57.9162,1
5,1892,23.8329,54.4716,71.4286,71.4286,0.567244
5,1893,23.8329,54.4716,55.52,55.52,1
5,1894,23.8329,54.4716,55.5353,55.5353,0.999361
5,1895,23.8329,54.4716,55.658,55.658,0.994864
5,1896,23.8329,54.4716,56.1373,56.1373,0.98009
5,1897,23.8329,54.4716,80.4547,80.4547,0.360475
5,1898,23.8329,54.4716,75.5758,75.5758,1
5,1899,23.8329,54.4716,81.8098,81.8098,0.769842
5,1900,23.8329,54.4716,77.2693,77.2693,1
5,1901,22.6412,54.4716,75.5927,75.5927,1
5,1902,22.6412,54.4716,87.985,75.5927,0.57849
5,1903,22.6412,54.4716,64.2249,64.2249,1
5,1904,22.6412,54.4716,69.0482,69.0482,0.808132
5,1905,22.6412,54.4716,83.7661,83.7661,0.522018
5,1906,22.6412,54.4716,97.2829,97.2829,0.550461
5,1907,22.6412,54.4716,115.795,97.2829,0.441468
5,1908,22.6412,54.4716,115.023,115.023,0.4568
5,1909,22.6412,54.4716,129.13,129.13,0.536295
5,1910,22.6412,54.4716,152.679,129.13,0.353417
5,1911,22.6412,54.4716,112.147,112.147,1
5,1912,22.6412,54.4716,127.424,127.424,0.50929
5,1913,22.6412,54.4716,150.138,150.138,0.366705
5,1914,22.6412,54.4716,152.121,152.121,0.916141
5,1915,22.6412,54.4716,156.629,156.629,0.819449
5,1916,22.6412,54.4716,144.887,144.887,1
5,1917,22.6412,54.4716,167.382,144.887,0.370263
5,1918,22.6412,54.4716,156.485,156.485,0.599157
5,1919,22.6412,54.4716,163.658,163.658,0.728479
5,1920,22.6412,54.4716,145.873,145.873,1
5,1921,22.6412,54.4716,145.884,145.884,0.999496
5,1922,22.6412,54.4716,122.925,122.925,1
5,1923,22.6412,54.4716,132.142,122.925,0.665576
5,1924,22.6412,54.4716,123.404,123.404,0.979057
5,1925,22.6412,54.4716,115.631,115.631,1
5,1926,22.6412,54.4716,119.857,119.857,0.829741
5,1927,22.6412,54.4716,115.262,115.262,1
5,1928,22.6412,54.4716,110.995,110.995,1
5,1929,22.6412,54.4716,96.7339,96.7339,1
5,1930,22.6412,54.4716,104.586,96.7339,0.706935
5,1931,22.6412,54.4716,104.031,96.7339,0.724482
5,1932,22.6412,54.4716,89.7678,89.7678,1
5,1933,22.6412,54.4716,79.5191,79.5191,1
5,1934,22.6412,54.4716,71.0733,71.0733,1
5,1935,22.6412,54.4716,60.4353,60.4353,1
5,1936,22.6412,54.4716,74.3082,60.4353,0.541872
5,1937,22.6412,54.4716,64.11,64.11,0.850185
5,1938,22.6412,54.4716,69.5261,69.5261,0.787248
5,1939,22.6412,54.4716,73.6319,69.5261,0.834147
5,1940,22.6412,54.4716,88.1852,69.5261,0.438619
5,1941,22.6412,54.4716,56.8273,56.8273,1
5,1942,22.6412,54.4716,56.5033,56.5033,1
5,1943,22.6412,54.4716,79.2502,56.5033,0.366166
5,1944,22.6412,54.4716,57.9044,57.9044,0.939991
5,1945,22.6412,54.4716,69.7335,69.7335,0.593062
5,1946,22.6412,54.4716,60.8629,60.8629,1
5,1947,22.6412,54.4716,70.9272,70.9272,0.641138
5,1948,22.6412,54.4716,72.8719,72.8719,0.917692
5,1949,22.6412,54.4716,82.8454,82.8454,0.643714
5,1950,22.6412,54.4716,72.8489,72.8489,1
5,1951,22.6412,54.4716,92.0504,92.0504,0.428238
5,1952,22.6412,54.4716,73.4748,73.4748,1
5,1953,22.6412,54.4716,58.8345,58.8345,1
5,1954,22.6412,54.4716,63.2583,63.2583,0.822517
5,1955,22.6412,54.4716,74.9972,63.2583,0.595427
5,1956,22.6412,54.4716,86.3155,86.3155,0.361182
5,1957,22.6412,54.4716,70.008,70.008,1
5,1958,22.6412,54.4716,61.9887,61.9887,1
5,1959,22.6412,54.4716,54.4811,54.4811,1
5,1960,22.6412,54.4716,67.1566,54.4811,0.571299
5,1961,22.6412,54.4716,78.3835,54.4811,0.347947
5,1962,22.6412,54.4716,58.0483,58.0483,0.854233
5,1963,22.6412,54.4716,62.4069,62.4069,0.824886
5,1964,22.6412,54.4716,64.8292,64.8292,0.898539
5,1965,22.6412,54.4716,56.513,56.513,1
5,1966,22.6412,54.4716,62.9745,56.513,0.751723
5,1967,22.6412,54.4716,74.9321,74.9321,0.443294
5,1968,22.6412,54.4716,67.2731,67.2731,1
5,1969,22.6412,54.4716,73.1848,73.1848,0.770202
5,1970,22.6412,54.4716,84.8811,84.8811,0.596548
5,1971,22.6412,54.4716,91.0476,84.8811,0.761584
5,1972,22.6412,54.4716,75.1647,75.1647,1
5,1973,22.6412,54.4716,99.5037,75.1647,0.341302
5,1974,22.6412,54.4716,75.5967,75.5967,0.981101
5,1975,22.6412,54.4716,97.6141,75.5967,0.378156
5,1976,22.6412,54.4716,97.229,97.229,0.384643
5,1977,22.6412,54.4716,121.775,121.775,0.338198
5,1978,22.6412,54.4716,122.51,122.51,0.968049
5,1979,22.6412,54.4716,104.98,104.98,1
5,1980,22.6412,54.4716,114.379,104.98,0.66025
5,1981,22.6412,54.4716,87.2927,87.2927,1
5,1982,22.6412,54.4716,78.8526,78.8526,1
5,1983,22.6412,54.4716,77.4311,77.4311,1
5,1984,22.6412,54.4716,71.3667,71.3667,1
5,1985,22.6412,54.4716,66.7113,66.7113,1
5,1986,22.6412,54.4716,55.7827,55.7827,1
5,1987,22.6412,54.4716,57.6574,57.6574,0.920536
5,1988,22.6412,54.4716,67.003,57.6574,0.661813
5,1989,22.6412,54.4716,55.0411,55.0411,1
5,1990,22.6412,54.4716,68.6705,55.0411,0.547728
5,1991,22.6412,54.4716,67.5173,67.5173,0.576349
5,1992,22.6412,54.4716,61.7645,61.7645,1
5,1993,22.6412,54.4716,77.7937,77.7937,0.492645
5,1994,22.6412,54.4716,55.959,55.959,1
5,1995,22.6412,54.4716,71.705,71.705,0.498846
5,1996,22.6412,54.4716,71.8603,71.8603,0.993166
5,1997,22.6412,54.4716,62.6234,62.6234,1
5,1998,22.6412,54.4716,78.0861,78.0861,0.505129
5,1999,22.6412,54.4716,96.3817,96.3817,0.445718
5,2000,22.6412,54.4716,80.3374,80.3374,1
5,2001,21.5092,54.4716,68.6991,68.6991,1
5,2002,21.5092,54.4716,56.0911,56.0911,1
5,2003,21.5092,54.4716,59.774,56.0911,0.842631
5,2004,21.5092,54.4716,80.1456,56.0911,0.326822
5,2005,21.5092,54.4716,58.8211,56.0911,0.880801
5,2006,21.5092,54.4716,64.2862,64.2862,0.683174
5,2007,21.5092,54.4716,70.747,64.2862,0.74054
5,2008,21.5092,54.4716,65.7003,65.7003,0.93637
5,2009,21.5092,54.4716,89.8737,65.7003,0.325021
5,2010,21.5092,54.4716,60.2745,60.2745,1
5,2011,21.5092,54.4716,54.5981,54.5981,1
5,2012,21.5092,54.4716,72.4843,54.5981,0.435368
5,2013,21.5092,54.4716,69.578,69.578,0.498353
5,2014,21.5092,54.4716,85.0641,69.578,0.486764
5,2015,21.5092,54.4716,64.8753,64.8753,1
5,2016,21.5092,54.4716,75.2319,75.2319,0.617857
5,2017,21.5092,54.4716,96.8383,75.2319,0.36622
5,2018,21.5092,54.4716,97.5256,75.2319,0.354703
5,2019,21.5092,54.4716,70.3724,70.3724,1
5,2020,21.5092,54.4716,69.7508,69.7508,1
5,2021,21.5092,54.4716,89.5027,69.7508,0.399196
5,2022,21.5092,54.4716,72.1462,72.1462,0.894608
5,2023,21.5092,54.4716,91.0574,72.1462,0.415109
5,2024,21.5092,54.4716,79.0367,79.0367,0.725895
5,2025,21.5092,54.4716,57.2336,57.2336,1
5,2026,21.5092,54.4716,80.5604,80.5604,0.338069
5,2027,21.5092,54.4716,93.7227,80.5604,0.542298
5,2028,21.5092,54.4716,67.1007,67.1007,1
5,2029,21.5092,54.4716,81.1984,81.1984,0.51922
5,2030,21.5092,54.4716,87.7254,81.1984,0.738263
5,2031,21.5092,54.4716,102.227,81.1984,0.376199
5,2032,21.5092,54.4716,62.7788,62.7788,1
5,2033,21.5092,54.4716,73.1483,73.1483,0.617487
5,2034,21.5092,54.4716,91.7269,91.7269,0.421578
5,2035,21.5092,54.4716,80.8969,80.8969,1
5,2036,21.5092,54.4716,86.9793,80.8969,0.753681
5,2037,21.5092,54.4716,97.0708,97.0708,0.471443
5,2038,21.5092,54.4716,103.557,103.557,0.739673
5,2039,21.5092,54.4716,104.685,104.685,0.948914
5,2040,21.5092,54.4716,116.104,116.104,0.588069
5,2041,21.5092,54.4716,117.378,117.378,0.942508
5,2042,21.5092,54.4716,113.572,113.572,1
5,2043,21.5092,54.4716,137.852,137.852,0.323406
5,2044,21.5092,54.4716,149.735,149.735,0.575547
5,2045,21.5092,54.4716,125.058,125.058,1
5,2046,21.5092,54.4716,124.292,124.292,1
5,2047,21.5092,54.4716,133.485,133.485,0.652196
5,2048,21.5092,54.4716,127.101,127.101,1
5,2049,21.5092,54.4716,126.069,126.069,1
5,2050,21.5092,54.4716,138.551,138.551,0.559707
5,2051,21.5092,54.4716,136.082,136.082,1
5,2052,21.5092,54.4716,132.223,132.223,1
5,2053,21.5092,54.4716,130.615,130.615,1
5,2054,21.5092,54.4716,107.554,107.554,1
5,2055,21.5092,54.4716,120.849,120.849,0.538969
5,2056,21.5092,54.4716,108.889,108.889,1
5,2057,21.5092,54.4716,92.691,92.691,1
5,2058,21.5092,54.4716,116.889,92.691,0.324658
5,2059,21.5092,54.4716,115.328,92.691,0.349094
5,2060,21.5092,54.4716,104.689,92.691,0.572475
5,2061,21.5092,54.4716,107.182,107.182,0.509812
5,2062,21.5092,54.4716,95.0571,95.0571,1
5,2063,21.5092,54.4716,78.5641,78.5641,1
5,2064,21.5092,54.4716,83.568,83.568,0.792437
5,2065,21.5092,54.4716,86.9792,83.568,0.853345
5,2066,21.5092,54.4716,105.467,105.467,0.361265
5,2067,21.5092,54.4716,128.588,128.588,0.34133
5,2068,21.5092,54.4716,146.545,128.588,0.433931
5,2069,21.5092,54.4716,105.143,105.143,1
5,2070,21.5092,54.4716,100.714,100.714,1
5,2071,21.5092,54.4716,101.305,101.305,0.972878
5,2072,21.5092,54.4716,85.7908,85.7908,1
5,2073,21.5092,54.4716,76.3322,76.3322,1
5,2074,21.5092,54.4716,93.457,93.457,0.451057
5,2075,21.5092,54.4716,107.799,93.457,0.513356
5,2076,21.5092,54.4716,108.949,108.949,0.486627
5,2077,21.5092,54.4716,126.99,126.99,0.43225
5,2078,21.5092,54.4716,151.089,126.99,0.326148
5,2079,21.5092,54.4716,127.156,127.156,0.992295
5,2080,21.5092,54.4716,110.805,110.805,1
5,2081,21.5092,54.4716,126.51,126.51,0.481848
5,2082,21.5092,54.4716,113.213,113.213,1
5,2083,21.5092,54.4716,96.9208,96.9208,1
5,2084,21.5092,54.4716,120.694,96.9208,0.331121
5,2085,21.5092,54.4716,97.027,97.027,0.995073
5,2086,21.5092,54.4716,120.815,120.815,0.330904
5,2087,21.5092,54.4716,96.4223,96.4223,1
5,2088,21.5092,54.4716,116.547,96.4223,0.392344
5,2089,21.5092,54.4716,110.261,110.261,0.525505
5,2090,21.5092,54.4716,109.538,109.538,1
5,2091,21.5092,54.4716,113.211,113.211,0.843006
5,2092,21.5092,54.4716,130.245,113.211,0.452957
5,2093,21.5092,54.4716,102.279,102.279,1
5,2094,21.5092,54.4716,112.003,112.003,0.636301
5,2095,21.5092,54.4716,90.4704,90.4704,1
5,2096,21.5092,54.4716,95.4402,90.4704,0.793696
5,2097,21.5092,54.4716,67.0874,67.0874,1
5,2098,21.5092,54.4716,85.6429,67.0874,0.422029
5,2099,21.5092,54.4716,61.3001,61.3001,1
5,2100,21.5092,54.4716,73.7742,73.7742,0.559931
5,2101,20.4337,54.4716,83.9739,73.7742,0.607038
5,2102,20.4337,54.4716,55.5543,55.5543,1
5,2103,20.4337,54.4716,55.0373,55.0373,1
5,2104,20.4337,54.4716,71.4381,71.4381,0.448147
5,2105,20.4337,54.4716,70.1193,70.1193,1
5,2106,20.4337,54.4716,75.6409,75.6409,0.763211
5,2107,20.4337,54.4716,71.7183,71.7183,1
5,2108,20.4337,54.4716,71.0768,71.0768,1
5,2109,20.4337,54.4716,55.0449,55.0449,1
5,2110,20.4337,54.4716,61.5995,61.5995,0.725586
5,2111,20.4337,54.4716,79.3133,79.3133,0.420255
5,2112,20.4337,54.4716,84.5407,84.5407,0.774279
5,2113,20.4337,54.4716,102.123,84.5407,0.422976
5,2114,20.4337,54.4716,63.4751,63.4751,1
5,2115,20.4337,54.4716,55.7617,55.7617,1
5,2116,20.4337,54.4716,68.0008,68.0008,0.549379
5,2117,20.4337,54.4716,71.3648,68.0008,0.848207
5,2118,20.4337,54.4716,87.6523,68.0008,0.382234
5,2119,20.4337,54.4716,64.6585,64.6585,1
5,2120,20.4337,54.4716,68.7776,64.6585,0.817435
5,2121,20.4337,54.4716,66.0475,66.0475,0.934285
5,2122,20.4337,54.4716,70.014,70.014,0.823563
5,2123,20.4337,54.4716,91.7672,70.014,0.344873
5,2124,20.4337,54.4716,90.5708,90.5708,0.36567
5,2125,20.4337,54.4716,79.7458,79.7458,1
5,2126,20.4337,54.4716,79.8359,79.8359,0.995598
5,2127,20.4337,54.4716,66.0896,66.0896,1
5,2128,20.4337,54.4716,63.2103,63.2103,1
5,2129,20.4337,54.4716,78.0531,63.2103,0.483652
5,2130,20.4337,54.4716,78.503,63.2103,0.473122
5,2131,20.4337,54.4716,85.1662,85.1662,0.341471
5,2132,20.4337,54.4716,70.3762,70.3762,1
5,2133,20.4337,54.4716,77.7342,70.3762,0.697612
5,2134,20.4337,54.4716,68.9026,68.9026,1
5,2135,20.4337,54.4716,56.2657,56.2657,1
5,2136,20.4337,54.4716,77.5039,77.5039,0.353677
5,2137,20.4337,54.4716,62.2054,62.2054,1
5,2138,20.4337,54.4716,68.6475,68.6475,0.729593
5,2139,20.4337,54.4716,89.8241,89.8241,0.354745
5,2140,20.4337,54.4716,80.8028,80.8028,1
5,2141,20.4337,54.4716,104.948,80.8028,0.30677
5,2142,20.4337,54.4716,67.3346,67.3346,1
5,2143,20.4337,54.4716,62.0404,62.0404,1
5,2144,20.4337,54.4716,61.2985,61.2985,1
5,2145,20.4337,54.4716,57.4042,57.4042,1
5,2146,20.4337,54.4716,70.3992,70.3992,0.529427
5,2147,20.4337,54.4716,70.0904,70.0904,1
5,2148,20.4337,54.4716,87.7211,70.0904,0.421969
5,2149,20.4337,54.4716,82.1053,82.1053,0.555441
5,2150,20.4337,54.4716,99.0009,99.0009,0.437426
5,2151,20.4337,54.4716,113.093,113.093,0.501743
5,2152,20.4337,54.4716,127.948,113.093,0.483368
5,2153,20.4337,54.4716,124.95,113.093,0.559757
5,2154,20.4337,54.4716,103.034,103.034,1
5,2155,20.4337,54.4716,121.251,121.251,0.410034
5,2156,20.4337,54.4716,110.568,110.568,1
5,2157,20.4337,54.4716,132.826,110.568,0.336463
5,2158,20.4337,54.4716,92.6026,92.6026,1
5,2159,20.4337,54.4716,113.532,92.6026,0.359066
5,2160,20.4337,54.4716,68.494,68.494,1
5,2161,20.4337,54.4716,69.586,69.586,0.947964
5,2162,20.4337,54.4716,69.5107,69.5107,1
5,2163,20.4337,54.4716,89.5529,69.5107,0.374995
5,2164,20.4337,54.4716,69.2172,69.2172,1
5,2165,20.4337,54.4716,73.2252,73.2252,0.821891
5,2166,20.4337,54.4716,69.3286,69.3286,1
5,2167,20.4337,54.4716,92.8085,92.8085,0.316928
5,2168,20.4337,54.4716,108.571,92.8085,0.462367
5,2169,20.4337,54.4716,111.136,92.8085,0.407826
5,2170,20.4337,54.4716,68.1466,68.1466,1
5,2171,20.4337,54.4716,90.1532,68.1466,0.340623
5,2172,20.4337,54.4716,55.0238,55.0238,1
5,2173,20.4337,54.4716,68.4207,68.4207,0.519116
5,2174,20.4337,54.4716,57.2377,57.2377,1
5,2175,20.4337,54.4716,81.7695,57.2377,0.301027
5,2176,20.4337,54.4716,71.5571,57.2377,0.4962
5,2177,20.4337,54.4716,69.9869,69.9869,0.535835
5,2178,20.4337,54.4716,79.9956,79.9956,0.612741
5,2179,20.4337,54.4716,84.3777,79.9956,0.806981
5,2180,20.4337,54.4716,95.1455,79.9956,0.476438
5,2181,20.4337,54.4716,81.4386,81.4386,0.931815
5,2182,20.4337,54.4716,101.554,81.4386,0.37366
5,2183,20.4337,54.4716,62.4356,62.4356,1
5,2184,20.4337,54.4716,68.133,68.133,0.756675
5,2185,20.4337,54.4716,78.9559,78.9559,0.588805
5,2186,20.4337,54.4716,76.9546,76.9546,1
5,2187,20.4337,54.4716,58.9514,58.9514,1
5,2188,20.4337,54.4716,61.377,58.9514,0.888071
5,2189,20.4337,54.4716,66.4715,58.9514,0.692101
5,2190,20.4337,54.4716,77.6229,58.9514,0.401013
5,2191,20.4337,54.4716,60.1114,60.1114,0.944814
5,2192,20.4337,54.4716,67.3655,67.3655,0.701169
5,2193,20.4337,54.4716,61.4615,61.4615,1
5,2194,20.4337,54.4716,74.5253,74.5253,0.527648
5,2195,20.4337,54.4716,95.6732,74.5253,0.355243
5,2196,20.4337,54.4716,80.0322,80.0322,0.76376
5,2197,20.4337,54.4716,93.8267,80.0322,0.509112
5,2198,20.4337,54.4716,72.4514,72.4514,1
5,2199,20.4337,54.4716,78.6756,78.6756,0.737413
5,2200,20.4337,54.4716,62.3394,62.3394,1
5,2201,19.412,54.4716,86.3371,62.3394,0.290477
5,2202,19.412,54.4716,60.8437,60.8437,1
5,2203,19.412,54.4716,73.0369,73.0369,0.533589
5,2204,19.412,54.4716,61.9292,61.9292,1
5,2205,19.412,54.4716,81.2584,81.2584,0.369452
5,2206,19.412,54.4716,80.9909,80.9909,1
5,2207,19.412,54.4716,98.9392,80.9909,0.39669
5,2208,19.412,54.4716,64.3498,64.3498,1
5,2209,19.412,54.4716,73.6168,73.6168,0.620404
5,2210,19.412,54.4716,91.5866,73.6168,0.396253
5,2211,19.412,54.4716,68.87,68.87,1
5,2212,19.412,54.4716,57.7531,57.7531,1
5,2213,19.412,54.4716,76.292,57.7531,0.384803
5,2214,19.412,54.4716,76.0575,57.7531,0.389479
5,2215,19.412,54.4716,57.2835,57.2835,1
5,2216,19.412,54.4716,63.88,63.88,0.7119
5,2217,19.412,54.4716,71.5972,63.88,0.671967
5,2218,19.412,54.4716,86.1023,63.88,0.318298
5,2219,19.412,54.4716,64.4457,64.4457,0.971281
5,2220,19.412,54.4716,60.8379,60.8379,1
5,2221,19.412,54.4716,82.782,60.8379,0.32289
5,2222,19.412,54.4716,68.6858,60.8379,0.667455
5,2223,19.412,54.4716,66.2488,60.8379,0.756734
5,2224,19.412,54.4716,77.2676,60.8379,0.42897
5,2225,19.412,54.4716,56.164,56.164,1
5,2226,19.412,54.4716,63.7187,56.164,0.677615
5,2227,19.412,54.4716,55.4414,55.4414,1
5,2228,19.412,54.4716,68.6991,68.6991,0.505115
5,2229,19.412,54.4716,63.387,63.387,1
5,2230,19.412,54.4716,65.3187,65.3187,0.905284
5,2231,19.412,54.4716,84.0716,65.3187,0.380584
5,2232,19.412,54.4716,89.2699,65.3187,0.291174
5,2233,19.412,54.4716,55.0619,55.0619,1
5,2234,19.412,54.4716,54.7895,54.7895,1
5,2235,19.412,54.4716,62.3014,62.3014,0.679112
5,2236,19.412,54.4716,83.7875,62.3014,0.330599
5,2237,19.412,54.4716,57.3104,57.3104,1
5,2238,19.412,54.4716,71.1019,57.3104,0.491419
5,2239,19.412,54.4716,66.6632,66.6632,0.617667
5,2240,19.412,54.4716,75.299,75.299,0.640909
5,2241,19.412,54.4716,58.5027,58.5027,1
5,2242,19.412,54.4716,79.2059,58.5027,0.344206
5,2243,19.412,54.4716,56.7293,56.7293,1
5,2244,19.412,54.4716,73.9952,56.7293,0.410885
5,2245,19.412,54.4716,62.0442,62.0442,0.76049
5,2246,19.412,54.4716,71.7737,71.7737,0.605797
5,2247,19.412,54.4716,76.4953,71.7737,0.784088
5,2248,19.412,54.4716,70.1904,70.1904,1
5,2249,19.412,54.4716,78.91,78.91,0.638147
5,2250,19.412,54.4716,86.3522,78.91,0.681552
5,2251,19.412,54.4716,82.113,82.113,0.847894
5,2252,19.412,54.4716,63.9872,63.9872,1
5,2253,19.412,54.4716,71.3993,63.9872,0.682611
5,2254,19.412,54.4716,62.4013,62.4013,1
5,2255,19.412,54.4716,65.9441,65.9441,0.833179
5,2256,19.412,54.4716,66.0646,66.0646,0.99381
5,2257,19.412,54.4716,60.4392,60.4392,1
5,2258,19.412,54.4716,78.1475,78.1475,0.401627
5,2259,19.412,54.4716,70.3705,70.3705,1
5,2260,19.412,54.4716,93.4152,93.4152,0.305094
5,2261,19.412,54.4716,72.8547,72.8547,1
5,2262,19.412,54.4716,56.649,56.649,1
5,2263,19.412,54.4716,57.1761,57.1761,0.973213
5,2264,19.412,54.4716,67.761,57.1761,0.579681
5,2265,19.412,54.4716,66.1183,66.1183,0.630872
5,2266,19.412,54.4716,83.8529,66.1183,0.401082
5,2267,19.412,54.4716,65.5064,65.5064,1
5,2268,19.412,54.4716,59.9543,59.9543,1
5,2269,19.412,54.4716,76.0305,59.9543,0.436853
5,2270,19.412,54.4716,56.6817,56.6817,1
5,2271,19.412,54.4716,57.0591,57.0591,0.980746
5,2272,19.412,54.4716,69.8026,57.0591,0.518677
5,2273,19.412,54.4716,67.7839,67.7839,0.57552
5,2274,19.412,54.4716,68.968,68.968,0.940824
5,2275,19.412,54.4716,62.7176,62.7176,1
5,2276,19.412,54.4716,85.3714,62.7176,0.311299
5,2277,19.412,54.4716,63.195,63.195,0.975708
5,2278,19.412,54.4716,81.062,63.195,0.398356
5,2279,19.412,54.4716,73.972,73.972,0.573972
5,2280,19.412,54.4716,56.6161,56.6161,1
5,2281,19.412,54.4716,69.935,56.6161,0.503529
5,2282,19.412,54.4716,71.3073,56.6161,0.469162
5,2283,19.412,54.4716,55.6504,55.6504,1
5,2284,19.412,54.4716,62.679,62.679,0.696233
5,2285,19.412,54.4716,68.7954,68.7954,0.729728
5,2286,19.412,54.4716,81.5293,68.7954,0.518933
5,2287,19.412,54.4716,83.3628,83.3628,0.472163
5,2288,19.412,54.4716,103.545,103.545,0.353564
5,2289,19.412,54.4716,91.6363,91.6363,1
5,2290,19.412,54.4716,104.403,91.6363,0.518048
5,2291,19.412,54.4716,74.3447,74.3447,1
5,2292,19.412,54.4716,69.8527,69.8527,1
5,2293,19.412,54.4716,75.8465,75.8465,0.734351
5,2294,19.412,54.4716,72.5282,72.5282,1
5,2295,19.412,54.4716,83.8546,72.5282,0.557956
5,2296,19.412,54.4716,75.616,75.616,0.852938
5,2297,19.412,54.4716,95.7866,75.616,0.353781
5,2298,19.412,54.4716,94.1734,94.1734,0.384437
5,2299,19.412,54.4716,94.8911,94.8911,0.963704
5,2300,19.412,54.4716,106.625,94.8911,0.546378
5,2301,18.4414,54.4716,99.7854,99.7854,0.766902
5,2302,18.4414,54.4716,118.021,99.7854,0.372003
5,2303,18.4414,54.4716,120.646,99.7854,0.322646
5,2304,18.4414,54.4716,80.6121,80.6121,1
5,2305,18.4414,54.4716,68.5247,68.5247,1
5,2306,18.4414,54.4716,77.7288,77.7288,0.607078
5,2307,18.4414,54.4716,93.5821,93.5821,0.423306
5,2308,18.4414,54.4716,70.1212,70.1212,1
5,2309,18.4414,54.4716,81.1985,81.1985,0.548441
5,2310,18.4414,54.4716,104.256,104.256,0.28641
5,2311,18.4414,54.4716,81.4137,81.4137,1
5,2312,18.4414,54.4716,75.5007,75.5007,1
5,2313,18.4414,54.4716,58.4934,58.4934,1
5,2314,18.4414,54.4716,68.5552,58.4934,0.579489
5,2315,18.4414,54.4716,67.1719,67.1719,0.624631
5,2316,18.4414,54.4716,69.5438,67.1719,0.879307
5,2317,18.4414,54.4716,64.3114,64.3114,1
5,2318,18.4414,54.4716,72.2306,72.2306,0.650883
5,2319,18.4414,54.4716,70.6951,70.6951,1
5,2320,18.4414,54.4716,80.0246,70.6951,0.602962
5,2321,18.4414,54.4716,95.2554,70.6951,0.264002
5,2322,18.4414,54.4716,84.5005,84.5005,0.473024
5,2323,18.4414,54.4716,92.77,84.5005,0.638635
5,2324,18.4414,54.4716,96.9901,96.9901,0.508008
5,2325,18.4414,54.4716,121.203,96.9901,0.269019
5,2326,18.4414,54.4716,88.3657,88.3657,1
5,2327,18.4414,54.4716,73.329,73.329,1
5,2328,18.4414,54.4716,63.2182,63.2182,1
5,2329,18.4414,54.4716,67.851,67.851,0.777853
5,2330,18.4414,54.4716,80.6585,80.6585,0.499327
5,2331,18.4414,54.4716,98.587,98.587,0.378254
5,2332,18.4414,54.4716,74.6576,74.6576,1
5,2333,18.4414,54.4716,95.4939,74.6576,0.323077
5,2334,18.4414,54.4716,73.809,73.809,1
5,2335,18.4414,54.4716,67.7687,67.7687,1
5,2336,18.4414,54.4716,68.1598,68.1598,0.979011
5,2337,18.4414,54.4716,56.67,56.67,1
5,2338,18.4414,54.4716,74.5674,74.5674,0.378892
5,2339,18.4414,54.4716,97.3658,74.5674,0.290468
5,2340,18.4414,54.4716,67.4521,67.4521,1
5,2341,18.4414,54.4716,76.3476,76.3476,0.61732
5,2342,18.4414,54.4716,88.0774,76.3476,0.529377
5,2343,18.4414,54.4716,74.2506,74.2506,1
5,2344,18.4414,54.4716,58.8633,58.8633,1
5,2345,18.4414,54.4716,55.802,55.802,1
5,2346,18.4414,54.4716,73.5345,55.802,0.382296
5,2347,18.4414,54.4716,64.6836,55.802,0.617787
5,2348,18.4414,54.4716,70.0578,55.802,0.461611
5,2349,18.4414,54.4716,78.3666,78.3666,0.294174
5,2350,18.4414,54.4716,95.9737,78.3666,0.384904
5,2351,18.4414,54.4716,60.4815,60.4815,1
5,2352,18.4414,54.4716,58.3917,58.3917,1
5,2353,18.4414,54.4716,70.3803,70.3803,0.521997
5,2354,18.4414,54.4716,88.9122,70.3803,0.366079
5,2355,18.4414,54.4716,59.4423,59.4423,1
5,2356,18.4414,54.4716,67.972,67.972,0.629689
5,2357,18.4414,54.4716,76.4398,67.972,0.631804
5,2358,18.4414,54.4716,83.9722,67.972,0.419948
5,2359,18.4414,54.4716,71.3475,71.3475,0.832735
5,2360,18.4414,54.4716,81.3964,71.3475,0.579895
5,2361,18.4414,54.4716,71.5916,71.5916,0.98685
5,2362,18.4414,54.4716,59.5498,59.5498,1
5,2363,18.4414,54.4716,56.0259,56.0259,1
5,2364,18.4414,54.4716,58.1825,58.1825,0.889636
5,2365,18.4414,54.4716,67.425,67.425,0.605814
5,2366,18.4414,54.4716,82.436,67.425,0.44309
5,2367,18.4414,54.4716,84.2564,84.2564,0.401442
5,2368,18.4414,54.4716,59.9158,59.9158,1
5,2369,18.4414,54.4716,81.2137,59.9158,0.315091
5,2370,18.4414,54.4716,79.7883,59.9158,0.340411
5,2371,18.4414,54.4716,68.6534,68.6534,0.622631
5,2372,18.4414,54.4716,83.3376,83.3376,0.45101
5,2373,18.4414,54.4716,94.5853,83.3376,0.543398
5,2374,18.4414,54.4716,90.1666,90.1666,0.690524
5,2375,18.4414,54.4716,73.327,73.327,1
5,2376,18.4414,54.4716,87.0945,73.327,0.473999
5,2377,18.4414,54.4716,85.1024,73.327,0.528069
5,2378,18.4414,54.4716,74.7633,74.7633,0.925074
5,2379,18.4414,54.4716,85.2987,85.2987,0.564796
5,2380,18.4414,54.4716,61.6531,61.6531,1
5,2381,18.4414,54.4716,66.1068,66.1068,0.785444
5,2382,18.4414,54.4716,81.0181,81.0181,0.445492
5,2383,18.4414,54.4716,100.837,81.0181,0.341396
5,2384,18.4414,54.4716,84.0218,84.0218,0.849691
5,2385,18.4414,54.4716,95.9965,84.0218,0.522392
5,2386,18.4414,54.4716,77.3945,77.3945,1
5,2387,18.4414,54.4716,71.3878,71.3878,1
5,2388,18.4414,54.4716,75.7025,75.7025,0.791386
5,2389,18.4414,54.4716,63.4691,63.4691,1
5,2390,18.4414,54.4716,57.8033,57.8033,1
5,2391,18.4414,54.4716,78.9597,57.8033,0.317516
5,2392,18.4414,54.4716,72.96,57.8033,0.439602
5,2393,18.4414,54.4716,68.5438,68.5438,0.558548
5,2394,18.4414,54.4716,84.2086,84.2086,0.427656
5,2395,18.4414,54.4716,85.541,85.541,0.930296
5,2396,18.4414,54.4716,105.98,105.98,0.330108
5,2397,18.4414,54.4716,123.284,105.98,0.39129
5,2398,18.4414,54.4716,115.287,105.98,0.6037
5,2399,18.4414,54.4716,115.059,105.98,0.611214
5,2400,18.4414,54.4716,124.456,124.456,0.367193
5,2401,17.5193,54.4716,121.236,121.236,1
5,2402,17.5193,54.4716,138.035,138.035,0.383323
5,2403,17.5193,54.4716,154.009,138.035,0.401805
5,2404,17.5193,54.4716,154.199,138.035,0.397452
5,2405,17.5193,54.4716,149.505,138.035,0.519589
5,2406,17.5193,54.4716,117.169,117.169,1
5,2407,17.5193,54.4716,126.421,117.169,0.589726
5,2408,17.5193,54.4716,130.739,117.169,0.460905
5,2409,17.5193,54.4716,126.742,126.742,0.579018
5,2410,17.5193,54.4716,129.716,129.716,0.843849
5,2411,17.5193,54.4716,139.023,139.023,0.5879
5,2412,17.5193,54.4716,138.316,138.316,1
5,2413,17.5193,54.4716,137.901,137.901,1
5,2414,17.5193,54.4716,162.297,137.901,0.248448
5,2415,17.5193,54.4716,131.821,131.821,1
5,2416,17.5193,54.4716,154.369,131.821,0.276079
5,2417,17.5193,54.4716,120.342,120.342,1
5,2418,17.5193,54.4716,118.663,118.663,1
5,2419,17.5193,54.4716,127.47,118.663,0.604887
5,2420,17.5193,54.4716,135.177,135.177,0.38959
5,2421,17.5193,54.4716,130.143,130.143,1
5,2422,17.5193,54.4716,140.185,130.143,0.563706
5,2423,17.5193,54.4716,139.185,130.143,0.596808
5,2424,17.5193,54.4716,138.072,130.143,0.63597
5,2425,17.5193,54.4716,132.156,132.156,0.891452
5,2426,17.5193,54.4716,141.496,132.156,0.58675
5,2427,17.5193,54.4716,111.927,111.927,1
5,2428,17.5193,54.4716,103.813,103.813,1
5,2429,17.5193,54.4716,112.912,103.813,0.594913
5,2430,17.5193,54.4716,108.534,108.534,0.763792
5,2431,17.5193,54.4716,106.757,106.757,1
5,2432,17.5193,54.4716,112.168,112.168,0.734291
5,2433,17.5193,54.4716,92.6509,92.6509,1
5,2434,17.5193,54.4716,97.5391,92.6509,0.756527
5,2435,17.5193,54.4716,91.2518,91.2518,1
5,2436,17.5193,54.4716,83.232,83.232,1
5,2437,17.5193,54.4716,73.0312,73.0312,1
5,2438,17.5193,54.4716,91.5115,73.0312,0.348245
5,2439,17.5193,54.4716,85.7252,85.7252,0.484534
5,2440,17.5193,54.4716,85.6231,85.6231,1
5,2441,17.5193,54.4716,92.535,92.535,0.673998
5,2442,17.5193,54.4716,68.3999,68.3999,1
5,2443,17.5193,54.4716,90.6282,68.3999,0.281173
5,2444,17.5193,54.4716,64.0005,64.0005,1
5,2445,17.5193,54.4716,77.8766,77.8766,0.452918
5,2446,17.5193,54.4716,83.7663,77.8766,0.714492
5,2447,17.5193,54.4716,67.6187,67.6187,1
5,2448,17.5193,54.4716,81.7383,81.7383,0.446667
5,2449,17.5193,54.4716,68.3212,68.3212,1
5,2450,17.5193,54.4716,69.6913,69.6913,0.924774
5,2451,17.5193,54.4716,84.885,69.6913,0.420104
5,2452,17.5193,54.4716,83.7338,69.6913,0.448636
5,2453,17.5193,54.4716,69.8697,69.8697,0.98987
5,2454,17.5193,54.4716,62.0981,62.0981,1
5,2455,17.5193,54.4716,77.252,77.252,0.421059
5,2456,17.5193,54.4716,83.7202,83.7202,0.691284
5,2457,17.5193,54.4716,84.3911,84.3911,0.962428
5,2458,17.5193,54.4716,91.8806,91.8806,0.65214
5,2459,17.5193,54.4716,77.4445,77.4445,1
5,2460,17.5193,54.4716,77.3657,77.3657,1
5,2461,17.5193,54.4716,84.4411,77.3657,0.667738
5,2462,17.5193,54.4716,69.7164,69.7164,1
5,2463,17.5193,54.4716,81.802,81.802,0.501656
5,2464,17.5193,54.4716,74.9552,74.9552,1
5,2465,17.5193,54.4716,79.4517,79.4517,0.773634
5,2466,17.5193,54.4716,69.7582,69.7582,1
5,2467,17.5193,54.4716,90.8725,90.8725,0.299634
5,2468,17.5193,54.4716,93.0567,93.0567,0.882782
5,2469,17.5193,54.4716,92.0868,92.0868,1
5,2470,17.5193,54.4716,111.373,92.0868,0.33258
5,2471,17.5193,54.4716,115.078,92.0868,0.269185
5,2472,17.5193,54.4716,110.248,92.0868,0.354652
5,2473,17.5193,54.4716,104.825,104.825,0.483306
5,2474,17.5193,54.4716,90.0989,90.0989,1
5,2475,17.5193,54.4716,111.688,111.688,0.291623
5,2476,17.5193,54.4716,88.2657,88.2657,1
5,2477,17.5193,54.4716,79.9705,79.9705,1
5,2478,17.5193,54.4716,92.4315,79.9705,0.491019
5,2479,17.5193,54.4716,70.3419,70.3419,1
5,2480,17.5193,54.4716,79.3096,79.3096,0.599372
5,2481,17.5193,54.4716,95.7479,95.7479,0.391295
5,2482,17.5193,54.4716,75.7044,75.7044,1
5,2483,17.5193,54.4716,54.874,54.874,1
5,2484,17.5193,54.4716,57.2067,57.2067,0.875333
5,2485,17.5193,54.4716,71.58,71.58,0.440244
5,2486,17.5193,54.4716,90.7129,90.7129,0.33551
5,2487,17.5193,54.4716,110.728,90.7129,0.319032
5,2488,17.5193,54.4716,66.1585,66.1585,1
5,2489,17.5193,54.4716,71.2304,71.2304,0.748633
5,2490,17.5193,54.4716,91.617,91.617,0.31234
5,2491,17.5193,54.4716,71.7318,71.7318,1
5,2492,17.5193,54.4716,78.6776,78.6776,0.672694
5,2493,17.5193,54.4716,62.7692,62.7692,1
5,2494,17.5193,54.4716,78.6066,62.7692,0.404948
5,2495,17.5193,54.4716,69.3496,69.3496,0.68687
5,2496,17.5193,54.4716,61.7433,61.7433,1
5,2497,17.5193,54.4716,76.557,61.7433,0.429316
5,2498,17.5193,54.4716,64.0753,61.7433,0.875368
5,2499,17.5193,54.4716,79.1232,79.1232,0.370819
5,2500,17.5193,54.4716,55.6122,55.6122,1
5,2501,16.6434,54.4716,74.001,55.6122,0.331254
5,2502,16.6434,54.4716,70.9542,55.6122,0.397799
5,2503,16.6434,54.4716,60.8917,60.8917,0.728174
5,2504,16.6434,54.4716,60.2743,60.2743,1
5,2505,16.6434,54.4716,61.3232,61.3232,0.938924
5,2506,16.6434,54.4716,70.653,61.3232,0.570884
5,2507,16.6434,54.4716,62.4567,62.4567,0.93416
5,2508,16.6434,54.4716,83.3952,62.4567,0.284203
5,2509,16.6434,54.4716,64.9519,64.9519,0.860777
5,2510,16.6434,54.4716,68.2445,68.2445,0.820506
5,2511,16.6434,54.4716,55.7001,55.7001,1
5,2512,16.6434,54.4716,62.7289,55.7001,0.655525
5,2513,16.6434,54.4716,74.821,55.7001,0.316999
5,2514,16.6434,54.4716,79.6346,55.7001,0.237383
5,2515,16.6434,54.4716,67.8164,67.8164,0.482875
5,2516,16.6434,54.4716,68.7914,68.7914,0.943106
5,2517,16.6434,54.4716,63.7683,63.7683,1
5,2518,16.6434,54.4716,86.0885,86.0885,0.261561
5,2519,16.6434,54.4716,80.9773,80.9773,1
5,2520,16.6434,54.4716,100.525,80.9773,0.308973
5,2521,16.6434,54.4716,71.989,71.989,1
5,2522,16.6434,54.4716,90.8131,71.989,0.322702
5,2523,16.6434,54.4716,70.7318,70.7318,1
5,2524,16.6434,54.4716,77.3771,77.3771,0.670806
5,2525,16.6434,54.4716,65.2935,65.2935,1
5,2526,16.6434,54.4716,70.4436,70.4436,0.733861
5,2527,16.6434,54.4716,82.4979,82.4979,0.484676
5,2528,16.6434,54.4716,85.0139,85.0139,0.859704
5,2529,16.6434,54.4716,73.613,73.613,1
5,2530,16.6434,54.4716,70.6223,70.6223,1
5,2531,16.6434,54.4716,86.6195,70.6223,0.382444
5,2532,16.6434,54.4716,94.0114,94.0114,0.24529
5,2533,16.6434,54.4716,109.953,94.0114,0.383728
5,2534,16.6434,54.4716,71.1673,71.1673,1
5,2535,16.6434,54.4716,68.9869,68.9869,1
5,2536,16.6434,54.4716,57.4597,57.4597,1
5,2537,16.6434,54.4716,81.2139,57.4597,0.239968
5,2538,16.6434,54.4716,81.0696,57.4597,0.242058
5,2539,16.6434,54.4716,70.9426,70.9426,0.444812
5,2540,16.6434,54.4716,80.3125,80.3125,0.569507
5,2541,16.6434,54.4716,104.816,104.816,0.229408
5,2542,16.6434,54.4716,106.754,106.754,0.890093
5,2543,16.6434,54.4716,104.604,104.604,1
5,2544,16.6434,54.4716,117.163,104.604,0.470202
5,2545,16.6434,54.4716,116.968,116.968,0.475745
5,2546,16.6434,54.4716,126.419,126.419,0.56674
5,2547,16.6434,54.4716,138.19,126.419,0.492984
5,2548,16.6434,54.4716,141.515,126.419,0.403713
5,2549,16.6434,54.4716,110.267,110.267,1
5,2550,16.6434,54.4716,91.9272,91.9272,1
5,2551,16.6434,54.4716,68.9735,68.9735,1
5,2552,16.6434,54.4716,67.4998,67.4998,1
5,2553,16.6434,54.4716,86.7693,67.4998,0.314179
5,2554,16.6434,54.4716,59.7354,59.7354,1
5,2555,16.6434,54.4716,62.3357,62.3357,0.85536
5,2556,16.6434,54.4716,63.0971,63.0971,0.955283
5,2557,16.6434,54.4716,60.5159,60.5159,1
5,2558,16.6434,54.4716,81.6751,81.6751,0.280459
5,2559,16.6434,54.4716,66.9071,66.9071,1
5,2560,16.6434,54.4716,63.5558,63.5558,1
5,2561,16.6434,54.4716,71.5491,71.5491,0.618617
5,2562,16.6434,54.4716,79.1694,79.1694,0.632637
5,2563,16.6434,54.4716,103.14,79.1694,0.236864
5,2564,16.6434,54.4716,60.5964,60.5964,1
5,2565,16.6434,54.4716,74.3174,60.5964,0.438492
5,2566,16.6434,54.4716,54.5864,54.5864,1
5,2567,16.6434,54.4716,54.8398,54.8398,0.984889
5,2568,16.6434,54.4716,67.2007,67.2007,0.475831
5,2569,16.6434,54.4716,87.9604,67.2007,0.287272
5,2570,16.6434,54.4716,88.4678,67.2007,0.278646
5,2571,16.6434,54.4716,64.6892,64.6892,1
5,2572,16.6434,54.4716,80.0072,80.0072,0.398374
5,2573,16.6434,54.4716,102.425,80.0072,0.26003
5,2574,16.6434,54.4716,90.5301,80.0072,0.53139
5,2575,16.6434,54.4716,69.2171,69.2171,1
5,2576,16.6434,54.4716,71.0098,71.0098,0.897888
5,2577,16.6434,54.4716,63.5651,63.5651,1
5,2578,16.6434,54.4716,84.7296,84.7296,0.280369
5,2579,16.6434,54.4716,88.7006,88.7006,0.787733
5,2580,16.6434,54.4716,82.7033,82.7033,1
5,2581,16.6434,54.4716,84.4082,84.4082,0.902635
5,2582,16.6434,54.4716,96.8363,84.4082,0.473914
5,2583,16.6434,54.4716,86.9237,86.9237,0.859727
5,2584,16.6434,54.4716,71.7815,71.7815,1
5,2585,16.6434,54.4716,55.1461,55.1461,1
5,2586,16.6434,54.4716,69.4457,69.4457,0.42351
5,2587,16.6434,54.4716,72.7088,72.7088,0.821964
5,2588,16.6434,54.4716,89.9509,72.7088,0.35488
5,2589,16.6434,54.4716,55.1173,55.1173,1
5,2590,16.6434,54.4716,54.8625,54.8625,1
5,2591,16.6434,54.4716,68.1753,68.1753,0.449381
5,2592,16.6434,54.4716,60.4258,60.4258,1
5,2593,16.6434,54.4716,66.4464,66.4464,0.69646
5,2594,16.6434,54.4716,86.3079,86.3079,0.303201
5,2595,16.6434,54.4716,88.1931,86.3079,0.892914
5,2596,16.6434,54.4716,100.593,100.593,0.423892
5,2597,16.6434,54.4716,91.7982,91.7982,1
5,2598,16.6434,54.4716,79.3554,79.3554,1
5,2599,16.6434,54.4716,88.1214,88.1214,0.590552
5,2600,16.6434,54.4716,99.7521,88.1214,0.497172
5,2601,15.8112,54.4716,72.582,72.582,1
5,2602,15.8112,54.4716,75.04,72.582,0.856022
5,2603,15.8112,54.4716,96.4257,96.4257,0.221346
5,2604,15.8112,54.4716,95.1456,95.1456,1
5,2605,15.8112,54.4716,73.6148,73.6148,1
5,2606,15.8112,54.4716,83.3897,73.6148,0.5389
5,2607,15.8112,54.4716,82.3284,82.3284,0.576315
5,2608,15.8112,54.4716,58.541,58.541,1
5,2609,15.8112,54.4716,80.6853,58.541,0.246464
5,2610,15.8112,54.4716,63.692,63.692,0.721961
5,2611,15.8112,54.4716,80.0129,80.0129,0.356211
5,2612,15.8112,54.4716,79.4288,79.4288,1
5,2613,15.8112,54.4716,68.2539,68.2539,1
5,2614,15.8112,54.4716,76.8794,68.2539,0.579534
5,2615,15.8112,54.4716,68.5379,68.5379,0.982202
5,2616,15.8112,54.4716,88.6677,88.6677,0.279952
5,2617,15.8112,54.4716,109.515,88.6677,0.26754
5,2618,15.8112,54.4716,71.7029,71.7029,1
5,2619,15.8112,54.4716,92.9433,71.7029,0.260963
5,2620,15.8112,54.4716,60.9801,60.9801,1
5,2621,15.8112,54.4716,67.5591,67.5591,0.659616
5,2622,15.8112,54.4716,65.1112,65.1112,1
5,2623,15.8112,54.4716,57.7762,57.7762,1
5,2624,15.8112,54.4716,79.5212,57.7762,0.252765
5,2625,15.8112,54.4716,65.6351,57.7762,0.608325
5,2626,15.8112,54.4716,61.1124,61.1124,0.809771
5,2627,15.8112,54.4716,69.4075,61.1124,0.591772
5,2628,15.8112,54.4716,82.4782,61.1124,0.258901
5,2629,15.8112,54.4716,80.5203,80.5203,0.293031
5,2630,15.8112,54.4716,63.7744,63.7744,1
5,2631,15.8112,54.4716,62.9475,62.9475,1
5,2632,15.8112,54.4716,62.8807,62.8807,1
5,2633,15.8112,54.4716,64.0023,64.0023,0.931518
5,2634,15.8112,54.4716,81.0565,81.0565,0.340068
5,2635,15.8112,54.4716,91.5561,91.5561,0.514756
5,2636,15.8112,54.4716,76.7704,76.7704,1
5,2637,15.8112,54.4716,56.5783,56.5783,1
5,2638,15.8112,54.4716,68.0043,68.0043,0.485463
5,2639,15.8112,54.4716,58.1115,58.1115,1
5,2640,15.8112,54.4716,62.1652,62.1652,0.773843
5,2641,15.8112,54.4716,70.4496,62.1652,0.592172
5,2642,15.8112,54.4716,71.9753,62.1652,0.537701
5,2643,15.8112,54.4716,75.0285,62.1652,0.44328
5,2644,15.8112,54.4716,81.9517,62.1652,0.286098
5,2645,15.8112,54.4716,82.0903,62.1652,0.283602
5,2646,15.8112,54.4716,54.7324,54.7324,1
5,2647,15.8112,54.4716,58.8918,58.8918,0.768687
5,2648,15.8112,54.4716,80.7604,58.8918,0.250799
5,2649,15.8112,54.4716,55.4396,55.4396,1
5,2650,15.8112,54.4716,64.8829,64.8829,0.55032
5,2651,15.8112,54.4716,62.0136,62.0136,1
5,2652,15.8112,54.4716,80.9105,62.0136,0.302657
5,2653,15.8112,54.4716,78.4144,78.4144,0.354415
5,2654,15.8112,54.4716,78.2915,78.2915,1
5,2655,15.8112,54.4716,71.5857,71.5857,1
5,2656,15.8112,54.4716,83.2534,71.5857,0.478099
5,2657,15.8112,54.4716,75.6372,75.6372,0.773956
5,2658,15.8112,54.4716,91.7229,75.6372,0.361546
5,2659,15.8112,54.4716,78.2838,78.2838,0.845869
5,2660,15.8112,54.4716,76.7104,76.7104,1
5,2661,15.8112,54.4716,70.4417,70.4417,1
5,2662,15.8112,54.4716,65.5988,65.5988,1
5,2663,15.8112,54.4716,80.2011,65.5988,0.397109
5,2664,15.8112,54.4716,59.0261,59.0261,1
5,2665,15.8112,54.4716,81.4329,81.4329,0.242405
5,2666,15.8112,54.4716,82.9724,82.9724,0.907225
5,2667,15.8112,54.4716,75.3623,75.3623,1
5,2668,15.8112,54.4716,89.4373,75.3623,0.410576
5,2669,15.8112,54.4716,75.2412,75.2412,1
5,2670,15.8112,54.4716,83.6203,75.2412,0.588639
5,2671,15.8112,54.4716,70.4244,70.4244,1
5,2672,15.8112,54.4716,57.0976,57.0976,1
5,2673,15.8112,54.4716,65.2973,65.2973,0.595353
5,2674,15.8112,54.4716,82.6955,65.2973,0.332747
5,2675,15.8112,54.4716,83.3512,65.2973,0.319231
5,2676,15.8112,54.4716,61.1736,61.1736,1
5,2677,15.8112,54.4716,66.5252,66.5252,0.712861
5,2678,15.8112,54.4716,83.9626,83.9626,0.331922
5,2679,15.8112,54.4716,107.502,83.9626,0.22565
5,2680,15.8112,54.4716,70.9639,70.9639,1
5,2681,15.8112,54.4716,92.5892,70.9639,0.254687
5,2682,15.8112,54.4716,70.0541,70.0541,1
5,2683,15.8112,54.4716,64.0887,64.0887,1
5,2684,15.8112,54.4716,85.8621,85.8621,0.252313
5,2685,15.8112,54.4716,101.818,85.8621,0.364531
5,2686,15.8112,54.4716,64.1177,64.1177,1
5,2687,15.8112,54.4716,86.6216,86.6216,0.24092
5,2688,15.8112,54.4716,109.171,86.6216,0.240232
5,2689,15.8112,54.4716,109.219,86.6216,0.239493
5,2690,15.8112,54.4716,101.833,101.833,0.382091
5,2691,15.8112,54.4716,77.7422,77.7422,1
5,2692,15.8112,54.4716,81.1869,81.1869,0.804234
5,2693,15.8112,54.4716,94.3773,81.1869,0.434202
5,2694,15.8112,54.4716,97.3466,97.3466,0.359859
5,2695,15.8112,54.4716,98.2997,98.2997,0.941503
5,2696,15.8112,54.4716,116.767,98.2997,0.310994
5,2697,15.8112,54.4716,117.005,98.2997,0.306351
5,2698,15.8112,54.4716,117.76,117.76,0.292066
5,2699,15.8112,54.4716,126.148,126.148,0.588293
5,2700,15.8112,54.4716,123.065,123.065,1
5,2701,15.0206,54.4716,134.359,134.359,0.471479
5,2702,15.0206,54.4716,152.459,134.359,0.299684
5,2703,15.0206,54.4716,130.319,130.319,1
5,2704,15.0206,54.4716,123.054,123.054,1
5,2705,15.0206,54.4716,117.702,117.702,1
5,2706,15.0206,54.4716,119.898,117.702,0.864009
5,2707,15.0206,54.4716,127.714,117.702,0.513505
5,2708,15.0206,54.4716,108.469,108.469,1
5,2709,15.0206,54.4716,100.668,100.668,1
5,2710,15.0206,54.4716,96.6704,96.6704,1
5,2711,15.0206,54.4716,95.5092,95.5092,1
5,2712,15.0206,54.4716,111.352,95.5092,0.348294
5,2713,15.0206,54.4716,102.844,95.5092,0.61367
5,2714,15.0206,54.4716,115.287,95.5092,0.268009
5,2715,15.0206,54.4716,102.153,95.5092,0.642544
5,2716,15.0206,54.4716,89.7374,89.7374,1
5,2717,15.0206,54.4716,103.805,103.805,0.391976
5,2718,15.0206,54.4716,97.7625,97.7625,1
5,2719,15.0206,54.4716,83.8759,83.8759,1
5,2720,15.0206,54.4716,63.4481,63.4481,1
5,2721,15.0206,54.4716,57.3622,57.3622,1
5,2722,15.0206,54.4716,67.4426,67.4426,0.511144
5,2723,15.0206,54.4716,67.2541,67.2541,1
5,2724,15.0206,54.4716,87.2214,87.2214,0.264656
5,2725,15.0206,54.4716,108.309,87.2214,0.245639
5,2726,15.0206,54.4716,79.4056,79.4056,1
5,2727,15.0206,54.4716,55.3877,55.3877,1
5,2728,15.0206,54.4716,57.2817,57.2817,0.881536
5,2729,15.0206,54.4716,76.7355,76.7355,0.27386
5,2730,15.0206,54.4716,85.7734,85.7734,0.54788
5,2731,15.0206,54.4716,93.5498,85.7734,0.595883
5,2732,15.0206,54.4716,81.902,81.902,1
5,2733,15.0206,54.4716,95.9698,95.9698,0.39197
5,2734,15.0206,54.4716,98.213,98.213,0.861277
5,2735,15.0206,54.4716,121.414,98.213,0.213399
5,2736,15.0206,54.4716,114.965,98.213,0.327835
5,2737,15.0206,54.4716,112.659,98.213,0.382229
5,2738,15.0206,54.4716,92.2428,92.2428,1
5,2739,15.0206,54.4716,93.1471,93.1471,0.941572
5,2740,15.0206,54.4716,112.213,112.213,0.28103
5,2741,15.0206,54.4716,113.591,113.591,0.912302
5,2742,15.0206,54.4716,125.709,113.591,0.446326
5,2743,15.0206,54.4716,103.092,103.092,1
5,2744,15.0206,54.4716,106.565,106.565,0.793584
5,2745,15.0206,54.4716,91.6173,91.6173,1
5,2746,15.0206,54.4716,70.5376,70.5376,1
5,2747,15.0206,54.4716,80.3319,80.3319,0.520975
5,2748,15.0206,54.4716,67.6344,67.6344,1
5,2749,15.0206,54.4716,70.7163,70.7163,0.814503
5,2750,15.0206,54.4716,89.476,70.7163,0.286811
5,2751,15.0206,54.4716,71.3363,71.3363,0.959558
5,2752,15.0206,54.4716,88.4967,71.3363,0.319035
5,2753,15.0206,54.4716,82.8859,71.3363,0.463517
5,2754,15.0206,54.4716,73.6843,73.6843,0.855288
5,2755,15.0206,54.4716,60.7691,60.7691,1
5,2756,15.0206,54.4716,81.1545,81.1545,0.257391
5,2757,15.0206,54.4716,94.0038,81.1545,0.425095
5,2758,15.0206,54.4716,72.0963,72.0963,1
5,2759,15.0206,54.4716,67.6074,67.6074,1
5,2760,15.0206,54.4716,72.2171,67.6074,0.735734
5,2761,15.0206,54.4716,89.9067,67.6074,0.226599
5,2762,15.0206,54.4716,90.5183,67.6074,0.217557
5,2763,15.0206,54.4716,85.2291,67.6074,0.309387
5,2764,15.0206,54.4716,58.0101,58.0101,1
5,2765,15.0206,54.4716,79.4038,58.0101,0.24068
5,2766,15.0206,54.4716,70.0617,70.0617,0.448282
5,2767,15.0206,54.4716,61.4461,61.4461,1
5,2768,15.0206,54.4716,83.3277,61.4461,0.232987
5,2769,15.0206,54.4716,67.3079,61.4461,0.676886
5,2770,15.0206,54.4716,83.499,61.4461,0.230345
5,2771,15.0206,54.4716,63.362,63.362,0.880248
5,2772,15.0206,54.4716,61.3902,61.3902,1
5,2773,15.0206,54.4716,67.8182,61.3902,0.651847
5,2774,15.0206,54.4716,58.7769,58.7769,1
5,2775,15.0206,54.4716,58.0695,58.0695,1
5,2776,15.0206,54.4716,73.0598,58.0695,0.368622
5,2777,15.0206,54.4716,73.9721,58.0695,0.346901
5,2778,15.0206,54.4716,70.1193,70.1193,0.448334
5,2779,15.0206,54.4716,74.4442,70.1193,0.749813
5,2780,15.0206,54.4716,92.531,70.1193,0.224909
5,2781,15.0206,54.4716,76.5435,76.5435,0.652014
5,2782,15.0206,54.4716,83.0415,76.5435,0.648814
5,2783,15.0206,54.4716,79.5786,76.5435,0.817044
5,2784,15.0206,54.4716,88.8142,88.8142,0.441789
5,2785,15.0206,54.4716,82.0481,82.0481,1
5,2786,15.0206,54.4716,64.4166,64.4166,1
5,2787,15.0206,54.4716,54.7934,54.7934,1
5,2788,15.0206,54.4716,65.4816,54.7934,0.490873
5,2789,15.0206,54.4716,71.958,54.7934,0.318947
5,2790,15.0206,54.4716,65.3854,65.3854,0.494029
5,2791,15.0206,54.4716,87.0312,65.3854,0.236674
5,2792,15.0206,54.4716,87.4734,87.4734,0.229808
5,2793,15.0206,54.4716,80.6797,80.6797,1
5,2794,15.0206,54.4716,79.5097,79.5097,1
5,2795,15.0206,54.4716,70.3207,70.3207,1
5,2796,15.0206,54.4716,88.3964,88.3964,0.300176
5,2797,15.0206,54.4716,88.8158,88.8158,0.972463
5,2798,15.0206,54.4716,90.8782,88.8158,0.871703
5,2799,15.0206,54.4716,73.1371,73.1371,1
5,2800,15.0206,54.4716,63.3562,63.3562,1
5,2801,14.2696,54.4716,56.2408,56.2408,1
5,2802,14.2696,54.4716,63.1739,56.2408,0.615167
5,2803,14.2696,54.4716,69.4784,56.2408,0.395472
5,2804,14.2696,54.4716,62.1211,62.1211,0.662271
5,2805,14.2696,54.4716,83.2222,62.1211,0.227922
5,2806,14.2696,54.4716,75.2298,75.2298,0.399058
5,2807,14.2696,54.4716,65.5007,65.5007,1
5,2808,14.2696,54.4716,88.1658,65.5007,0.204263
5,2809,14.2696,54.4716,82.659,65.5007,0.300461
5,2810,14.2696,54.4716,80.8315,65.5007,0.341513
5,2811,14.2696,54.4716,87.7771,65.5007,0.209903
5,2812,14.2696,54.4716,59.3772,59.3772,1
5,2813,14.2696,54.4716,76.9965,76.9965,0.290909
5,2814,14.2696,54.4716,93.8558,76.9965,0.306823
5,2815,14.2696,54.4716,65.6677,65.6677,1
5,2816,14.2696,54.4716,82.8862,65.6677,0.299196
5,2817,14.2696,54.4716,59.1027,59.1027,1
5,2818,14.2696,54.4716,75.9884,75.9884,0.306254
5,2819,14.2696,54.4716,67.141,67.141,1
5,2820,14.2696,54.4716,72.1039,67.141,0.706242
5,2821,14.2696,54.4716,57.4292,57.4292,1
5,2822,14.2696,54.4716,79.0099,57.4292,0.22039
5,2823,14.2696,54.4716,76.3995,76.3995,0.26463
5,2824,14.2696,54.4716,83.3241,83.3241,0.615532
5,2825,14.2696,54.4716,94.2929,94.2929,0.463624
5,2826,14.2696,54.4716,87.1829,87.1829,1
5,2827,14.2696,54.4716,74.1624,74.1624,1
5,2828,14.2696,54.4716,82.7088,82.7088,0.549401
5,2829,14.2696,54.4716,75.3472,75.3472,1
5,2830,14.2696,54.4716,63.7341,63.7341,1
5,2831,14.2696,54.4716,61.045,61.045,1
5,2832,14.2696,54.4716,67.0106,67.0106,0.658323
5,2833,14.2696,54.4716,68.1656,68.1656,0.922243
5,2834,14.2696,54.4716,73.383,68.1656,0.69376
5,2835,14.2696,54.4716,59.7719,59.7719,1
5,2836,14.2696,54.4716,79.4212,59.7719,0.252334
5,2837,14.2696,54.4716,68.8739,68.8739,0.528426
5,2838,14.2696,54.4716,68.0234,68.0234,1
5,2839,14.2696,54.4716,74.2946,74.2946,0.644373
5,2840,14.2696,54.4716,59.1911,59.1911,1
5,2841,14.2696,54.4716,76.069,76.069,0.306426
5,2842,14.2696,54.4716,85.4388,85.4388,0.518596
5,2843,14.2696,54.4716,94.868,94.868,0.516446
5,2844,14.2696,54.4716,113.487,94.868,0.271226
5,2845,14.2696,54.4716,80.2337,80.2337,1
5,2846,14.2696,54.4716,68.2043,68.2043,1
5,2847,14.2696,54.4716,65.2705,65.2705,1
5,2848,14.2696,54.4716,85.8541,65.2705,0.236342
5,2849,14.2696,54.4716,55.7042,55.7042,1
5,2850,14.2696,54.4716,58.5105,58.5105,0.821465
5,2851,14.2696,54.4716,77.2156,77.2156,0.269595
5,2852,14.2696,54.4716,99.9913,77.2156,0.202687
5,2853,14.2696,54.4716,65.9342,65.9342,1
5,2854,14.2696,54.4716,56.8233,56.8233,1
5,2855,14.2696,54.4716,61.1831,61.1831,0.736731
5,2856,14.2696,54.4716,79.4421,61.1831,0.278156
5,2857,14.2696,54.4716,65.4315,65.4315,0.742505
5,2858,14.2696,54.4716,78.3355,78.3355,0.404826
5,2859,14.2696,54.4716,75.572,75.572,1
5,2860,14.2696,54.4716,86.6769,75.572,0.459222
5,2861,14.2696,54.4716,95.723,75.572,0.243616
5,2862,14.2696,54.4716,59.9275,59.9275,1
5,2863,14.2696,54.4716,61.747,61.747,0.880288
5,2864,14.2696,54.4716,80.8792,61.747,0.261645
5,2865,14.2696,54.4716,58.2688,58.2688,1
5,2866,14.2696,54.4716,60.9818,60.9818,0.82686
5,2867,14.2696,54.4716,59.4117,59.4117,1
5,2868,14.2696,54.4716,77.1465,59.4117,0.288564
5,2869,14.2696,54.4716,73.058,59.4117,0.384305
5,2870,14.2696,54.4716,58.6004,58.6004,1
5,2871,14.2696,54.4716,57.1914,57.1914,1
5,2872,14.2696,54.4716,55.8266,55.8266,1
5,2873,14.2696,54.4716,66.5234,55.8266,0.472545
5,2874,14.2696,54.4716,74.1814,55.8266,0.276296
5,2875,14.2696,54.4716,57.479,57.479,0.890656
5,2876,14.2696,54.4716,79.3363,57.479,0.216161
5,2877,14.2696,54.4716,74.2296,57.479,0.309171
5,2878,14.2696,54.4716,68.6416,68.6416,0.457368
5,2879,14.2696,54.4716,76.413,76.413,0.58007
5,2880,14.2696,54.4716,82.6267,82.6267,0.64697
5,2881,14.2696,54.4716,87.0812,87.0812,0.731859
5,2882,14.2696,54.4716,85.7214,85.7214,1
5,2883,14.2696,54.4716,94.9913,94.9913,0.522243
5,2884,14.2696,54.4716,112.603,112.603,0.29107
5,2885,14.2696,54.4716,101.067,101.067,1
5,2886,14.2696,54.4716,81.5943,81.5943,1
5,2887,14.2696,54.4716,71.4571,71.4571,1
5,2888,14.2696,54.4716,78.4641,71.4571,0.611989
5,2889,14.2696,54.4716,55.2612,55.2612,1
5,2890,14.2696,54.4716,69.3826,55.2612,0.371719
5,2891,14.2696,54.4716,59.2274,55.2612,0.757335
5,2892,14.2696,54.4716,73.3962,55.2612,0.280583
5,2893,14.2696,54.4716,75.5235,55.2612,0.241723
5,2894,14.2696,54.4716,55.8498,55.8498,0.959592
5,2895,14.2696,54.4716,59.7029,55.8498,0.76336
5,2896,14.2696,54.4716,68.7797,68.7797,0.40409
5,2897,14.2696,54.4716,67.9049,67.9049,1
5,2898,14.2696,54.4716,56.693,56.693,1
5,2899,14.2696,54.4716,59.214,59.214,0.838057
5,2900,14.2696,54.4716,63.8818,63.8818,0.721004
5,2901,13.5561,54.4716,78.8217,78.8217,0.332179
5,2902,13.5561,54.4716,86.2868,86.2868,0.576557
5,2903,13.5561,54.4716,65.4833,65.4833,1
5,2904,13.5561,54.4716,84.3928,84.3928,0.247857
5,2905,13.5561,54.4716,98.3674,84.3928,0.356696
5,2906,13.5561,54.4716,84.4045,84.4045,0.999134
5,2907,13.5561,54.4716,64.534,64.534,1
5,2908,13.5561,54.4716,69.3285,64.534,0.7021
5,2909,13.5561,54.4716,69.3248,69.3248,0.702293
5,2910,13.5561,54.4716,74.8839,74.8839,0.663597
5,2911,13.5561,54.4716,66.295,66.295,1
5,2912,13.5561,54.4716,62.3167,62.3167,1
5,2913,13.5561,54.4716,81.7153,62.3167,0.239074
5,2914,13.5561,54.4716,70.6357,62.3167,0.541358
5,2915,13.5561,54.4716,74.1084,74.1084,0.419015
5,2916,13.5561,54.4716,78.0091,78.0091,0.749954
5,2917,13.5561,54.4716,72.2057,72.2057,1
5,2918,13.5561,54.4716,57.947,57.947,1
5,2919,13.5561,54.4716,71.152,71.152,0.377532
5,2920,13.5561,54.4716,66.2585,66.2585,1
5,2921,13.5561,54.4716,69.0581,69.0581,0.813414
5,2922,13.5561,54.4716,60.8535,60.8535,1
5,2923,13.5561,54.4716,72.9777,72.9777,0.408864
5,2924,13.5561,54.4716,69.1519,69.1519,1
5,2925,13.5561,54.4716,65.5988,65.5988,1
5,2926,13.5561,54.4716,56.3538,56.3538,1
5,2927,13.5561,54.4716,55.4491,55.4491,1
5,2928,13.5561,54.4716,79.6091,55.4491,0.168263
5,2929,13.5561,54.4716,73.2983,55.4491,0.26802
5,2930,13.5561,54.4716,64.8924,64.8924,0.498272
5,2931,13.5561,54.4716,62.7001,62.7001,1
5,2932,13.5561,54.4716,73.2599,62.7001,0.458876
5,2933,13.5561,54.4716,63.4825,63.4825,0.943914
5,2934,13.5561,54.4716,87.1346,63.4825,0.174688
5,2935,13.5561,54.4716,67.3963,63.4825,0.749229
5,2936,13.5561,54.4716,87.6828,87.6828,0.167764
5,2937,13.5561,54.4716,110.622,87.6828,0.184117
5,2938,13.5561,54.4716,69.2055,69.2055,1
5,2939,13.5561,54.4716,66.8379,66.8379,1
5,2940,13.5561,54.4716,76.3169,66.8379,0.496962
5,2941,13.5561,54.4716,66.2028,66.2028,1
5,2942,13.5561,54.4716,61.1853,61.1853,1
5,2943,13.5561,54.4716,81.0714,61.1853,0.230628
5,2944,13.5561,54.4716,55.6638,55.6638,1
5,2945,13.5561,54.4716,63.2506,55.6638,0.571406
5,2946,13.5561,54.4716,69.582,55.6638,0.358183
5,2947,13.5561,54.4716,73.329,73.329,0.271684
5,2948,13.5561,54.4716,75.3125,75.3125,0.863886
5,2949,13.5561,54.4716,66.8974,66.8974,1
5,2950,13.5561,54.4716,60.0211,60.0211,1
5,2951,13.5561,54.4716,76.0269,60.0211,0.307061
5,2952,13.5561,54.4716,68.5572,60.0211,0.53276
5,2953,13.5561,54.4716,78.7336,78.7336,0.251485
5,2954,13.5561,54.4716,81.4807,81.4807,0.816567
5,2955,13.5561,54.4716,88.3084,88.3084,0.604314
5,2956,13.5561,54.4716,63.6382,63.6382,1
5,2957,13.5561,54.4716,81.8462,63.6382,0.26102
5,2958,13.5561,54.4716,84.9773,84.9773,0.207188
5,2959,13.5561,54.4716,94.6144,94.6144,0.4912
5,2960,13.5561,54.4716,93.2111,93.2111,1
5,2961,13.5561,54.4716,104.633,93.2111,0.43062
5,2962,13.5561,54.4716,109.632,93.2111,0.2978
5,2963,13.5561,54.4716,114.254,114.254,0.211769
5,2964,13.5561,54.4716,96.0853,96.0853,1
5,2965,13.5561,54.4716,93.2742,93.2742,1
5,2966,13.5561,54.4716,92.8993,92.8993,1
5,2967,13.5561,54.4716,86.5698,86.5698,1
5,2968,13.5561,54.4716,78.4222,78.4222,1
5,2969,13.5561,54.4716,92.5431,78.4222,0.352867
5,2970,13.5561,54.4716,80.1666,78.4222,0.879253
5,2971,13.5561,54.4716,102.849,78.4222,0.164979
5,2972,13.5561,54.4716,67.9813,67.9813,1
5,2973,13.5561,54.4716,71.0713,71.0713,0.79617
5,2974,13.5561,54.4716,58.5754,58.5754,1
5,2975,13.5561,54.4716,75.8079,75.8079,0.280495
5,2976,13.5561,54.4716,68.4534,68.4534,1
5,2977,13.5561,54.4716,72.6377,72.6377,0.734426
5,2978,13.5561,54.4716,74.5407,74.5407,0.86903
5,2979,13.5561,54.4716,58.9378,58.9378,1
5,2980,13.5561,54.4716,69.1061,58.9378,0.472325
5,2981,13.5561,54.4716,81.7982,58.9378,0.185194
5,2982,13.5561,54.4716,62.8575,62.8575,0.748901
5,2983,13.5561,54.4716,86.9524,62.8575,0.169075
5,2984,13.5561,54.4716,75.6084,75.6084,0.390394
5,2985,13.5561,54.4716,55.2346,55.2346,1
5,2986,13.5561,54.4716,74.331,55.2346,0.244465
5,2987,13.5561,54.4716,55.7616,55.7616,0.961871
5,2988,13.5561,54.4716,62.3148,55.7616,0.616676
5,2989,13.5561,54.4716,62.2651,62.2651,0.618944
5,2990,13.5561,54.4716,66.7478,66.7478,0.718437
5,2991,13.5561,54.4716,86.6831,86.6831,0.229793
5,2992,13.5561,54.4716,111.395,86.6831,0.161556
5,2993,13.5561,54.4716,68.7143,68.7143,1
5,2994,13.5561,54.4716,56.0146,56.0146,1
5,2995,13.5561,54.4716,60.188,60.188,0.735018
5,2996,13.5561,54.4716,59.0069,59.0069,1
5,2997,13.5561,54.4716,64.7391,64.7391,0.655177
5,2998,13.5561,54.4716,56.4532,56.4532,1
5,2999,13.5561,54.4716,78.4489,56.4532,0.197393
