IdVuelo,TiempoEntrada,X_In,Y_In,Z_In,TiempoSalidaPlan,X_SalP,Y_SalP,Z_SalP,HayConflicto,Resuelto,TipoManiobra,Magnitud,TiempoSalidaReal,X_SalR,Y_SalR,Z_SalR, NumAvionesAct
1,0.0000,140.1971,462.5747,8.0000,266.4333,1000.0001,638.3882,8.0000,0,0,-1,0.0000,266.4333,1000.0001,638.3882,8.0000,0
2,12.0000,1000.0000,26.4385,12.5060,259.2921,-0.0000,548.9830,12.5060,0,0,-1,0.0000,259.2921,-0.0000,548.9830,12.5060,1
3,19.0000,1000.0000,319.4703,9.4931,399.2363,-0.0000,886.2310,9.4931,0,0,-1,0.0000,399.2363,-0.0000,886.2310,9.4931,2
4,33.0000,279.2352,222.7778,15.0000,258.0892,673.1286,999.9999,15.0000,0,0,-1,0.0000,258.0892,673.1286,999.9999,15.0000,3
5,39.0000,0.0000,161.9069,11.4396,375.7263,1000.0001,756.5705,11.4396,0,0,-1,0.0000,375.7263,1000.0001,756.5705,11.4396,4
6,52.0000,270.6940,0.0000,10.6880,276.7957,522.1316,999.9999,10.6880,0,0,-1,0.0000,276.7957,522.1316,999.9999,10.6880,5
7,64.0000,471.7381,945.8964,15.0000,289.2294,199.4428,-0.0000,15.0000,0,0,-1,0.0000,289.2294,199.4428,-0.0000,15.0000,6
8,71.0000,285.0769,890.7986,8.0000,282.2909,593.7270,-0.0000,8.0000,0,0,-1,0.0000,282.2909,593.7270,-0.0000,8.0000,7
9,77.0000,494.9695,967.3601,15.0000,336.0695,554.7197,-0.0000,15.0000,0,0,-1,0.0000,336.0695,554.7197,-0.0000,15.0000,8
10,84.0000,854.5967,0.0000,9.4250,385.8403,223.9901,999.9999,9.4250,0,0,-1,0.0000,385.8403,223.9901,999.9999,9.4250,9
11,89.0000,204.0537,0.0000,9.4766,399.9230,1000.0000,884.8983,9.4766,0,0,-1,0.0000,399.9230,1000.0000,884.8983,9.4766,10
12,96.0000,781.0721,0.0000,14.1037,345.3923,582.7975,1000.0000,14.1037,0,0,-1,0.0000,345.3923,582.7975,1000.0000,14.1037,11
13,109.0000,700.9202,412.4753,8.0000,293.5749,59.7902,1000.0001,8.0000,0,0,-1,0.0000,293.5749,59.7902,1000.0001,8.0000,12
14,117.0000,1000.0000,22.4981,10.7194,431.3778,-0.0000,470.4251,10.7194,0,0,-1,0.0000,431.3778,-0.0000,470.4251,10.7194,13
15,125.0000,803.2180,20.8445,8.0000,480.4830,287.8211,1000.0000,8.0000,0,0,-1,0.0000,480.4830,287.8211,1000.0000,8.0000,14
16,139.0000,967.3223,706.4683,8.0000,370.0160,-0.0000,395.0329,8.0000,0,0,-1,0.0000,370.0160,-0.0000,395.0329,8.0000,15
17,150.0000,229.3096,783.0001,15.0000,418.8853,1000.0000,131.7573,15.0000,0,0,-1,0.0000,418.8853,1000.0000,131.7573,15.0000,16
18,155.0000,0.0000,499.5760,11.9408,429.5580,1000.0000,847.8600,11.9408,0,0,-1,0.0000,429.5580,1000.0000,847.8600,11.9408,17
19,161.0000,0.0000,982.5978,13.5000,617.1262,1000.0000,30.6370,13.5000,0,0,-1,0.0000,617.1262,1000.0000,30.6370,13.5000,18
20,172.0000,72.1075,733.2808,15.0000,452.6433,1000.0000,12.1632,15.0000,0,0,-1,0.0000,452.6433,1000.0000,12.1632,15.0000,19
21,185.0000,1000.0000,612.3037,14.9459,440.1294,-0.0000,63.2068,14.9459,0,0,-1,0.0000,440.1294,-0.0000,63.2068,14.9459,20
22,194.0000,746.3469,303.7795,8.0000,405.0912,-0.0000,558.4074,8.0000,0,0,-1,0.0000,405.0912,-0.0000,558.4074,8.0000,21
23,207.0000,677.9518,0.0000,10.3867,477.3360,590.1273,1000.0001,10.3867,0,0,-1,0.0000,477.3360,590.1273,1000.0001,10.3867,22
24,214.0000,0.0000,309.6447,14.3931,441.4023,999.9999,609.2762,14.3931,0,0,-1,0.0000,441.4023,999.9999,609.2762,14.3931,23
25,221.0000,1000.0000,725.3291,11.0885,465.3383,-0.0000,573.2396,11.0885,0,0,-1,0.0000,465.3383,-0.0000,573.2396,11.0885,24
26,228.0000,229.6098,1000.0000,10.4735,475.8491,429.3194,-0.0000,10.4735,0,0,-1,0.0000,475.8491,429.3194,-0.0000,10.4735,25
27,240.0000,126.0888,748.1992,8.0000,464.9429,1000.0001,49.0149,8.0000,0,0,-1,0.0000,464.9429,1000.0001,49.0149,8.0000,26
28,249.0000,0.0000,694.6302,8.5370,550.7983,1000.0000,536.8743,8.5370,0,0,-1,0.0000,550.7983,1000.0000,536.8743,8.5370,27
29,263.0000,473.1387,702.8909,15.0000,413.4625,703.7206,-0.0000,15.0000,0,0,-1,0.0000,413.4625,703.7206,-0.0000,15.0000,26
30,270.0000,585.0525,670.7803,15.0000,487.4539,223.5597,-0.0000,15.0000,0,0,-1,0.0000,487.4539,223.5597,-0.0000,15.0000,26
31,275.0000,180.8234,230.6479,15.0000,493.8994,630.7264,999.9999,15.0000,0,0,-1,0.0000,493.8994,630.7264,999.9999,15.0000,27
32,283.0000,870.0204,1000.0000,13.8828,578.6025,-0.0000,411.1290,13.8828,0,0,-1,0.0000,578.6025,-0.0000,411.1290,13.8828,26
33,292.0000,251.1063,613.0483,15.0000,523.2589,935.4044,-0.0000,15.0000,0,0,-1,0.0000,523.2589,935.4044,-0.0000,15.0000,26
34,304.0000,354.9046,0.0000,9.4292,571.2972,925.4809,1000.0000,9.4292,0,0,-1,0.0000,571.2972,925.4809,1000.0000,9.4292,26
35,311.0000,0.0000,336.2899,9.5194,558.8204,999.9999,820.3927,9.5194,0,0,-1,0.0000,558.8204,999.9999,820.3927,9.5194,27
36,324.0000,0.0000,100.8738,11.3309,680.7605,1000.0000,945.7726,11.3309,0,0,-1,0.0000,680.7605,1000.0000,945.7726,11.3309,28
37,338.0000,824.9887,1000.0000,13.0201,592.9536,-0.0000,258.0513,13.0201,0,0,-1,0.0000,592.9536,-0.0000,258.0513,13.0201,28
38,351.0000,5.2068,0.0000,10.9536,757.9033,1000.0000,857.1374,10.9536,0,0,-1,0.0000,757.9033,1000.0000,857.1374,10.9536,28
39,357.0000,1000.0000,521.0574,12.4724,357.0000,1000.0000,521.0574,12.4724,0,0,-1,0.0000,357.0000,1000.0000,521.0574,12.4724,29
40,365.0000,633.3920,0.0000,12.7565,628.8779,303.3688,1000.0000,12.7565,0,0,-1,0.0000,628.8779,303.3688,1000.0000,12.7565,29
41,371.0000,803.2443,1000.0000,13.6524,675.2908,441.5934,-0.0000,13.3647,1,1,1,0.0000,675.2908,441.5934,-0.0000,13.6524,29
42,381.0000,540.6555,0.0000,10.8911,698.9564,500.4864,999.9999,10.8911,0,0,-1,0.0000,698.9564,500.4864,999.9999,10.8911,29
43,393.0000,1000.0000,983.7211,12.5094,691.7266,-0.0000,291.9347,12.5094,0,0,-1,0.0000,691.7266,-0.0000,291.9347,12.5094,29
44,400.0000,970.2932,492.5210,15.0000,678.8874,-0.0000,450.0803,15.0000,0,0,-1,0.0000,678.8874,-0.0000,450.0803,15.0000,28
45,407.0000,153.2077,715.0617,8.0000,677.7136,999.9999,325.0117,8.0000,0,0,-1,0.0000,677.7136,999.9999,325.0117,8.0000,28
46,421.0000,245.5586,1000.0000,14.6965,691.8522,1000.0000,170.5669,14.6965,0,0,-1,0.0000,691.8522,1000.0000,170.5669,14.6965,27
47,430.0000,364.2821,517.0222,8.0000,628.0774,1000.0000,523.8361,8.0000,0,0,-1,0.0000,628.0774,1000.0000,523.8361,8.0000,27
48,435.0000,75.9615,399.0805,8.0000,767.1196,999.9999,843.4304,8.0000,0,0,-1,0.0000,767.1196,999.9999,843.4304,8.0000,27
49,449.0000,647.2963,798.8669,15.0000,671.4309,558.0868,-0.0000,15.0000,0,0,-1,0.0000,671.4309,558.0868,-0.0000,15.0000,26
50,462.0000,0.0000,582.5983,11.7369,676.6438,1000.0000,539.1797,11.7369,0,0,-1,0.0000,676.6438,1000.0000,539.1797,11.7369,26
51,476.0000,132.1070,0.0000,14.6324,791.6680,954.3464,1000.0000,14.6324,0,0,-1,0.0000,791.6680,954.3464,1000.0000,14.6324,24
52,490.0000,5.2673,151.3036,15.0000,749.8834,867.3597,999.9999,15.0000,0,0,-1,0.0000,749.8834,867.3597,999.9999,15.0000,22
53,503.0000,774.0174,1000.0000,11.8889,747.1412,-0.0000,140.8856,11.8889,0,0,-1,0.0000,747.1412,-0.0000,140.8856,11.8889,22
54,516.0000,609.7449,441.8151,8.0000,689.3611,71.3155,1000.0000,8.0000,0,0,-1,0.0000,689.3611,71.3155,1000.0000,8.0000,23
55,521.0000,96.0130,1000.0000,10.7064,751.3615,561.2073,-0.0000,10.7064,0,0,-1,0.0000,751.3615,561.2073,-0.0000,10.7064,24
56,529.0000,1000.0000,123.1626,12.8871,789.8424,35.9460,1000.0000,12.8871,0,0,-1,0.0000,789.8424,35.9460,1000.0000,12.8871,24
57,534.0000,525.8602,1000.0000,11.4048,806.9318,485.9603,-0.0000,11.4048,0,0,-1,0.0000,806.9318,485.9603,-0.0000,11.4048,25
58,547.0000,756.8462,457.1235,15.0000,728.5114,-0.0000,709.3148,15.0000,0,0,-1,0.0000,728.5114,-0.0000,709.3148,15.0000,26
59,557.0000,1000.0000,642.7543,12.6716,813.1953,-0.0000,141.1120,12.6716,0,0,-1,0.0000,813.1953,-0.0000,141.1120,12.6716,26
60,567.0000,0.0000,61.3801,12.3563,863.3469,999.9999,658.3268,12.3563,0,0,-1,0.0000,863.3469,999.9999,658.3268,12.3563,26
61,579.0000,0.0000,378.6009,9.9000,904.0233,1000.0000,812.1868,9.9000,0,0,-1,0.0000,904.0233,1000.0000,812.1868,9.9000,25
62,589.0000,779.3162,703.2153,15.0000,797.1433,225.1888,-0.0000,15.0000,0,0,-1,0.0000,797.1433,225.1888,-0.0000,15.0000,26
63,596.0000,502.7383,28.9988,15.0000,877.3741,269.2067,1000.0000,15.0000,0,0,-1,0.0000,877.3741,269.2067,1000.0000,15.0000,26
64,607.0000,0.0000,774.9323,8.8020,960.3893,999.9999,161.5136,8.8020,0,0,-1,0.0000,960.3893,999.9999,161.5136,8.8020,27
65,616.0000,1000.0000,603.7924,8.1257,939.7159,-0.0000,43.2472,8.1257,0,0,-1,0.0000,939.7159,-0.0000,43.2472,8.1257,28
66,626.0000,9.9389,1000.0000,14.2205,1010.3928,1000.0000,340.5164,14.2205,0,0,-1,0.0000,1010.3928,1000.0000,340.5164,14.2205,28
67,637.0000,251.4766,0.0000,9.6807,1023.9377,884.6492,1000.0000,9.6807,0,0,-1,0.0000,1023.9377,884.6492,1000.0000,9.6807,27
68,651.0000,551.4678,1000.0000,14.0084,905.2406,739.8696,-0.0000,14.0084,0,0,-1,0.0000,905.2406,739.8696,-0.0000,14.0084,28
69,658.0000,160.6773,443.8609,8.0000,885.6018,999.9999,648.0352,8.0000,0,0,-1,0.0000,885.6018,999.9999,648.0352,8.0000,29
70,664.0000,735.5857,1000.0000,13.4303,1000.1142,353.6250,-0.0000,13.4303,0,0,-1,0.0000,1000.1142,353.6250,-0.0000,13.4303,30
71,676.0000,1000.0000,735.9681,10.9837,900.9290,-0.0000,550.1632,10.9837,0,0,-1,0.0000,900.9290,-0.0000,550.1632,10.9837,29
72,690.0000,1000.0000,501.0330,14.3753,966.3936,-0.0000,374.7296,14.3753,0,0,-1,0.0000,966.3936,-0.0000,374.7296,14.3753,25
73,698.0000,717.5417,1000.0000,11.7793,1069.6006,146.7978,-0.0000,11.7793,0,0,-1,0.0000,1069.6006,146.7978,-0.0000,11.7793,24
74,711.0000,0.0000,162.6764,12.7890,975.6957,1000.0000,462.7279,12.7890,0,0,-1,0.0000,975.6957,1000.0000,462.7279,12.7890,24
75,718.0000,190.4170,758.9666,15.0000,940.5677,1000.0000,160.2760,15.0000,0,0,-1,0.0000,940.5677,1000.0000,160.2760,15.0000,25
76,726.0000,283.0757,1000.0000,14.7511,993.9027,1000.0000,238.2555,14.7511,0,0,-1,0.0000,993.9027,1000.0000,238.2555,14.7511,26
77,732.0000,451.8933,685.7959,8.0000,882.8669,687.6890,-0.0000,8.0000,0,0,-1,0.0000,882.8669,687.6890,-0.0000,8.0000,26
78,737.0000,0.0000,723.5662,9.5150,975.3871,1000.0001,242.5967,9.5150,0,0,-1,0.0000,975.3871,1000.0001,242.5967,9.5150,27
79,747.0000,0.0000,452.1323,10.2092,1076.6825,1000.0001,203.7525,10.2092,0,0,-1,0.0000,1076.6825,1000.0001,203.7525,10.2092,28
80,758.0000,64.0863,439.7141,8.0000,976.7327,1000.0000,767.1915,8.0000,0,0,-1,0.0000,976.7327,1000.0000,767.1915,8.0000,25
81,769.0000,489.8011,1000.0000,13.3926,1026.1240,448.9283,-0.0000,13.3926,0,0,-1,0.0000,1026.1240,448.9283,-0.0000,13.3926,25
82,780.0000,21.7234,0.0000,12.3128,1086.7245,981.5009,1000.0000,12.3128,0,0,-1,0.0000,1086.7245,981.5009,1000.0000,12.3128,26
83,790.0000,353.1703,684.8521,8.0000,995.4750,734.8601,-0.0000,8.0000,0,0,-1,0.0000,995.4750,734.8601,-0.0000,8.0000,26
84,798.0000,277.9300,1000.0000,13.7814,1041.7007,491.1923,-0.0000,13.7814,0,0,-1,0.0000,1041.7007,491.1923,-0.0000,13.7814,25
85,804.0000,448.1448,0.0000,13.3118,1087.2356,440.9272,1000.0001,13.3118,0,0,-1,0.0000,1087.2356,440.9272,1000.0001,13.3118,26
86,809.0000,1000.0000,257.3075,12.5900,1074.9336,-0.0000,365.0504,12.5900,0,0,-1,0.0000,1074.9336,-0.0000,365.0504,12.5900,26
87,817.0000,935.5325,433.4839,15.0000,1096.2780,-0.0000,797.8519,15.0000,0,0,-1,0.0000,1096.2780,-0.0000,797.8519,15.0000,26
88,830.0000,464.9003,205.5757,8.0000,1005.3198,298.7406,1000.0001,8.0000,0,0,-1,0.0000,1005.3198,298.7406,1000.0001,8.0000,27
89,838.0000,759.9073,877.3289,8.0000,1070.4868,-0.0000,42.7652,8.0000,0,0,-1,0.0000,1070.4868,-0.0000,42.7652,8.0000,28
90,843.0000,981.8113,897.4149,15.0000,1160.9227,355.2956,-0.0000,15.0000,0,0,-1,0.0000,1160.9227,355.2956,-0.0000,15.0000,29
91,851.0000,730.9975,0.0000,10.6869,1165.5726,510.5057,999.9999,10.6869,0,0,-1,0.0000,1165.5726,510.5057,999.9999,10.6869,30
92,860.0000,273.9818,604.6036,8.0000,1097.4644,999.9999,153.8358,8.0000,0,0,-1,0.0000,1097.4644,999.9999,153.8358,8.0000,31
93,867.0000,935.9459,719.6403,8.0000,1220.2681,-0.0000,62.8885,8.0000,0,0,-1,0.0000,1220.2681,-0.0000,62.8885,8.0000,31
94,880.0000,371.1233,521.6370,15.0000,1031.3849,999.9999,202.1550,15.0000,0,0,-1,0.0000,1031.3849,999.9999,202.1550,15.0000,31
95,894.0000,0.0000,113.5027,8.4598,1165.5298,999.9999,490.2948,8.4598,0,0,-1,0.0000,1165.5298,999.9999,490.2948,8.4598,30
96,907.0000,520.0451,921.1028,8.0000,1176.5635,388.9660,-0.0000,8.0000,0,0,-1,0.0000,1176.5635,388.9660,-0.0000,8.0000,28
97,915.0000,1000.0000,258.2628,11.9297,1201.7218,-0.0000,908.0474,11.9297,0,0,-1,0.0000,1201.7218,-0.0000,908.0474,11.9297,29
98,925.0000,1000.0000,836.1087,10.2919,1268.6908,-0.0000,201.2429,10.2919,0,0,-1,0.0000,1268.6908,-0.0000,201.2429,10.2919,30
99,937.0000,548.4355,1000.0000,14.4478,1198.7629,761.7999,-0.0000,14.4478,0,0,-1,0.0000,1198.7629,761.7999,-0.0000,14.4478,31
100,951.0000,1000.0000,61.7376,12.4214,1222.7156,226.2972,1000.0000,12.4214,0,0,-1,0.0000,1222.7156,226.2972,1000.0000,12.4214,30
101,956.0000,3.3877,816.9244,15.0000,1193.7874,1000.0000,276.6743,15.0000,0,0,-1,0.0000,1193.7874,1000.0000,276.6743,15.0000,31
102,965.0000,1000.0000,558.8488,13.6777,1194.6619,-0.0000,173.3549,13.6777,0,0,-1,0.0000,1194.6619,-0.0000,173.3549,13.6777,31
103,973.0000,411.1841,0.0000,9.7669,1226.0916,256.3172,1000.0000,9.7669,0,0,-1,0.0000,1226.0916,256.3172,1000.0000,9.7669,31
104,978.0000,1000.0000,788.4144,9.3814,1231.3879,114.5860,-0.0000,9.3814,0,0,-1,0.0000,1231.3879,114.5860,-0.0000,9.3814,29
105,986.0000,55.3742,1000.0000,11.7163,1239.7900,624.9862,-0.0000,11.7163,0,0,-1,0.0000,1239.7900,624.9862,-0.0000,11.7163,30
106,1000.0000,326.9408,0.0000,11.8309,1228.7524,510.6562,1000.0001,11.8309,0,0,-1,0.0000,1228.7524,510.6562,1000.0001,11.8309,29
107,1005.0000,0.0000,132.8449,9.8571,1390.1643,857.3984,1000.0000,9.8571,0,0,-1,0.0000,1390.1643,857.3984,1000.0000,9.8571,29
108,1019.0000,609.1111,0.0000,11.7619,1290.0223,169.9762,1000.0001,11.7619,0,0,-1,0.0000,1290.0223,169.9762,1000.0001,11.7619,28
109,1032.0000,645.6743,192.1721,8.0000,1256.8662,50.0037,999.9999,8.0000,0,0,-1,0.0000,1256.8662,50.0037,999.9999,8.0000,26
110,1042.0000,852.2604,0.0000,13.4882,1362.3159,-0.0000,609.6929,13.4882,0,0,-1,0.0000,1362.3159,-0.0000,609.6929,13.4882,26
111,1047.0000,0.0000,248.7338,8.3913,1320.8826,1000.0000,616.5428,8.3913,0,0,-1,0.0000,1320.8826,1000.0000,616.5428,8.3913,27
112,1053.0000,602.5947,52.2083,15.0000,1308.0215,483.2789,999.9999,15.0000,0,0,-1,0.0000,1308.0215,483.2789,999.9999,15.0000,28
113,1062.0000,184.4798,489.6559,15.0000,1306.5240,1000.0000,641.0262,15.0000,0,0,-1,0.0000,1306.5240,1000.0000,641.0262,15.0000,29
114,1067.0000,7.3126,487.8102,8.0000,1324.7640,999.9999,374.3878,8.0000,0,0,-1,0.0000,1324.7640,999.9999,374.3878,8.0000,30
115,1076.0000,147.2372,0.0000,12.5135,1324.1970,1000.0000,719.4286,12.5135,0,0,-1,0.0000,1324.1970,1000.0000,719.4286,12.5135,28
116,1082.0000,1000.0000,115.5431,13.4387,1378.0513,-0.0000,825.3306,13.4387,0,0,-1,0.0000,1378.0513,-0.0000,825.3306,13.4387,28
117,1096.0000,297.0444,85.6331,8.0000,1357.0001,443.0988,1000.0001,8.0000,0,0,-1,0.0000,1357.0001,443.0988,1000.0001,8.0000,27
118,1107.0000,189.5658,593.6447,8.0000,1329.6364,999.9999,50.5228,8.0000,0,0,-1,0.0000,1329.6364,999.9999,50.5228,8.0000,26
119,1115.0000,0.0000,561.9110,8.8737,1361.1987,1000.0000,399.1272,8.8737,0,0,-1,0.0000,1361.1987,1000.0000,399.1272,8.8737,27
120,1122.0000,788.7004,478.0829,8.0000,1302.3290,-0.0000,721.4189,8.0000,0,0,-1,0.0000,1302.3290,-0.0000,721.4189,8.0000,28
121,1128.0000,0.0000,129.3588,10.3197,1449.3992,1000.0001,637.3235,10.3197,0,0,-1,0.0000,1449.3992,1000.0001,637.3235,10.3197,29
122,1136.0000,259.3247,991.5975,8.0000,1408.7434,578.9570,-0.0000,8.0000,0,0,-1,0.0000,1408.7434,578.9570,-0.0000,8.0000,30
123,1147.0000,0.0000,448.5455,11.6542,1348.7394,1000.0000,513.5967,11.6542,0,0,-1,0.0000,1348.7394,1000.0000,513.5967,11.6542,31
124,1154.0000,602.2781,1000.0000,13.3439,1368.4084,407.8542,-0.0000,13.3439,0,0,-1,0.0000,1368.4084,407.8542,-0.0000,13.3439,32
125,1159.0000,305.5553,1000.0000,12.5466,1394.2848,834.4999,-0.0000,12.5466,0,0,-1,0.0000,1394.2848,834.4999,-0.0000,12.5466,33
126,1168.0000,90.1780,0.0000,14.0793,1519.6167,520.4883,1000.0001,14.0793,0,0,-1,0.0000,1519.6167,520.4883,1000.0001,14.0793,31
127,1175.0000,0.0000,637.9761,14.4870,1409.5713,1000.0000,641.0157,14.4870,0,0,-1,0.0000,1409.5713,1000.0000,641.0157,14.4870,32
128,1183.0000,1000.0000,193.9931,8.9276,1417.3035,353.8515,1000.0000,8.9276,0,0,-1,0.0000,1417.3035,353.8515,1000.0000,8.9276,32
129,1195.0000,828.0477,0.0000,13.1113,1569.4336,0.6606,1000.0001,13.1113,0,0,-1,0.0000,1569.4336,0.6606,1000.0001,13.1113,31
130,1208.0000,354.7028,250.7680,15.0000,1425.1866,594.2933,999.9999,15.0000,0,0,-1,0.0000,1425.1866,594.2933,999.9999,15.0000,30
131,1222.0000,116.7680,1000.0000,13.3488,1546.3855,722.5142,-0.0000,13.3488,0,0,-1,0.0000,1546.3855,722.5142,-0.0000,13.3488,30
132,1227.0000,444.4991,1000.0000,14.9569,1469.6943,492.8068,-0.0000,14.9569,0,0,-1,0.0000,1469.6943,492.8068,-0.0000,14.9569,29
133,1237.0000,972.8527,1000.0000,14.9321,1570.1179,-0.0000,493.3081,14.9321,0,0,-1,0.0000,1570.1179,-0.0000,493.3081,14.9321,28
134,1249.0000,1000.0000,760.8491,11.9113,1489.6760,-0.0000,528.9516,11.9113,0,0,-1,0.0000,1489.6760,-0.0000,528.9516,11.9113,28
135,1257.0000,125.3238,43.7774,15.0000,1500.1802,999.9999,877.8747,15.0000,0,0,-1,0.0000,1500.1802,999.9999,877.8747,15.0000,28
136,1269.0000,754.4827,388.7606,8.0000,1497.3901,-0.0000,551.2598,8.0000,0,0,-1,0.0000,1497.3901,-0.0000,551.2598,8.0000,28
137,1276.0000,937.6884,1000.0000,8.6075,1595.5453,166.9982,-0.0000,8.6075,0,0,-1,0.0000,1595.5453,166.9982,-0.0000,8.6075,29
138,1290.0000,48.6994,0.0000,9.3230,1686.3239,862.1102,1000.0000,9.3230,0,0,-1,0.0000,1686.3239,862.1102,1000.0000,9.3230,30
139,1297.0000,674.9425,783.1907,15.0000,1534.6920,-0.0000,7.0153,15.0000,0,0,-1,0.0000,1534.6920,-0.0000,7.0153,15.0000,30
140,1302.0000,328.8931,1000.0000,8.6613,1640.0544,963.0392,-0.0000,8.6613,0,0,-1,0.0000,1640.0544,963.0392,-0.0000,8.6613,31
141,1314.0000,1000.0000,210.3920,11.3526,1659.1704,-0.0000,487.9158,11.3526,0,0,-1,0.0000,1659.1704,-0.0000,487.9158,11.3526,29
142,1324.0000,0.0000,238.5563,8.1405,1629.2671,999.9999,567.1334,8.1405,0,0,-1,0.0000,1629.2671,999.9999,567.1334,8.1405,29
143,1329.0000,191.2051,0.0000,8.4940,1620.7061,617.7783,999.9999,8.4940,0,0,-1,0.0000,1620.7061,617.7783,999.9999,8.4940,28
144,1339.0000,1000.0000,61.5547,14.2285,1703.2233,421.7831,1000.0000,14.2285,0,0,-1,0.0000,1703.2233,421.7831,1000.0000,14.2285,28
145,1346.0000,412.1070,1000.0000,11.4528,1634.7734,988.4029,-0.0000,11.4528,0,0,-1,0.0000,1634.7734,988.4029,-0.0000,11.4528,29
146,1355.0000,0.0000,195.2574,8.8078,1575.3010,1000.0000,649.1359,8.8078,0,0,-1,0.0000,1575.3010,1000.0000,649.1359,8.8078,29
147,1369.0000,120.4842,1000.0000,12.7468,1651.8777,1000.0000,222.3792,12.7468,0,0,-1,0.0000,1651.8777,1000.0000,222.3792,12.7468,26
148,1374.0000,1000.0000,949.3160,8.8531,1720.5931,221.8804,-0.0000,8.8531,0,0,-1,0.0000,1720.5931,221.8804,-0.0000,8.8531,27
149,1384.0000,402.9352,515.1254,8.0000,1541.3983,999.9999,518.5109,8.0000,0,0,-1,0.0000,1541.3983,999.9999,518.5109,8.0000,27
150,1396.0000,305.9630,0.0000,13.1838,1700.0356,785.5621,1000.0001,13.1838,0,0,-1,0.0000,1700.0356,785.5621,1000.0001,13.1838,26
151,1402.0000,1000.0000,217.8624,14.3740,1626.4216,-0.0000,434.7150,14.3740,0,0,-1,0.0000,1626.4216,-0.0000,434.7150,14.3740,27
152,1408.0000,90.8443,0.0000,13.5546,1737.0801,911.5777,1000.0000,13.5546,0,0,-1,0.0000,1737.0801,911.5777,1000.0000,13.5546,28
153,1418.0000,1000.0000,303.2390,13.4426,1641.2074,-0.0000,466.7526,13.4426,0,0,-1,0.0000,1641.2074,-0.0000,466.7526,13.4426,26
154,1426.0000,1000.0000,124.7604,11.1575,1706.2711,-0.0000,432.6973,11.1575,0,0,-1,0.0000,1706.2711,-0.0000,432.6973,11.1575,26
155,1435.0000,1000.0000,796.4750,13.4910,1728.3999,-0.0000,199.8737,13.4910,0,0,-1,0.0000,1728.3999,-0.0000,199.8737,13.4910,27
156,1448.0000,997.1302,1000.0000,11.5094,1793.2632,296.3409,-0.0000,11.5094,0,0,-1,0.0000,1793.2632,296.3409,-0.0000,11.5094,28
157,1457.0000,20.1657,0.0000,12.6531,1769.0389,885.9037,999.9999,12.6531,0,0,-1,0.0000,1769.0389,885.9037,999.9999,12.6531,28
158,1462.0000,1000.0000,463.5621,8.6391,1692.6353,-0.0000,242.5424,8.6391,0,0,-1,0.0000,1692.6353,-0.0000,242.5424,8.6391,29
159,1473.0000,787.4946,549.9791,8.0000,1473.0000,787.4946,549.9791,8.0000,1,1,2,0.0000,1473.0000,787.4946,549.9791,8.0000,29
160,1482.0000,266.6826,367.8439,8.0000,1693.4429,1000.0001,531.1479,8.0000,0,0,-1,0.0000,1693.4429,1000.0001,531.1479,8.0000,29
161,1488.0000,510.8264,212.3657,15.0000,1722.7788,709.3419,1000.0000,15.0000,0,0,-1,0.0000,1722.7788,709.3419,1000.0000,15.0000,30
162,1500.0000,744.0891,653.0956,15.0000,1743.8875,-0.0000,23.7522,15.0000,0,0,-1,0.0000,1743.8875,-0.0000,23.7522,15.0000,29
163,1512.0000,0.0000,180.5428,11.8160,1816.4348,1000.0000,550.9927,11.8160,0,0,-1,0.0000,1816.4348,1000.0000,550.9927,11.8160,29
164,1525.0000,600.1887,0.0000,14.0704,1865.8011,67.0527,1000.0000,14.0704,0,0,-1,0.0000,1865.8011,67.0527,1000.0000,14.0704,29
165,1538.0000,512.4512,0.0000,8.3950,1829.7352,223.4219,1000.0000,8.3950,0,0,-1,0.0000,1829.7352,223.4219,1000.0000,8.3950,29
166,1552.0000,265.2157,758.1278,15.0000,1740.4563,1000.0000,264.5203,15.0000,0,0,-1,0.0000,1740.4563,1000.0000,264.5203,15.0000,28
167,1559.0000,474.7301,972.4609,8.0000,1807.8601,273.0032,-0.0000,8.0000,0,0,-1,0.0000,1807.8601,273.0032,-0.0000,8.0000,29
168,1569.0000,0.0000,239.8909,9.8040,1789.1471,1000.0000,590.4855,9.8040,0,0,-1,0.0000,1789.1471,1000.0000,590.4855,9.8040,30
169,1583.0000,3.5733,900.8354,15.0000,1899.6426,1000.0000,2.9295,15.0000,0,0,-1,0.0000,1899.6426,1000.0000,2.9295,15.0000,28
170,1597.0000,0.0000,673.3810,12.8466,1881.2549,1000.0000,215.9873,12.8466,0,0,-1,0.0000,1881.2549,1000.0000,215.9873,12.8466,28
171,1603.0000,1000.0000,498.6342,12.1682,1934.1825,-0.0000,615.2548,12.1682,0,0,-1,0.0000,1934.1825,-0.0000,615.2548,12.1682,29
172,1612.0000,50.9478,919.1976,8.0000,1873.4152,834.2251,-0.0000,8.0000,0,0,-1,0.0000,1873.4152,834.2251,-0.0000,8.0000,30
173,1621.0000,0.0000,840.8468,9.9092,1884.5978,1000.0000,15.9811,9.9092,0,0,-1,0.0000,1884.5978,1000.0000,15.9811,9.9092,30
174,1626.0000,157.2345,0.0000,9.7005,1885.3265,633.5964,1000.0000,9.7005,0,0,-1,0.0000,1885.3265,633.5964,1000.0000,9.7005,31
175,1639.0000,676.8951,1000.0000,14.0157,1906.3765,-0.0000,60.3046,14.0157,0,0,-1,0.0000,1906.3765,-0.0000,60.3046,14.0157,29
176,1650.0000,267.8867,0.0000,13.3518,1934.9128,909.0671,1000.0001,13.3518,0,0,-1,0.0000,1934.9128,909.0671,1000.0001,13.3518,28
177,1664.0000,311.2213,576.3577,8.0000,1852.8411,999.9999,361.4495,8.0000,0,0,-1,0.0000,1852.8411,999.9999,361.4495,8.0000,27
178,1678.0000,523.6711,0.0000,10.7552,1919.2217,215.4336,1000.0000,10.7552,0,0,-1,0.0000,1919.2217,215.4336,1000.0000,10.7552,28
179,1692.0000,203.0596,755.5657,8.0000,2004.3441,767.6212,-0.0000,8.0000,0,0,-1,0.0000,2004.3441,767.6212,-0.0000,8.0000,28
180,1705.0000,119.3345,370.6557,15.0000,1965.6077,999.9999,960.8011,15.0000,0,0,-1,0.0000,1965.6077,999.9999,960.8011,15.0000,25
181,1715.0000,1000.0000,496.5090,13.4979,2047.7808,-0.0000,372.1671,13.4979,0,0,-1,0.0000,2047.7808,-0.0000,372.1671,13.4979,25
182,1724.0000,1000.0000,246.3506,13.6041,2054.2236,-0.0000,503.0285,13.6041,0,0,-1,0.0000,2054.2236,-0.0000,503.0285,13.6041,24
183,1737.0000,186.5294,1000.0000,9.8077,1966.7885,475.8230,-0.0000,9.8077,0,0,-1,0.0000,1966.7885,475.8230,-0.0000,9.8077,24
184,1746.0000,354.9010,674.9720,8.0000,1899.3741,999.9999,287.1816,8.0000,0,0,-1,0.0000,1899.3741,999.9999,287.1816,8.0000,22
185,1752.0000,1000.0000,621.8126,11.1004,2025.3573,-0.0000,499.1348,11.1004,0,0,-1,0.0000,2025.3573,-0.0000,499.1348,11.1004,23
186,1761.0000,466.1227,306.2312,8.0000,1937.5166,638.8138,1000.0001,8.0000,1,1,0,0.0000,3698.5210,638.8138,1000.0001,8.0000,24
187,1767.0000,0.0000,755.2618,14.3355,1987.1003,1000.0001,610.1290,14.3355,0,0,-1,0.0000,1987.1003,1000.0001,610.1290,14.3355,25
188,1775.0000,14.2114,320.1666,8.0000,2048.3242,1000.0000,813.8978,8.0000,0,0,-1,0.0000,2048.3242,1000.0000,813.8978,8.0000,25
189,1784.0000,747.6814,648.2677,8.0000,1988.1125,-0.0000,206.6360,8.0000,0,0,-1,0.0000,1988.1125,-0.0000,206.6360,8.0000,26
190,1795.0000,1000.0000,201.7690,12.7112,2174.0835,-0.0000,921.4435,12.7112,0,0,-1,0.0000,2174.0835,-0.0000,921.4435,12.7112,25
191,1804.0000,0.0000,294.5119,13.0024,2023.8876,799.3511,999.9999,13.0024,0,0,-1,0.0000,2023.8876,799.3511,999.9999,13.0024,26
192,1810.0000,0.0000,127.5186,12.9041,2054.2910,852.3193,1000.0000,12.9041,0,0,-1,0.0000,2054.2910,852.3193,1000.0000,12.9041,26
193,1824.0000,1000.0000,322.4333,11.2353,2120.2910,-0.0000,715.3706,11.2353,0,0,-1,0.0000,2120.2910,-0.0000,715.3706,11.2353,26
194,1832.0000,1000.0000,935.5226,11.3742,2215.4971,-0.0000,289.3221,11.3742,0,0,-1,0.0000,2215.4971,-0.0000,289.3221,11.3742,26
195,1841.0000,1000.0000,454.7839,13.1912,2148.5220,-0.0000,712.1151,13.1912,0,0,-1,0.0000,2148.5220,-0.0000,712.1151,13.1912,27
196,1847.0000,51.6493,814.7401,8.0000,2231.4072,958.9238,-0.0000,8.0000,0,0,-1,0.0000,2231.4072,958.9238,-0.0000,8.0000,28
197,1859.0000,907.7127,1000.0000,12.7481,2093.7764,-0.0000,415.8139,12.7481,0,0,-1,0.0000,2093.7764,-0.0000,415.8139,12.7481,28
198,1867.0000,823.3252,553.1688,15.0000,2036.0988,-0.0000,446.1903,15.0000,0,0,-1,0.0000,2036.0988,-0.0000,446.1903,15.0000,28
199,1876.0000,20.5909,1000.0000,8.6171,2160.4202,742.7891,-0.0000,8.6171,0,0,-1,0.0000,2160.4202,742.7891,-0.0000,8.6171,28
200,1888.0000,532.8636,0.0000,14.8513,2110.4480,790.5450,1000.0000,14.8513,0,0,-1,0.0000,2110.4480,790.5450,1000.0000,14.8513,26
201,1896.0000,173.6015,0.0000,9.5682,2239.6768,896.5573,999.9999,9.5682,0,0,-1,0.0000,2239.6768,896.5573,999.9999,9.5682,27
202,1904.0000,546.1398,0.0000,14.2476,2150.7834,733.6796,1000.0001,14.2476,0,0,-1,0.0000,2150.7834,733.6796,1000.0001,14.2476,26
203,1912.0000,0.0000,38.5282,12.1953,2136.5454,1000.0000,528.7819,12.1953,0,0,-1,0.0000,2136.5454,1000.0000,528.7819,12.1953,26
204,1921.0000,471.0553,0.0000,14.5540,2156.8855,765.1168,1000.0000,14.5540,0,0,-1,0.0000,2156.8855,765.1168,1000.0000,14.5540,26
205,1931.0000,921.4299,0.0000,11.2793,2219.0645,-0.0000,608.7242,11.2793,0,0,-1,0.0000,2219.0645,-0.0000,608.7242,11.2793,27
206,1939.0000,630.5153,719.3586,15.0000,2120.4656,306.5372,-0.0000,15.0000,0,0,-1,0.0000,2120.4656,306.5372,-0.0000,15.0000,26
207,1944.0000,1000.0000,168.1625,8.1493,2215.4121,249.9615,1000.0001,8.1493,0,0,-1,0.0000,2215.4121,249.9615,1000.0001,8.1493,27
208,1953.0000,1000.0000,321.4571,8.3081,2218.3750,-0.0000,996.5114,8.3081,0,0,-1,0.0000,2218.3750,-0.0000,996.5114,8.3081,28
209,1964.0000,395.2883,0.0000,13.2984,2171.2922,598.9454,1000.0001,13.2984,0,0,-1,0.0000,2171.2922,598.9454,1000.0001,13.2984,29
210,1971.0000,486.2148,0.0000,11.9349,2301.1660,405.6660,1000.0000,11.9349,0,0,-1,0.0000,2301.1660,405.6660,1000.0000,11.9349,28
211,1976.0000,257.8560,0.0000,10.1935,2205.9514,452.3709,1000.0001,10.1935,0,0,-1,0.0000,2205.9514,452.3709,1000.0001,10.1935,29
212,1983.0000,0.0000,214.4823,10.7002,2211.2556,1000.0001,643.5964,10.7002,0,0,-1,0.0000,2211.2556,1000.0001,643.5964,10.7002,30
213,1991.0000,203.6207,0.0000,13.5794,2312.7324,584.4010,1000.0000,13.5794,0,0,-1,0.0000,2312.7324,584.4010,1000.0000,13.5794,29
214,2003.0000,527.5153,615.5095,15.0000,2159.3938,144.9308,-0.0000,15.0000,0,0,-1,0.0000,2159.3938,144.9308,-0.0000,15.0000,30
215,2012.0000,208.8168,0.0000,14.5210,2248.8066,804.6537,1000.0000,14.5210,0,0,-1,0.0000,2248.8066,804.6537,1000.0000,14.5210,30
216,2017.0000,0.0000,54.8071,8.2498,2315.2791,926.2728,1000.0000,8.2498,0,0,-1,0.0000,2315.2791,926.2728,1000.0000,8.2498,31
217,2022.0000,0.0000,172.2546,10.1793,2308.2095,697.5492,1000.0000,10.1793,0,0,-1,0.0000,2308.2095,697.5492,1000.0000,10.1793,32
218,2034.0000,0.0000,604.5076,13.5922,2287.0002,1000.0000,187.0293,13.5922,0,0,-1,0.0000,2287.0002,1000.0000,187.0293,13.5922,31
219,2044.0000,0.0000,732.4658,14.3642,2392.7832,999.9999,60.8248,14.3642,0,0,-1,0.0000,2392.7832,999.9999,60.8248,14.3642,31
220,2053.0000,633.4619,775.9675,15.0000,2252.9285,459.8318,-0.0000,15.0000,0,0,-1,0.0000,2252.9285,459.8318,-0.0000,15.0000,30
221,2060.0000,632.4125,701.5946,8.0000,2321.0977,-0.0000,34.5443,8.0000,0,0,-1,0.0000,2321.0977,-0.0000,34.5443,8.0000,29
222,2066.0000,999.5002,760.0334,15.0000,2303.5188,-0.0000,341.1237,15.0000,0,0,-1,0.0000,2303.5188,-0.0000,341.1237,15.0000,30
223,2077.0000,767.8730,1000.0000,13.2468,2430.8770,-0.0000,120.3733,13.2468,0,0,-1,0.0000,2430.8770,-0.0000,120.3733,13.2468,31
224,2084.0000,640.8580,781.1552,7.8476,2349.4341,339.8454,-0.0000,8.0000,1,1,1,0.0000,2349.4341,339.8454,-0.0000,7.8476,32
225,2097.0000,37.5304,0.0000,10.8560,2424.4221,716.7887,1000.0001,10.8560,0,0,-1,0.0000,2424.4221,716.7887,1000.0001,10.8560,32
226,2104.0000,0.0000,661.4508,13.4612,2431.9998,1000.0000,651.4345,13.4612,0,0,-1,0.0000,2431.9998,1000.0000,651.4345,13.4612,33
227,2118.0000,548.3526,1000.0000,10.8506,2400.7217,126.5776,-0.0000,10.8506,0,0,-1,0.0000,2400.7217,126.5776,-0.0000,10.8506,33
228,2129.0000,0.0000,960.4084,12.0771,2391.4802,536.1005,-0.0000,12.0771,0,0,-1,0.0000,2391.4802,536.1005,-0.0000,12.0771,32
229,2143.0000,1000.0000,845.6702,11.5108,2405.0159,-0.0000,510.3606,11.5108,0,0,-1,0.0000,2405.0159,-0.0000,510.3606,11.5108,32
230,2156.0000,219.3362,340.2386,15.0000,2347.2649,999.9999,721.2417,15.0000,0,0,-1,0.0000,2347.2649,999.9999,721.2417,15.0000,31
231,2167.0000,1000.0000,341.5371,11.7027,2471.3081,-0.0000,447.1443,11.7027,0,0,-1,0.0000,2471.3081,-0.0000,447.1443,11.7027,29
232,2172.0000,443.9060,16.4243,15.0000,2448.3394,486.8402,999.9999,15.0000,0,0,-1,0.0000,2448.3394,486.8402,999.9999,15.0000,29
233,2179.0000,0.0000,388.1904,8.1672,2403.5239,1000.0000,752.1122,8.1672,0,0,-1,0.0000,2403.5239,1000.0000,752.1122,8.1672,29
234,2187.0000,21.4909,634.1552,15.0000,2403.4346,1000.0000,518.0869,15.0000,0,0,-1,0.0000,2403.4346,1000.0000,518.0869,15.0000,30
235,2196.0000,831.4864,0.0000,9.6149,2591.0186,26.7791,1000.0000,9.6149,0,0,-1,0.0000,2591.0186,26.7791,1000.0000,9.6149,31
236,2202.0000,990.2952,0.0000,10.3651,2475.7083,149.3782,999.9999,10.3651,0,0,-1,0.0000,2475.7083,149.3782,999.9999,10.3651,32
237,2215.0000,668.1304,568.2065,15.0000,2357.3552,-0.0000,541.3029,15.0000,0,0,-1,0.0000,2357.3552,-0.0000,541.3029,15.0000,31
238,2225.0000,266.7936,307.4608,8.0000,2457.9548,1000.0001,685.0804,8.0000,0,0,-1,0.0000,2457.9548,1000.0001,685.0804,8.0000,28
239,2230.0000,852.2238,357.2509,15.0000,2504.3442,-0.0000,928.8030,15.0000,0,0,-1,0.0000,2504.3442,-0.0000,928.8030,15.0000,29
240,2242.0000,233.6854,1000.0000,8.0801,2547.8179,1000.0001,69.6005,8.0801,0,0,-1,0.0000,2547.8179,1000.0001,69.6005,8.0801,28
241,2253.0000,952.3423,100.7759,15.0000,2544.6577,312.3074,1000.0000,15.0000,0,0,-1,0.0000,2544.6577,312.3074,1000.0000,15.0000,27
242,2258.0000,563.2700,0.0000,8.4984,2545.0076,590.1351,999.9999,8.4984,0,0,-1,0.0000,2545.0076,590.1351,999.9999,8.4984,28
243,2270.0000,1000.0000,285.3702,11.8933,2526.5867,-0.0000,778.3748,11.8933,0,0,-1,0.0000,2526.5867,-0.0000,778.3748,11.8933,29
244,2277.0000,86.6500,1000.0000,13.8698,2521.3076,591.1910,-0.0000,13.8698,0,0,-1,0.0000,2521.3076,591.1910,-0.0000,13.8698,30
245,2290.0000,430.3026,1000.0000,11.0722,2617.7402,558.0946,-0.0000,11.0722,0,0,-1,0.0000,2617.7402,558.0946,-0.0000,11.0722,30
246,2295.0000,0.0000,723.1038,11.6926,2534.7671,777.0385,-0.0000,11.6926,0,0,-1,0.0000,2534.7671,777.0385,-0.0000,11.6926,31
247,2309.0000,125.5925,561.5823,15.0000,2553.2693,1000.0000,374.2619,15.0000,0,0,-1,0.0000,2553.2693,1000.0000,374.2619,15.0000,29
248,2323.0000,451.9099,810.4917,15.0000,2556.6211,713.5547,-0.0000,15.0000,0,0,-1,0.0000,2556.6211,713.5547,-0.0000,15.0000,27
249,2333.0000,246.0990,0.0000,13.3261,2575.9600,1000.0001,854.5835,13.3261,0,0,-1,0.0000,2575.9600,1000.0001,854.5835,13.3261,28
250,2341.0000,410.1555,1000.0000,10.6366,2586.7617,747.2536,-0.0000,10.6366,0,0,-1,0.0000,2586.7617,747.2536,-0.0000,10.6366,29
251,2352.0000,851.0869,1000.0000,14.8854,2704.2515,-0.0000,135.6231,14.8854,0,0,-1,0.0000,2704.2515,-0.0000,135.6231,14.8854,28
252,2364.0000,72.3821,0.0000,14.3710,2710.4822,880.4763,1000.0000,14.3710,0,0,-1,0.0000,2710.4822,880.4763,1000.0000,14.3710,28
253,2375.0000,248.4153,477.5658,8.0000,2570.3733,1000.0001,292.4369,8.0000,0,0,-1,0.0000,2570.3733,1000.0001,292.4369,8.0000,29
254,2382.0000,0.0000,857.7296,11.6500,2604.7451,641.5637,-0.0000,11.6500,0,0,-1,0.0000,2604.7451,641.5637,-0.0000,11.6500,30
255,2390.0000,1000.0000,421.0635,8.5211,2597.9458,-0.0000,332.6000,8.5211,0,0,-1,0.0000,2597.9458,-0.0000,332.6000,8.5211,31
256,2399.0000,1000.0000,118.7491,13.6179,2662.2358,-0.0000,839.0002,13.6179,0,0,-1,0.0000,2662.2358,-0.0000,839.0002,13.6179,30
257,2404.0000,251.3184,950.1943,15.0000,2673.5334,496.5050,-0.0000,15.0000,0,0,-1,0.0000,2673.5334,496.5050,-0.0000,15.0000,28
258,2413.0000,340.4244,380.5492,15.0000,2592.4509,1000.0000,774.9052,15.0000,0,0,-1,0.0000,2592.4509,1000.0000,774.9052,15.0000,28
259,2425.0000,92.0939,1000.0000,12.8786,2754.8035,929.1945,-0.0000,12.8786,0,0,-1,0.0000,2754.8035,929.1945,-0.0000,12.8786,28
260,2430.0000,0.0000,784.1915,11.4966,2712.0542,729.9224,-0.0000,11.4966,0,0,-1,0.0000,2712.0542,729.9224,-0.0000,11.4966,29
261,2444.0000,138.4838,916.4910,15.0000,2667.9214,614.4650,-0.0000,15.0000,0,0,-1,0.0000,2667.9214,614.4650,-0.0000,15.0000,28
262,2450.0000,327.8898,0.0000,14.0441,2775.8965,660.5962,999.9999,14.0441,0,0,-1,0.0000,2775.8965,660.5962,999.9999,14.0441,28
263,2464.0000,109.1980,0.0000,9.5269,2754.8879,556.2990,1000.0000,9.5269,0,0,-1,0.0000,2754.8879,556.2990,1000.0000,9.5269,28
264,2478.0000,1000.0000,167.8186,12.1761,2818.5508,-0.0000,909.0984,12.1761,0,0,-1,0.0000,2818.5508,-0.0000,909.0984,12.1761,27
265,2485.0000,1000.0000,540.9550,10.6578,2753.8359,-0.0000,131.6812,10.6578,0,0,-1,0.0000,2753.8359,-0.0000,131.6812,10.6578,28
266,2499.0000,0.0000,63.8924,13.4772,2734.3779,1000.0001,554.1623,13.4772,0,0,-1,0.0000,2734.3779,1000.0001,554.1623,13.4772,29
267,2511.0000,87.6904,0.0000,9.8491,2895.2261,1000.0000,801.5693,9.8491,0,0,-1,0.0000,2895.2261,1000.0000,801.5693,9.8491,29
268,2519.0000,0.0000,566.9522,10.6140,2727.0366,999.9999,359.3723,10.6140,0,0,-1,0.0000,2727.0366,999.9999,359.3723,10.6140,30
269,2528.0000,0.0000,656.3188,11.1584,2800.4226,1000.0000,528.3239,11.1584,0,0,-1,0.0000,2800.4226,1000.0000,528.3239,11.1584,29
270,2541.0000,1000.0000,696.0220,12.5588,2826.9751,-0.0000,307.6781,12.5588,0,0,-1,0.0000,2826.9751,-0.0000,307.6781,12.5588,29
271,2549.0000,996.3647,782.7194,15.0000,2779.9653,-0.0000,201.6961,15.0000,0,0,-1,0.0000,2779.9653,-0.0000,201.6961,15.0000,27
272,2558.0000,166.7258,988.2569,8.0000,2784.3628,1000.0000,291.4549,8.0000,0,0,-1,0.0000,2784.3628,1000.0000,291.4549,8.0000,26
273,2567.0000,216.3125,0.0000,12.5588,2862.2593,1000.0000,921.2474,12.5588,0,0,-1,0.0000,2862.2593,1000.0000,921.2474,12.5588,27
274,2576.0000,791.2528,1000.0000,12.0782,2812.6704,361.0972,-0.0000,12.0782,0,0,-1,0.0000,2812.6704,361.0972,-0.0000,12.0782,26
275,2590.0000,611.0751,0.0000,10.9668,2848.0884,692.2679,1000.0000,10.9668,0,0,-1,0.0000,2848.0884,692.2679,1000.0000,10.9668,26
276,2598.0000,934.4971,1000.0000,10.1198,2920.1396,324.6644,-0.0000,10.1198,0,0,-1,0.0000,2920.1396,324.6644,-0.0000,10.1198,24
277,2609.0000,0.0000,415.5553,11.2112,2887.6204,999.9999,338.4287,11.2112,0,0,-1,0.0000,2887.6204,999.9999,338.4287,11.2112,24
278,2614.0000,1000.0000,928.4586,9.8010,2827.4734,473.8396,-0.0000,9.8010,0,0,-1,0.0000,2827.4734,473.8396,-0.0000,9.8010,25
279,2626.0000,633.7307,795.7189,15.0000,2876.4502,238.3469,-0.0000,15.0000,0,0,-1,0.0000,2876.4502,238.3469,-0.0000,15.0000,25
280,2634.0000,0.0000,687.2714,8.1137,2853.5125,999.9999,235.8227,8.1137,0,0,-1,0.0000,2853.5125,999.9999,235.8227,8.1137,26
281,2640.0000,0.0000,734.2827,13.0264,2872.6978,1000.0001,478.1330,13.0264,0,0,-1,0.0000,2872.6978,1000.0001,478.1330,13.0264,27
282,2649.0000,132.6333,55.6187,15.0000,2865.0803,552.1451,1000.0000,15.0000,0,0,-1,0.0000,2865.0803,552.1451,1000.0000,15.0000,28
283,2661.0000,326.8555,442.5020,8.0000,2899.8940,1000.0000,929.2436,8.0000,0,0,-1,0.0000,2899.8940,1000.0000,929.2436,8.0000,29
284,2668.0000,435.7616,1000.0000,13.9383,2871.7292,561.2061,-0.0000,13.9383,0,0,-1,0.0000,2871.7292,561.2061,-0.0000,13.9383,28
285,2682.0000,1000.0000,228.9255,11.4261,2915.1660,-0.0000,502.9327,11.4261,0,0,-1,0.0000,2915.1660,-0.0000,502.9327,11.4261,28
286,2695.0000,396.8182,795.2490,15.0000,2916.0166,951.7251,-0.0000,15.0000,0,0,-1,0.0000,2916.0166,951.7251,-0.0000,15.0000,29
287,2701.0000,886.9418,1000.0000,9.9713,3043.4255,-0.0000,412.4890,9.9713,0,0,-1,0.0000,3043.4255,-0.0000,412.4890,9.9713,30
288,2707.0000,1000.0000,904.4273,13.0407,3131.4971,45.7066,-0.0000,13.0407,0,0,-1,0.0000,3131.4971,45.7066,-0.0000,13.0407,30
289,2714.0000,0.0000,829.0209,14.0857,2988.2690,999.9999,576.6996,14.0857,0,0,-1,0.0000,2988.2690,999.9999,576.6996,14.0857,29
290,2725.0000,231.8139,147.6361,15.0000,3088.7495,915.0779,1000.0000,15.0000,0,0,-1,0.0000,3088.7495,915.0779,1000.0000,15.0000,30
291,2737.0000,0.0000,687.6736,10.2372,3012.6038,1000.0000,510.8835,10.2372,0,0,-1,0.0000,3012.6038,1000.0000,510.8835,10.2372,29
292,2750.0000,173.4874,776.0779,8.0000,2960.9524,1000.0001,236.3403,8.0000,0,0,-1,0.0000,2960.9524,1000.0001,236.3403,8.0000,30
293,2764.0000,746.9410,973.3113,15.0000,2989.5894,-0.0000,287.9168,15.0000,0,0,-1,0.0000,2989.5894,-0.0000,287.9168,15.0000,28
294,2770.0000,167.5616,391.4337,8.0000,3091.9536,944.0753,1000.0001,8.0000,0,0,-1,0.0000,3091.9536,944.0753,1000.0001,8.0000,29
295,2775.0000,800.0837,252.6949,15.0000,2993.3943,-0.0000,888.7216,15.0000,0,0,-1,0.0000,2993.3943,-0.0000,888.7216,15.0000,30
296,2781.0000,380.7688,254.5871,15.0000,2986.1528,594.5897,999.9999,15.0000,0,0,-1,0.0000,2986.1528,594.5897,999.9999,15.0000,29
297,2787.0000,842.2502,375.8354,8.0000,3071.6775,-0.0000,856.9445,8.0000,0,0,-1,0.0000,3071.6775,-0.0000,856.9445,8.0000,29
298,2795.0000,790.2309,424.3032,15.0000,3064.2810,-0.0000,880.9054,15.0000,0,0,-1,0.0000,3064.2810,-0.0000,880.9054,15.0000,30
299,2806.0000,49.2377,508.2120,15.0000,3024.4836,1000.0000,660.3782,15.0000,0,0,-1,0.0000,3024.4836,1000.0000,660.3782,15.0000,30
300,2820.0000,434.9028,0.0000,10.0087,3120.7258,673.0298,1000.0000,10.0087,0,0,-1,0.0000,3120.7258,673.0298,1000.0000,10.0087,29
301,2833.0000,917.0410,1000.0000,9.2115,3249.5928,68.3347,-0.0000,9.2115,0,0,-1,0.0000,3249.5928,68.3347,-0.0000,9.2115,28
302,2847.0000,719.4639,912.6440,8.0000,3154.3948,-0.0000,24.8243,8.0000,0,0,-1,0.0000,3154.3948,-0.0000,24.8243,8.0000,29
303,2854.0000,225.7670,990.4399,8.0000,3060.8264,403.2706,-0.0000,8.0000,0,0,-1,0.0000,3060.8264,403.2706,-0.0000,8.0000,28
304,2861.0000,778.5097,187.0188,8.0000,3085.0967,-0.0000,727.2210,8.0000,0,0,-1,0.0000,3085.0967,-0.0000,727.2210,8.0000,29
305,2873.0000,1000.0000,742.4940,8.3048,3090.6997,277.9743,-0.0000,8.3048,0,0,-1,0.0000,3090.6997,277.9743,-0.0000,8.3048,26
306,2878.0000,0.0000,166.2401,11.2222,3187.0649,975.5510,1000.0001,11.2222,0,0,-1,0.0000,3187.0649,975.5510,1000.0001,11.2222,26
307,2883.0000,1000.0000,640.3993,12.8941,3189.6248,-0.0000,295.4443,12.8941,0,0,-1,0.0000,3189.6248,-0.0000,295.4443,12.8941,27
308,2897.0000,101.6211,882.2435,15.0000,3124.7363,658.3583,-0.0000,15.0000,0,0,-1,0.0000,3124.7363,658.3583,-0.0000,15.0000,26
309,2907.0000,0.0000,996.3704,12.2953,3280.6248,584.2905,-0.0000,12.2953,0,0,-1,0.0000,3280.6248,584.2905,-0.0000,12.2953,26
310,2919.0000,409.6686,1000.0000,13.2022,3173.6147,309.2239,-0.0000,13.2022,0,0,-1,0.0000,3173.6147,309.2239,-0.0000,13.2022,25
311,2924.0000,100.2007,1000.0000,14.2325,3238.1841,1000.0000,68.2119,14.2325,0,0,-1,0.0000,3238.1841,1000.0000,68.2119,14.2325,25
312,2929.0000,572.4724,119.8135,15.0000,3113.5198,696.2899,1000.0000,15.0000,0,0,-1,0.0000,3113.5198,696.2899,1000.0000,15.0000,26
313,2935.0000,1000.0000,586.8908,12.9700,3143.3787,-0.0000,380.7799,12.9700,0,0,-1,0.0000,3143.3787,-0.0000,380.7799,12.9700,27
314,2948.0000,1000.0000,577.3116,14.7307,3255.2310,-0.0000,138.3427,14.7307,0,0,-1,0.0000,3255.2310,-0.0000,138.3427,14.7307,28
315,2961.0000,378.9405,587.8217,8.0000,3130.7009,956.0751,-0.0000,8.0000,0,0,-1,0.0000,3130.7009,956.0751,-0.0000,8.0000,28
316,2973.0000,0.0000,578.2752,14.6419,3207.7627,1000.0001,582.6821,14.6419,0,0,-1,0.0000,3207.7627,1000.0001,582.6821,14.6419,29
317,2985.0000,0.0000,510.7056,14.8119,3227.0835,1000.0001,678.5706,14.8119,0,0,-1,0.0000,3227.0835,1000.0001,678.5706,14.8119,30
318,2993.0000,0.0000,865.0032,10.4772,3371.1682,1000.0000,17.3838,10.4772,0,0,-1,0.0000,3371.1682,1000.0000,17.3838,10.4772,28
319,3003.0000,1000.0000,428.9238,10.0152,3248.5601,-0.0000,587.9055,10.0152,0,0,-1,0.0000,3248.5601,-0.0000,587.9055,10.0152,28
320,3008.0000,1000.0000,711.0355,8.0323,3331.6865,-0.0000,221.7275,8.0323,0,0,-1,0.0000,3331.6865,-0.0000,221.7275,8.0323,29
321,3018.0000,871.2681,1000.0000,9.3437,3324.9622,210.5319,-0.0000,9.3437,0,0,-1,0.0000,3324.9622,210.5319,-0.0000,9.3437,29
322,3026.0000,263.6577,0.0000,13.5982,3334.0334,544.2034,999.9999,13.5982,0,0,-1,0.0000,3334.0334,544.2034,999.9999,13.5982,29
323,3038.0000,917.3561,223.2218,8.0000,3327.9773,-0.0000,538.9504,8.0000,0,0,-1,0.0000,3327.9773,-0.0000,538.9504,8.0000,30
324,3044.0000,1000.0000,134.7478,10.7934,3293.4600,-0.0000,704.8687,10.7934,0,0,-1,0.0000,3293.4600,-0.0000,704.8687,10.7934,30
325,3054.0000,614.7245,0.0000,8.4186,3264.2358,616.8851,999.9999,8.4186,0,0,-1,0.0000,3264.2358,616.8851,999.9999,8.4186,31
326,3060.0000,1000.0000,291.9566,14.8457,3400.7195,-0.0000,787.4813,14.8457,0,0,-1,0.0000,3400.7195,-0.0000,787.4813,14.8457,32
327,3072.0000,802.1884,154.0073,15.0000,3298.8374,-0.0000,879.8505,15.0000,0,0,-1,0.0000,3298.8374,-0.0000,879.8505,15.0000,30
328,3082.0000,1000.0000,92.5716,13.8869,3348.5830,196.1823,1000.0000,13.8869,0,0,-1,0.0000,3348.5830,196.1823,1000.0000,13.8869,31
329,3094.0000,185.6216,1000.0000,10.0708,3424.9504,724.3981,-0.0000,10.0708,0,0,-1,0.0000,3424.9504,724.3981,-0.0000,10.0708,28
330,3105.0000,690.3877,24.4914,8.0000,3390.5527,545.8405,1000.0000,8.0000,0,0,-1,0.0000,3390.5527,545.8405,1000.0000,8.0000,29
331,3112.0000,1000.0000,327.8273,9.3217,3382.0657,125.8564,1000.0000,9.3217,0,0,-1,0.0000,3382.0657,125.8564,1000.0000,9.3217,30
332,3120.0000,220.9340,649.6792,8.0000,3347.1682,1000.0000,190.4415,8.0000,0,0,-1,0.0000,3347.1682,1000.0000,190.4415,8.0000,30
333,3133.0000,376.7665,0.0000,8.9711,3444.5361,690.5422,1000.0001,8.9711,0,0,-1,0.0000,3444.5361,690.5422,1000.0001,8.9711,27
334,3141.0000,0.0000,872.7292,9.5118,3550.2507,1000.0000,79.6795,9.5118,0,0,-1,0.0000,3550.2507,1000.0000,79.6795,9.5118,28
335,3153.0000,188.0053,57.4605,15.0000,3388.6121,855.2925,1000.0000,15.0000,0,0,-1,0.0000,3388.6121,855.2925,1000.0000,15.0000,28
336,3165.0000,585.6691,0.0000,11.3005,3394.2029,531.0774,1000.0000,11.3005,0,0,-1,0.0000,3394.2029,531.0774,1000.0000,11.3005,28
337,3177.0000,413.0308,922.8729,15.0000,3389.0696,423.2774,-0.0000,15.0000,0,0,-1,0.0000,3389.0696,423.2774,-0.0000,15.0000,28
338,3187.0000,81.9577,0.0000,13.7782,3475.1169,892.2624,999.9999,13.7782,0,0,-1,0.0000,3475.1169,892.2624,999.9999,13.7782,29
339,3194.0000,379.1411,1000.0000,12.6935,3415.6389,619.2188,-0.0000,12.6935,0,0,-1,0.0000,3415.6389,619.2188,-0.0000,12.6935,28
340,3205.0000,92.2869,1000.0000,11.5611,3582.8772,1000.0001,112.1134,11.5611,0,0,-1,0.0000,3582.8772,1000.0001,112.1134,11.5611,29
341,3213.0000,0.0000,923.9933,14.5790,3496.7271,812.1408,-0.0000,14.5790,0,0,-1,0.0000,3496.7271,812.1408,-0.0000,14.5790,29
342,3222.0000,677.7697,961.3245,8.0000,3427.4575,569.8865,-0.0000,8.0000,0,0,-1,0.0000,3427.4575,569.8865,-0.0000,8.0000,30
343,3229.0000,0.0000,242.7525,12.7587,3472.5930,1000.0001,879.1625,12.7587,0,0,-1,0.0000,3472.5930,1000.0001,879.1625,12.7587,30
344,3237.0000,670.4858,0.0000,8.4522,3478.8643,-0.0000,868.9954,8.4522,0,0,-1,0.0000,3478.8643,-0.0000,868.9954,8.4522,31
345,3248.0000,0.0000,203.5476,11.8106,3510.8296,669.1943,1000.0000,11.8106,0,0,-1,0.0000,3510.8296,669.1943,1000.0000,11.8106,31
346,3254.0000,333.8554,744.8635,8.0000,3536.4707,1000.0000,189.6178,8.0000,0,0,-1,0.0000,3536.4707,1000.0000,189.6178,8.0000,30
347,3262.0000,953.7139,831.6229,15.0000,3513.4255,-0.0000,511.8395,15.0000,0,0,-1,0.0000,3513.4255,-0.0000,511.8395,15.0000,30
348,3271.0000,52.1910,122.8039,15.0000,3568.6228,1000.0000,856.3728,15.0000,0,0,-1,0.0000,3568.6228,1000.0000,856.3728,15.0000,30
349,3285.0000,726.9596,513.8983,15.0000,3457.9922,-0.0000,231.2693,15.0000,0,0,-1,0.0000,3457.9922,-0.0000,231.2693,15.0000,30
350,3293.0000,1000.0000,17.5280,8.1814,3595.4856,-0.0000,951.2483,8.1814,0,0,-1,0.0000,3595.4856,-0.0000,951.2483,8.1814,31
351,3299.0000,0.0000,913.9590,12.8546,3709.0266,951.4706,-0.0000,12.8546,0,0,-1,0.0000,3709.0266,951.4706,-0.0000,12.8546,30
352,3308.0000,1000.0000,426.8364,12.0797,3530.2581,-0.0000,472.3362,12.0797,0,0,-1,0.0000,3530.2581,-0.0000,472.3362,12.0797,31
353,3322.0000,1000.0000,509.3793,12.9497,3592.0381,-0.0000,346.2747,12.9497,0,0,-1,0.0000,3592.0381,-0.0000,346.2747,12.9497,32
354,3328.0000,607.9470,0.0000,8.2768,3587.5212,596.8075,1000.0000,8.2768,0,0,-1,0.0000,3587.5212,596.8075,1000.0000,8.2768,31
355,3334.0000,832.6447,751.0485,8.0000,3552.0676,-0.0000,220.4704,8.0000,0,0,-1,0.0000,3552.0676,-0.0000,220.4704,8.0000,31
356,3348.0000,802.3071,1000.0000,12.6509,3658.8110,312.6133,-0.0000,12.6509,0,0,-1,0.0000,3658.8110,312.6133,-0.0000,12.6509,30
357,3357.0000,630.7233,1000.0000,9.8016,3655.6111,603.5405,-0.0000,9.8016,0,0,-1,0.0000,3655.6111,603.5405,-0.0000,9.8016,30
358,3366.0000,546.4260,0.0000,8.3060,3626.7368,550.4238,1000.0000,8.3060,0,0,-1,0.0000,3626.7368,550.4238,1000.0000,8.3060,31
359,3380.0000,325.5231,960.6306,8.0000,3639.5610,636.4420,-0.0000,8.0000,0,0,-1,0.0000,3639.5610,636.4420,-0.0000,8.0000,31
360,3385.0000,25.7534,941.0052,8.0000,3770.6311,725.5973,-0.0000,8.0000,0,0,-1,0.0000,3770.6311,725.5973,-0.0000,8.0000,31
361,3392.0000,307.5554,593.7790,15.0000,3559.0671,1000.0000,224.1379,15.0000,0,0,-1,0.0000,3559.0671,1000.0000,224.1379,15.0000,29
362,3400.0000,588.7213,876.2015,15.0000,3699.0803,176.3171,-0.0000,15.0000,0,0,-1,0.0000,3699.0803,176.3171,-0.0000,15.0000,29
363,3406.0000,868.5988,592.4158,15.0000,3406.0000,868.5988,592.4158,15.0000,0,0,-1,0.0000,3406.0000,868.5988,592.4158,15.0000,29
364,3417.0000,1000.0000,915.9337,13.8485,3714.3281,81.8103,-0.0000,13.8485,0,0,-1,0.0000,3714.3281,81.8103,-0.0000,13.8485,28
365,3422.0000,1000.0000,340.1599,8.4475,3764.5327,-0.0000,776.7579,8.4475,0,0,-1,0.0000,3764.5327,-0.0000,776.7579,8.4475,29
366,3431.0000,361.5547,948.1335,15.0000,3675.6948,644.2115,-0.0000,15.0000,0,0,-1,0.0000,3675.6948,644.2115,-0.0000,15.0000,28
367,3437.0000,41.0343,1000.0000,8.0305,3715.8098,731.5541,-0.0000,8.0305,0,0,-1,0.0000,3715.8098,731.5541,-0.0000,8.0305,29
368,3448.0000,904.4326,0.0000,8.0424,3741.7600,-0.0000,882.5673,8.0424,0,0,-1,0.0000,3741.7600,-0.0000,882.5673,8.0424,29
369,3461.0000,226.8958,1000.0000,9.1869,3744.2227,744.1350,-0.0000,9.1869,0,0,-1,0.0000,3744.2227,744.1350,-0.0000,9.1869,29
370,3467.0000,537.1821,984.0475,8.0000,3719.7539,616.0729,-0.0000,8.0000,0,0,-1,0.0000,3719.7539,616.0729,-0.0000,8.0000,30
371,3474.0000,423.8289,670.3735,15.0000,3706.2632,901.5098,-0.0000,15.0000,0,0,-1,0.0000,3706.2632,901.5098,-0.0000,15.0000,30
372,3484.0000,546.2628,264.2462,8.0000,3663.8840,193.1227,999.9999,8.0000,0,0,-1,0.0000,3663.8840,193.1227,999.9999,8.0000,29
373,3489.0000,757.0944,0.0000,10.0564,3709.5315,369.6079,1000.0001,10.0564,0,0,-1,0.0000,3709.5315,369.6079,1000.0001,10.0564,30
374,3497.0000,1000.0000,449.5810,14.8826,3730.9885,-0.0000,585.3016,14.8826,0,0,-1,0.0000,3730.9885,-0.0000,585.3016,14.8826,30
375,3503.0000,401.5432,580.9771,15.0000,3663.3091,895.9672,-0.0000,15.0000,0,0,-1,0.0000,3663.3091,895.9672,-0.0000,15.0000,31
376,3512.0000,822.2062,1000.0000,9.1285,3871.8987,110.7915,-0.0000,9.1285,0,0,-1,0.0000,3871.8987,110.7915,-0.0000,9.1285,31
377,3521.0000,0.0000,916.2211,9.3386,3894.5100,999.9999,10.2669,9.3386,0,0,-1,0.0000,3894.5100,999.9999,10.2669,9.3386,31
378,3529.0000,610.2964,1000.0000,12.4099,3823.4736,454.9270,-0.0000,12.4099,0,0,-1,0.0000,3823.4736,454.9270,-0.0000,12.4099,32
379,3539.0000,0.0000,326.3531,12.7409,3823.5344,999.9999,518.6463,12.7409,0,0,-1,0.0000,3823.5344,999.9999,518.6463,12.7409,31
380,3552.0000,956.8643,170.9509,8.0000,3787.4707,-0.0000,629.1188,8.0000,0,0,-1,0.0000,3787.4707,-0.0000,629.1188,8.0000,31
381,3561.0000,1000.0000,972.0570,8.3157,3856.8582,-0.0000,236.4288,8.3157,0,0,-1,0.0000,3856.8582,-0.0000,236.4288,8.3157,30
382,3570.0000,23.4254,1000.0000,13.4667,3802.8997,609.8135,-0.0000,13.4667,0,0,-1,0.0000,3802.8997,609.8135,-0.0000,13.4667,30
383,3581.0000,1000.0000,649.8326,13.5891,3829.8062,-0.0000,514.0141,13.5891,0,0,-1,0.0000,3829.8062,-0.0000,514.0141,13.5891,31
384,3589.0000,0.0000,82.6550,12.2012,3847.5967,1000.0001,486.1871,12.2012,0,0,-1,0.0000,3847.5967,1000.0001,486.1871,12.2012,30
385,3595.0000,452.8518,0.0000,11.3567,3898.6143,745.6870,999.9999,11.3567,0,0,-1,0.0000,3898.6143,745.6870,999.9999,11.3567,30
386,3605.0000,720.2535,775.9042,15.0000,3847.0618,-0.0000,248.1372,15.0000,0,0,-1,0.0000,3847.0618,-0.0000,248.1372,15.0000,30
387,3615.0000,459.8721,490.9765,8.0000,3736.8691,1000.0001,681.9492,8.0000,0,0,-1,0.0000,3736.8691,1000.0001,681.9492,8.0000,31
388,3625.0000,849.9099,757.2255,15.0000,3870.2517,-0.0000,68.2439,15.0000,0,0,-1,0.0000,3870.2517,-0.0000,68.2439,15.0000,32
389,3631.0000,0.0000,891.0745,13.4544,4056.2976,1000.0001,57.4693,13.4544,0,0,-1,0.0000,4056.2976,1000.0001,57.4693,13.4544,32
390,3639.0000,188.5364,1000.0000,10.1334,3852.1426,404.4929,-0.0000,10.1334,0,0,-1,0.0000,3852.1426,404.4929,-0.0000,10.1334,33
391,3653.0000,652.9275,0.0000,11.4725,3956.0618,353.5045,1000.0000,11.4725,0,0,-1,0.0000,3956.0618,353.5045,1000.0000,11.4725,33
392,3661.0000,0.0000,467.7775,11.2887,3978.4294,1000.0000,256.9532,11.2887,0,0,-1,0.0000,3978.4294,1000.0000,256.9532,11.2887,32
393,3671.0000,226.4283,0.0000,14.8438,4050.4155,924.9831,999.9999,14.8438,0,0,-1,0.0000,4050.4155,924.9831,999.9999,14.8438,31
394,3681.0000,28.7884,1000.0000,9.6163,4074.9543,676.6912,-0.0000,9.6163,0,0,-1,0.0000,4074.9543,676.6912,-0.0000,9.6163,31
395,3693.0000,1000.0000,629.1985,10.5089,3995.0842,-0.0000,369.3372,10.5089,0,0,-1,0.0000,3995.0842,-0.0000,369.3372,10.5089,32
396,3704.0000,873.1443,1000.0000,12.0814,4017.1775,79.1422,-0.0000,12.0814,0,0,-1,0.0000,4017.1775,79.1422,-0.0000,12.0814,31
397,3716.0000,0.0000,355.8068,10.5160,4024.6436,886.8410,999.9999,10.5160,0,0,-1,0.0000,4024.6436,886.8410,999.9999,10.5160,27
398,3724.0000,260.9321,420.9102,8.0000,3874.4790,1000.0001,447.9170,8.0000,0,0,-1,0.0000,3874.4790,1000.0001,447.9170,8.0000,27
399,3734.0000,915.2693,45.4028,15.0000,4121.0449,-0.0000,890.6959,15.0000,0,0,-1,0.0000,4121.0449,-0.0000,890.6959,15.0000,27
400,3747.0000,325.4990,974.5255,8.0000,4020.2041,839.2168,-0.0000,8.0000,0,0,-1,0.0000,4020.2041,839.2168,-0.0000,8.0000,25
401,3754.0000,305.6117,958.7731,15.0000,4055.3279,609.2430,-0.0000,15.0000,0,0,-1,0.0000,4055.3279,609.2430,-0.0000,15.0000,26
402,3759.0000,79.7473,0.0000,13.2272,4052.3777,480.9994,1000.0000,13.2272,0,0,-1,0.0000,4052.3777,480.9994,1000.0000,13.2272,27
403,3769.0000,0.0000,804.9559,9.1339,4087.5723,873.6838,-0.0000,9.1339,0,0,-1,0.0000,4087.5723,873.6838,-0.0000,9.1339,27
404,3775.0000,751.7557,0.0000,10.9088,4008.4097,-0.0000,892.3223,10.9088,0,0,-1,0.0000,4008.4097,-0.0000,892.3223,10.9088,27
405,3789.0000,0.0000,104.9384,9.8530,4189.8750,837.5978,1000.0000,9.8530,0,0,-1,0.0000,4189.8750,837.5978,1000.0000,9.8530,27
406,3798.0000,1000.0000,670.1396,12.4201,4115.7900,-0.0000,81.0022,12.4201,0,0,-1,0.0000,4115.7900,-0.0000,81.0022,12.4201,28
407,3812.0000,0.0000,84.0407,12.6968,4150.6611,689.3374,1000.0000,12.6968,0,0,-1,0.0000,4150.6611,689.3374,1000.0000,12.6968,28
408,3819.0000,293.6790,1000.0000,13.6462,4094.3076,445.8342,-0.0000,13.6462,0,0,-1,0.0000,4094.3076,445.8342,-0.0000,13.6462,29
409,3829.0000,824.6935,820.8458,15.0000,4085.6665,404.8900,-0.0000,15.0000,0,0,-1,0.0000,4085.6665,404.8900,-0.0000,15.0000,28
410,3838.0000,340.0026,1000.0000,8.2462,4129.0894,495.1131,-0.0000,8.2462,0,0,-1,0.0000,4129.0894,495.1131,-0.0000,8.2462,28
411,3843.0000,202.9079,817.7197,8.0000,4063.8569,1000.0000,312.9259,8.0000,0,0,-1,0.0000,4063.8569,1000.0000,312.9259,8.0000,29
412,3853.0000,996.8901,800.5262,15.0000,4076.8022,-0.0000,341.0601,15.0000,0,0,-1,0.0000,4076.8022,-0.0000,341.0601,15.0000,27
413,3863.0000,211.8694,0.0000,12.8398,4080.7861,525.2252,1000.0001,12.8398,0,0,-1,0.0000,4080.7861,525.2252,1000.0001,12.8398,27
414,3873.0000,36.3519,36.7337,8.0000,4273.9199,804.9295,999.9999,8.0000,0,0,-1,0.0000,4273.9199,804.9295,999.9999,8.0000,26
415,3879.0000,43.4009,685.8605,15.0000,4209.9224,1000.0001,143.7617,15.0000,0,0,-1,0.0000,4209.9224,1000.0001,143.7617,15.0000,26
416,3892.0000,9.2192,1000.0000,9.6288,4146.5776,553.3566,-0.0000,9.6288,0,0,-1,0.0000,4146.5776,553.3566,-0.0000,9.6288,27
417,3906.0000,71.4048,8.1311,15.0000,4151.6104,794.3003,1000.0000,15.0000,0,0,-1,0.0000,4151.6104,794.3003,1000.0000,15.0000,26
418,3911.0000,800.0486,746.5729,15.0000,4210.4517,196.8161,-0.0000,15.0000,0,0,-1,0.0000,4210.4517,196.8161,-0.0000,15.0000,27
419,3924.0000,5.9604,727.9127,15.0000,4151.5474,770.5144,-0.0000,15.0000,0,0,-1,0.0000,4151.5474,770.5144,-0.0000,15.0000,28
420,3933.0000,757.8769,1000.0000,11.0563,4162.5713,-0.0000,146.4018,11.0563,0,0,-1,0.0000,4162.5713,-0.0000,146.4018,11.0563,29
421,3945.0000,709.1801,878.5366,15.0000,4162.6191,508.0344,-0.0000,15.0000,0,0,-1,0.0000,4162.6191,508.0344,-0.0000,15.0000,30
422,3957.0000,940.7403,676.6343,15.0000,4216.3525,162.3134,-0.0000,15.0000,0,0,-1,0.0000,4216.3525,162.3134,-0.0000,15.0000,30
423,3962.0000,688.9642,251.7510,15.0000,4183.3105,227.5714,1000.0000,15.0000,0,0,-1,0.0000,4183.3105,227.5714,1000.0000,15.0000,31
424,3968.0000,146.9847,594.4596,8.0000,4281.2715,996.2137,-0.0000,8.0000,0,0,-1,0.0000,4281.2715,996.2137,-0.0000,8.0000,32
425,3976.0000,601.3644,1000.0000,13.2686,4272.2085,567.5560,-0.0000,13.2686,0,0,-1,0.0000,4272.2085,567.5560,-0.0000,13.2686,33
426,3984.0000,250.0868,1000.0000,13.9434,4293.7915,999.9999,151.4755,13.9434,0,0,-1,0.0000,4293.7915,999.9999,151.4755,13.9434,33
427,3995.0000,1000.0000,874.5596,14.4223,4254.5532,334.8760,-0.0000,14.4223,0,0,-1,0.0000,4254.5532,334.8760,-0.0000,14.4223,34
428,4008.0000,156.7274,619.5063,15.0000,4253.0288,1000.0000,505.0115,15.0000,0,0,-1,0.0000,4253.0288,1000.0000,505.0115,15.0000,34
429,4015.0000,1000.0000,879.3173,10.4616,4449.2280,-0.0000,38.8629,10.4616,0,0,-1,0.0000,4449.2280,-0.0000,38.8629,10.4616,34
430,4024.0000,1000.0000,720.4172,13.7078,4275.3926,7.5982,-0.0000,13.7078,0,0,-1,0.0000,4275.3926,7.5982,-0.0000,13.7078,33
431,4037.0000,820.7107,0.0000,9.7106,4312.9307,595.0590,999.9999,9.7106,0,0,-1,0.0000,4312.9307,595.0590,999.9999,9.7106,33
432,4043.0000,1000.0000,976.8688,11.9390,4353.6694,-0.0000,383.3065,11.9390,0,0,-1,0.0000,4353.6694,-0.0000,383.3065,11.9390,34
433,4049.0000,1000.0000,688.3432,10.9951,4261.2285,-0.0000,588.2297,10.9951,0,0,-1,0.0000,4261.2285,-0.0000,588.2297,10.9951,35
434,4055.0000,279.1786,290.1012,8.0000,4285.8809,648.9097,1000.0000,8.0000,0,0,-1,0.0000,4285.8809,648.9097,1000.0000,8.0000,34
435,4064.0000,157.1196,804.7322,8.0000,4294.0137,1000.0000,237.9971,8.0000,0,0,-1,0.0000,4294.0137,1000.0000,237.9971,8.0000,32
436,4072.0000,114.7293,1000.0000,9.4582,4323.9321,999.9999,193.7920,9.4582,0,0,-1,0.0000,4323.9321,999.9999,193.7920,9.4582,33
437,4084.0000,36.7682,549.7488,15.0000,4343.8184,1000.0001,116.0247,15.0000,0,0,-1,0.0000,4343.8184,1000.0001,116.0247,15.0000,31
438,4093.0000,0.0000,326.3936,11.9413,4294.5664,1000.0000,323.9033,11.9413,0,0,-1,0.0000,4294.5664,1000.0000,323.9033,11.9413,30
439,4105.0000,1000.0000,124.5557,10.0714,4366.4038,151.9718,1000.0000,10.0714,0,0,-1,0.0000,4366.4038,151.9718,1000.0000,10.0714,30
440,4117.0000,616.8260,117.4890,8.0000,4400.0464,196.9727,999.9999,8.0000,0,0,-1,0.0000,4400.0464,196.9727,999.9999,8.0000,30
441,4126.0000,1000.0000,35.8152,9.0493,4388.5103,-0.0000,836.6928,9.0493,0,0,-1,0.0000,4388.5103,-0.0000,836.6928,9.0493,30
442,4139.0000,1000.0000,555.7834,9.0769,4363.4746,-0.0000,507.9261,9.0769,0,0,-1,0.0000,4363.4746,-0.0000,507.9261,9.0769,30
443,4147.0000,663.3506,142.3261,15.0000,4403.5439,126.1877,999.9999,15.0000,0,0,-1,0.0000,4403.5439,126.1877,999.9999,15.0000,30
444,4158.0000,0.0000,202.0555,12.0759,4416.3071,1000.0000,963.1954,12.0759,0,0,-1,0.0000,4416.3071,1000.0000,963.1954,12.0759,28
445,4171.0000,748.4482,725.6832,15.0000,4355.8896,310.1780,-0.0000,15.0000,0,0,-1,0.0000,4355.8896,310.1780,-0.0000,15.0000,27
446,4182.0000,573.8098,0.0000,9.6507,4511.0420,690.3588,1000.0000,9.6507,0,0,-1,0.0000,4511.0420,690.3588,1000.0000,9.6507,28
447,4195.0000,1000.0000,751.2998,13.4659,4412.0786,-0.0000,536.1213,13.4659,0,0,-1,0.0000,4412.0786,-0.0000,536.1213,13.4659,27
448,4209.0000,473.9724,416.5389,15.0000,4410.1440,826.5918,999.9999,15.0000,0,0,-1,0.0000,4410.1440,826.5918,999.9999,15.0000,28
449,4217.0000,1000.0000,981.2490,12.9788,4514.8647,504.7869,-0.0000,12.9788,0,0,-1,0.0000,4514.8647,504.7869,-0.0000,12.9788,26
450,4228.0000,1000.0000,146.5491,8.7592,4582.5767,-0.0000,882.9056,8.7592,0,0,-1,0.0000,4582.5767,-0.0000,882.9056,8.7592,27
451,4234.0000,450.1911,0.0000,13.1095,4493.3706,885.9930,999.9999,13.1095,0,0,-1,0.0000,4493.3706,885.9930,999.9999,13.1095,28
452,4245.0000,0.0000,910.7324,8.2489,4499.4487,1000.0001,355.5225,8.2489,0,0,-1,0.0000,4499.4487,1000.0001,355.5225,8.2489,29
453,4259.0000,101.8404,242.3985,8.0000,4529.6792,999.9999,447.5242,8.0000,0,0,-1,0.0000,4529.6792,999.9999,447.5242,8.0000,28
454,4265.0000,1000.0000,608.4982,8.1038,4489.6646,-0.0000,426.1775,8.1038,0,0,-1,0.0000,4489.6646,-0.0000,426.1775,8.1038,28
455,4279.0000,57.9406,1000.0000,14.0912,4537.1211,761.2843,-0.0000,14.0912,0,0,-1,0.0000,4537.1211,761.2843,-0.0000,14.0912,26
456,4289.0000,690.5926,945.1562,15.0000,4489.3516,477.2421,-0.0000,15.0000,0,0,-1,0.0000,4489.3516,477.2421,-0.0000,15.0000,25
457,4296.0000,1000.0000,396.5179,11.9597,4603.8438,-0.0000,609.4473,11.9597,0,0,-1,0.0000,4603.8438,-0.0000,609.4473,11.9597,23
458,4301.0000,1000.0000,421.9390,13.5163,4571.5132,-0.0000,355.0572,13.5163,0,0,-1,0.0000,4571.5132,-0.0000,355.0572,13.5163,24
459,4313.0000,271.0556,1000.0000,13.6024,4614.0107,594.2745,-0.0000,13.6024,0,0,-1,0.0000,4614.0107,594.2745,-0.0000,13.6024,24
460,4321.0000,72.8274,1000.0000,14.6435,4563.2334,1000.0000,473.6063,14.6435,0,0,-1,0.0000,4563.2334,1000.0000,473.6063,14.6435,25
461,4327.0000,371.5580,1000.0000,10.3223,4581.6660,498.2461,-0.0000,10.3223,0,0,-1,0.0000,4581.6660,498.2461,-0.0000,10.3223,25
462,4334.0000,876.4185,773.2344,8.0000,4625.2197,-0.0000,82.5134,8.0000,0,0,-1,0.0000,4625.2197,-0.0000,82.5134,8.0000,26
463,4343.0000,0.0000,440.6081,11.2121,4582.0132,1000.0000,786.5717,11.2121,0,0,-1,0.0000,4582.0132,1000.0000,786.5717,11.2121,27
464,4354.0000,290.8685,399.3952,8.0000,4541.0083,1000.0001,633.5056,8.0000,0,0,-1,0.0000,4541.0083,1000.0001,633.5056,8.0000,26
465,4359.0000,0.0000,162.1838,11.4139,4730.9429,844.3064,1000.0000,11.4139,0,0,-1,0.0000,4730.9429,844.3064,1000.0000,11.4139,26
466,4373.0000,493.2049,1000.0000,11.4303,4635.2725,817.2714,-0.0000,11.4303,0,0,-1,0.0000,4635.2725,817.2714,-0.0000,11.4303,25
467,4382.0000,610.6893,830.5534,8.0000,4567.8667,371.4432,-0.0000,8.0000,0,0,-1,0.0000,4567.8667,371.4432,-0.0000,8.0000,26
468,4391.0000,567.5620,47.6583,8.0000,4599.9106,153.0278,1000.0000,8.0000,0,0,-1,0.0000,4599.9106,153.0278,1000.0000,8.0000,26
469,4400.0000,758.5676,878.7026,15.0000,4638.6909,91.4568,-0.0000,15.0000,0,0,-1,0.0000,4638.6909,91.4568,-0.0000,15.0000,27
470,4411.0000,329.5668,476.2007,15.0000,4563.7256,1000.0000,708.0226,15.0000,0,0,-1,0.0000,4563.7256,1000.0000,708.0226,15.0000,25
471,4421.0000,722.4732,206.9811,15.0000,4612.9414,463.6141,1000.0000,15.0000,0,0,-1,0.0000,4612.9414,463.6141,1000.0000,15.0000,24
472,4430.0000,759.5682,0.0000,9.5163,4780.8892,296.4662,1000.0001,9.5163,0,0,-1,0.0000,4780.8892,296.4662,1000.0001,9.5163,25
473,4439.0000,777.9828,733.0936,15.0000,4673.1255,34.8994,-0.0000,15.0000,0,0,-1,0.0000,4673.1255,34.8994,-0.0000,15.0000,26
474,4451.0000,997.4469,1000.0000,11.3237,4770.3618,254.5770,-0.0000,11.3237,0,0,-1,0.0000,4770.3618,254.5770,-0.0000,11.3237,26
475,4460.0000,803.5227,681.1375,15.0000,4730.2607,169.8439,-0.0000,15.0000,0,0,-1,0.0000,4730.2607,169.8439,-0.0000,15.0000,27
476,4466.0000,461.7194,989.1550,15.0000,4739.6870,726.2710,-0.0000,15.0000,0,0,-1,0.0000,4739.6870,726.2710,-0.0000,15.0000,28
477,4480.0000,966.7320,546.6155,15.0000,4480.0000,966.7320,546.6155,15.0000,0,0,-1,0.0000,4480.0000,966.7320,546.6155,15.0000,29
478,4494.0000,182.5748,1000.0000,10.5953,4850.7007,592.3409,-0.0000,10.5953,0,0,-1,0.0000,4850.7007,592.3409,-0.0000,10.5953,26
479,4505.0000,0.0000,526.1151,9.7240,4716.6001,1000.0001,756.9309,9.7240,0,0,-1,0.0000,4716.6001,1000.0001,756.9309,9.7240,26
480,4510.0000,1000.0000,651.8160,12.6566,4776.5845,-0.0000,467.5898,12.6566,0,0,-1,0.0000,4776.5845,-0.0000,467.5898,12.6566,27
481,4521.0000,0.0000,684.2860,10.8170,4842.3760,899.5301,-0.0000,10.8170,0,0,-1,0.0000,4842.3760,899.5301,-0.0000,10.8170,26
482,4535.0000,208.2543,0.0000,9.8826,4812.1743,810.9430,1000.0000,9.8826,0,0,-1,0.0000,4812.1743,810.9430,1000.0000,9.8826,26
483,4542.0000,1000.0000,421.6523,10.3809,4744.2754,-0.0000,331.6572,10.3809,0,0,-1,0.0000,4744.2754,-0.0000,331.6572,10.3809,25
484,4555.0000,1000.0000,158.1494,12.1226,4831.1479,-0.0000,685.9398,12.1226,0,0,-1,0.0000,4831.1479,-0.0000,685.9398,12.1226,26
485,4565.0000,283.8422,220.1859,8.0000,4832.6104,962.8129,1000.0001,8.0000,0,0,-1,0.0000,4832.6104,962.8129,1000.0001,8.0000,25
486,4570.0000,768.8515,0.0000,10.0354,4816.8257,276.9364,1000.0001,10.0354,0,0,-1,0.0000,4816.8257,276.9364,1000.0001,10.0354,25
487,4581.0000,1000.0000,158.4130,11.4360,4879.5166,-0.0000,597.1490,11.4360,0,0,-1,0.0000,4879.5166,-0.0000,597.1490,11.4360,25
488,4588.0000,314.6964,244.0783,15.0000,4810.7568,989.2382,999.9999,15.0000,0,0,-1,0.0000,4810.7568,989.2382,999.9999,15.0000,23
489,4598.0000,1000.0000,749.0023,12.5081,4844.4023,240.7059,-0.0000,12.5081,0,0,-1,0.0000,4844.4023,240.7059,-0.0000,12.5081,24
490,4607.0000,0.0000,381.8741,13.2280,4850.3706,1000.0000,265.3438,13.2280,0,0,-1,0.0000,4850.3706,1000.0000,265.3438,13.2280,23
491,4617.0000,843.3196,1000.0000,14.0066,4926.9995,330.2721,-0.0000,14.0066,0,0,-1,0.0000,4926.9995,330.2721,-0.0000,14.0066,22
492,4626.0000,594.2071,0.0000,14.9916,4851.5610,111.7937,1000.0001,14.9916,0,0,-1,0.0000,4851.5610,111.7937,1000.0001,14.9916,22
493,4640.0000,1000.0000,612.2563,13.3351,4861.2017,-0.0000,229.3080,13.3351,0,0,-1,0.0000,4861.2017,-0.0000,229.3080,13.3351,21
494,4645.0000,323.7423,948.5862,15.0000,4948.1221,390.9525,-0.0000,15.0000,0,0,-1,0.0000,4948.1221,390.9525,-0.0000,15.0000,22
495,4658.0000,827.1717,349.5508,15.0000,4834.4268,-0.0000,541.4059,15.0000,0,0,-1,0.0000,4834.4268,-0.0000,541.4059,15.0000,23
496,4665.0000,570.9741,1000.0000,9.7060,4921.9414,44.5773,-0.0000,9.7060,0,0,-1,0.0000,4921.9414,44.5773,-0.0000,9.7060,24
497,4671.0000,94.4023,0.0000,10.4690,4999.0518,915.8218,1000.0000,10.4690,0,0,-1,0.0000,4999.0518,915.8218,1000.0000,10.4690,25
498,4684.0000,0.0000,400.6779,12.4101,4921.2632,1000.0000,283.3939,12.4101,0,0,-1,0.0000,4921.2632,1000.0000,283.3939,12.4101,25
499,4690.0000,740.3268,0.0000,13.4834,4925.5923,-0.0000,908.5711,13.4834,0,0,-1,0.0000,4925.5923,-0.0000,908.5711,13.4834,26
500,4703.0000,60.8076,952.8938,15.0000,5048.0781,495.1118,-0.0000,15.0000,0,0,-1,0.0000,5048.0781,495.1118,-0.0000,15.0000,27
501,4712.0000,845.6942,267.4434,8.0000,5045.1821,-0.0000,897.0213,8.0000,0,0,-1,0.0000,5045.1821,-0.0000,897.0213,8.0000,28
502,4724.0000,413.8676,205.7170,15.0000,4971.1631,973.6028,1000.0000,15.0000,0,0,-1,0.0000,4971.1631,973.6028,1000.0000,15.0000,28
503,4730.0000,393.0796,1000.0000,14.1344,5021.5591,746.9366,-0.0000,14.1344,0,0,-1,0.0000,5021.5591,746.9366,-0.0000,14.1344,29
504,4735.0000,1000.0000,188.9957,12.2312,5046.4814,-0.0000,446.2339,12.2312,0,0,-1,0.0000,5046.4814,-0.0000,446.2339,12.2312,28
505,4748.0000,1000.0000,431.0353,13.2715,4963.4834,-0.0000,484.3182,13.2715,0,0,-1,0.0000,4963.4834,-0.0000,484.3182,13.2715,27
506,4759.0000,0.0000,766.5081,13.8979,5019.0288,1000.0001,607.7450,13.8979,0,0,-1,0.0000,5019.0288,1000.0001,607.7450,13.8979,28
507,4766.0000,80.9449,1000.0000,10.2657,5011.8599,491.9653,-0.0000,10.2657,0,0,-1,0.0000,5011.8599,491.9653,-0.0000,10.2657,29
508,4776.0000,0.0000,517.0624,9.8549,4983.3672,1000.0000,356.0616,9.8549,0,0,-1,0.0000,4983.3672,1000.0000,356.0616,9.8549,29
509,4786.0000,1000.0000,236.5184,13.8229,5069.8447,-0.0000,665.5178,13.8229,0,0,-1,0.0000,5069.8447,-0.0000,665.5178,13.8229,28
510,4800.0000,825.2878,245.2787,15.0000,4984.0264,-0.0000,596.8911,15.0000,0,0,-1,0.0000,4984.0264,-0.0000,596.8911,15.0000,29
511,4808.0000,838.6516,714.5046,8.0000,5092.4531,-0.0000,133.0258,8.0000,0,0,-1,0.0000,5092.4531,-0.0000,133.0258,8.0000,30
512,4822.0000,451.2301,175.5858,15.0000,5098.1401,348.8755,1000.0001,15.0000,0,0,-1,0.0000,5098.1401,348.8755,1000.0001,15.0000,28
513,4835.0000,445.9987,861.1400,8.0000,5047.7568,874.3791,-0.0000,8.0000,0,0,-1,0.0000,5047.7568,874.3791,-0.0000,8.0000,26
514,4844.0000,0.0000,442.2549,10.9127,5172.9766,1000.0000,912.8381,10.9127,0,0,-1,0.0000,5172.9766,1000.0000,912.8381,10.9127,26
515,4851.0000,0.0000,986.4656,8.7423,5209.1343,1000.0001,222.0587,8.7423,0,0,-1,0.0000,5209.1343,1000.0001,222.0587,8.7423,24
516,4858.0000,119.1294,407.6842,8.0000,5076.1777,1000.0001,982.1697,8.0000,0,0,-1,0.0000,5076.1777,1000.0001,982.1697,8.0000,24
517,4869.0000,1000.0000,688.3873,11.7514,5095.9106,-0.0000,499.9025,11.7514,0,0,-1,0.0000,5095.9106,-0.0000,499.9025,11.7514,24
518,4874.0000,1000.0000,306.1782,14.3643,5157.5220,72.3921,999.9999,14.3643,0,0,-1,0.0000,5157.5220,72.3921,999.9999,14.3643,25
519,4887.0000,1000.0000,824.0504,8.7089,5129.7808,-0.0000,589.5022,8.7089,0,0,-1,0.0000,5129.7808,-0.0000,589.5022,8.7089,25
520,4898.0000,51.1091,1000.0000,9.8505,5271.1899,1000.0001,344.8172,9.8505,0,0,-1,0.0000,5271.1899,1000.0001,344.8172,9.8505,26
521,4903.0000,0.0000,28.9563,9.3594,5254.0186,852.0640,999.9999,9.3594,0,0,-1,0.0000,5254.0186,852.0640,999.9999,9.3594,27
522,4917.0000,344.2057,1000.0000,13.7528,5185.7808,597.5145,-0.0000,13.7528,0,0,-1,0.0000,5185.7808,597.5145,-0.0000,13.7528,28
523,4922.0000,1000.0000,954.3659,12.4439,5155.0620,-0.0000,507.5884,12.4439,0,0,-1,0.0000,5155.0620,-0.0000,507.5884,12.4439,27
524,4929.0000,987.3539,159.0028,8.0000,5179.2681,-0.0000,718.3307,8.0000,0,0,-1,0.0000,5179.2681,-0.0000,718.3307,8.0000,26
525,4940.0000,498.8638,0.0000,13.3719,5166.7031,546.0261,999.9999,13.3719,0,0,-1,0.0000,5166.7031,546.0261,999.9999,13.3719,27
526,4949.0000,0.0000,674.8610,9.4540,5228.4180,1000.0000,503.3242,9.4540,0,0,-1,0.0000,5228.4180,1000.0000,503.3242,9.4540,27
527,4955.0000,864.9227,302.6865,15.0000,5237.9492,-0.0000,875.5331,15.0000,0,0,-1,0.0000,5237.9492,-0.0000,875.5331,15.0000,28
528,4969.0000,830.4709,0.0000,8.8597,5198.6162,353.6851,999.9999,8.8597,0,0,-1,0.0000,5198.6162,353.6851,999.9999,8.8597,28
529,4982.0000,666.3276,1000.0000,9.6542,5276.6299,494.5931,-0.0000,9.6542,0,0,-1,0.0000,5276.6299,494.5931,-0.0000,9.6542,28
530,4991.0000,440.9603,0.0000,10.6918,5211.3955,304.7501,999.9999,10.6918,0,0,-1,0.0000,5211.3955,304.7501,999.9999,10.6918,27
531,4997.0000,1000.0000,44.8848,8.6161,5294.9160,47.9535,999.9999,8.6161,0,0,-1,0.0000,5294.9160,47.9535,999.9999,8.6161,28
532,5003.0000,677.3361,1.1008,15.0000,5248.8701,29.1762,1000.0000,15.0000,0,0,-1,0.0000,5248.8701,29.1762,1000.0000,15.0000,28
533,5017.0000,26.9842,419.9060,8.0000,5219.3911,999.9999,433.1715,8.0000,0,0,-1,0.0000,5219.3911,999.9999,433.1715,8.0000,28
534,5024.0000,208.9906,1000.0000,14.2022,5316.8389,899.1617,-0.0000,14.2022,0,0,-1,0.0000,5316.8389,899.1617,-0.0000,14.2022,27
535,5029.0000,394.1096,1000.0000,11.8979,5233.4751,376.5257,-0.0000,11.8979,0,0,-1,0.0000,5233.4751,376.5257,-0.0000,11.8979,28
536,5042.0000,370.5096,0.0000,10.1986,5363.8872,552.4457,1000.0000,10.1986,0,0,-1,0.0000,5363.8872,552.4457,1000.0000,10.1986,29
537,5053.0000,0.0000,938.8637,9.6561,5321.5146,1000.0000,116.0142,9.6561,0,0,-1,0.0000,5321.5146,1000.0000,116.0142,9.6561,26
538,5065.0000,499.4140,0.0000,12.8441,5367.2998,638.8073,1000.0001,12.8441,0,0,-1,0.0000,5367.2998,638.8073,1000.0001,12.8441,27
539,5076.0000,1000.0000,65.2179,8.1468,5354.1021,-0.0000,766.4099,8.1468,0,0,-1,0.0000,5354.1021,-0.0000,766.4099,8.1468,27
540,5088.0000,1000.0000,158.5549,8.9147,5378.8423,174.1756,999.9999,8.9147,0,0,-1,0.0000,5378.8423,174.1756,999.9999,8.9147,27
541,5098.0000,396.1660,0.0000,10.7237,5329.7241,905.8352,1000.0000,10.7237,0,0,-1,0.0000,5329.7241,905.8352,1000.0000,10.7237,26
542,5104.0000,133.7823,0.0000,14.4161,5348.5879,1000.0000,760.3360,14.4161,0,0,-1,0.0000,5348.5879,1000.0000,760.3360,14.4161,26
543,5117.0000,130.1312,957.6465,8.0000,5515.2622,1000.0000,124.9887,8.0000,0,0,-1,0.0000,5515.2622,1000.0000,124.9887,8.0000,27
544,5123.0000,210.9640,1000.0000,10.7615,5421.8970,987.7474,-0.0000,10.7615,0,0,-1,0.0000,5421.8970,987.7474,-0.0000,10.7615,28
545,5129.0000,557.1035,1000.0000,13.5913,5409.7881,735.0770,-0.0000,13.5913,0,0,-1,0.0000,5409.7881,735.0770,-0.0000,13.5913,29
546,5142.0000,719.1577,0.0000,11.8318,5412.7046,468.0145,999.9999,11.8318,0,0,-1,0.0000,5412.7046,468.0145,999.9999,11.8318,29
547,5152.0000,847.3459,847.1652,8.0000,5370.8550,-0.0000,212.3713,8.0000,0,0,-1,0.0000,5370.8550,-0.0000,212.3713,8.0000,30
548,5159.0000,1000.0000,19.0888,9.9060,5422.9209,-0.0000,523.5973,9.9060,0,0,-1,0.0000,5422.9209,-0.0000,523.5973,9.9060,29
549,5166.0000,180.0199,517.6208,8.0000,5352.6680,1000.0000,272.4813,8.0000,0,0,-1,0.0000,5352.6680,1000.0000,272.4813,8.0000,30
550,5180.0000,371.5550,0.0000,12.2401,5421.5386,367.2154,1000.0001,12.2401,0,0,-1,0.0000,5421.5386,367.2154,1000.0001,12.2401,28
551,5188.0000,134.2133,926.0237,15.0000,5493.0801,856.0090,-0.0000,15.0000,0,0,-1,0.0000,5493.0801,856.0090,-0.0000,15.0000,28
552,5198.0000,604.0001,0.0000,10.1333,5557.8516,-0.0000,986.6722,10.1333,0,0,-1,0.0000,5557.8516,-0.0000,986.6722,10.1333,29
553,5210.0000,0.0000,191.1720,10.0794,5461.8081,772.0471,1000.0000,10.0794,0,0,-1,0.0000,5461.8081,772.0471,1000.0000,10.0794,28
554,5218.0000,1000.0000,414.2481,9.3022,5502.9277,-0.0000,561.5164,9.3022,0,0,-1,0.0000,5502.9277,-0.0000,561.5164,9.3022,28
555,5228.0000,0.0000,59.0480,12.6272,5564.1499,854.3762,1000.0000,12.6272,0,0,-1,0.0000,5564.1499,854.3762,1000.0000,12.6272,28
556,5236.0000,1000.0000,173.4557,12.8794,5517.3589,-0.0000,871.1735,12.8794,0,0,-1,0.0000,5517.3589,-0.0000,871.1735,12.8794,27
557,5244.0000,243.4610,681.2256,15.0000,5485.9570,1000.0000,245.9427,15.0000,0,0,-1,0.0000,5485.9570,1000.0000,245.9427,15.0000,27
558,5251.0000,441.3955,904.1273,15.0000,5543.1182,739.0762,-0.0000,15.0000,0,0,-1,0.0000,5543.1182,739.0762,-0.0000,15.0000,27
559,5259.0000,0.4363,1000.0000,14.1123,5546.6309,793.1588,-0.0000,14.1123,0,0,-1,0.0000,5546.6309,793.1588,-0.0000,14.1123,27
560,5272.0000,899.6236,0.0000,8.3306,5530.7573,517.0493,1000.0000,8.3306,0,0,-1,0.0000,5530.7573,517.0493,1000.0000,8.3306,27
561,5282.0000,1000.0000,945.3881,8.0090,5578.0503,-0.0000,22.6408,8.0090,0,0,-1,0.0000,5578.0503,-0.0000,22.6408,8.0090,27
562,5287.0000,618.5537,0.0000,9.3616,5510.5703,123.1005,1000.0000,9.3616,0,0,-1,0.0000,5510.5703,123.1005,1000.0000,9.3616,28
563,5301.0000,485.2004,209.0996,15.0000,5480.2666,539.6235,1000.0000,15.0000,0,0,-1,0.0000,5480.2666,539.6235,1000.0000,15.0000,28
564,5315.0000,763.3371,1000.0000,13.1296,5608.5366,435.0017,-0.0000,13.1296,0,0,-1,0.0000,5608.5366,435.0017,-0.0000,13.1296,29
565,5329.0000,0.0000,669.8431,10.3316,5656.8618,999.9999,45.0346,10.3316,0,0,-1,0.0000,5656.8618,999.9999,45.0346,10.3316,28
566,5334.0000,0.0000,416.3865,8.8181,5592.1387,1000.0000,663.1179,8.8181,0,0,-1,0.0000,5592.1387,1000.0000,663.1179,8.8181,28
567,5343.0000,0.0000,272.5581,13.0668,5622.8149,1000.0000,981.9724,13.0668,0,0,-1,0.0000,5622.8149,1000.0000,981.9724,13.0668,29
568,5356.0000,0.0000,768.4496,8.2745,5591.7314,999.9999,482.2911,8.2745,0,0,-1,0.0000,5591.7314,999.9999,482.2911,8.2745,27
569,5369.0000,253.0779,1000.0000,8.0603,5712.6963,541.5159,-0.0000,8.0603,0,0,-1,0.0000,5712.6963,541.5159,-0.0000,8.0603,26
570,5379.0000,678.3948,133.3899,15.0000,5575.0801,401.3704,1000.0000,15.0000,0,0,-1,0.0000,5575.0801,401.3704,1000.0000,15.0000,25
571,5393.0000,0.0000,366.7869,10.7674,5660.6992,1000.0000,912.4566,10.7674,0,0,-1,0.0000,5660.6992,1000.0000,912.4566,10.7674,26
572,5399.0000,1000.0000,159.2392,11.8820,5659.8042,-0.0000,835.4381,11.8820,0,0,-1,0.0000,5659.8042,-0.0000,835.4381,11.8820,27
573,5405.0000,0.0000,824.1965,14.2732,5653.8125,1000.0000,589.5295,14.2732,0,0,-1,0.0000,5653.8125,1000.0000,589.5295,14.2732,28
574,5416.0000,172.5953,355.9665,15.0000,5628.8062,1000.0000,672.8390,15.0000,0,0,-1,0.0000,5628.8062,1000.0000,672.8390,15.0000,27
575,5426.0000,660.0793,1000.0000,13.4725,5678.4746,457.9721,-0.0000,13.4725,0,0,-1,0.0000,5678.4746,457.9721,-0.0000,13.4725,25
576,5434.0000,897.9377,1000.0000,13.5611,5690.7598,-0.0000,363.5936,13.5611,0,0,-1,0.0000,5690.7598,-0.0000,363.5936,13.5611,26
577,5444.0000,1000.0000,910.4087,13.7852,5768.3940,-0.0000,314.3267,13.7852,0,0,-1,0.0000,5768.3940,-0.0000,314.3267,13.7852,27
578,5450.0000,463.2976,983.7466,15.0000,5702.4155,536.7086,-0.0000,15.0000,0,0,-1,0.0000,5702.4155,536.7086,-0.0000,15.0000,28
579,5456.0000,928.2185,0.0000,10.8158,5769.7290,-0.0000,916.6141,10.8158,0,0,-1,0.0000,5769.7290,-0.0000,916.6141,10.8158,29
580,5461.0000,814.6187,150.5361,8.0000,5687.1021,166.6685,1000.0000,8.0000,0,0,-1,0.0000,5687.1021,166.6685,1000.0000,8.0000,30
581,5475.0000,771.5267,0.0000,9.1607,5703.5776,309.1200,1000.0001,9.1607,0,0,-1,0.0000,5703.5776,309.1200,1000.0001,9.1607,30
582,5483.0000,92.3172,0.0000,11.3682,5732.7476,643.4198,1000.0000,11.3682,0,0,-1,0.0000,5732.7476,643.4198,1000.0000,11.3682,30
583,5496.0000,110.7080,0.0000,13.3278,5815.1782,545.6743,1000.0000,13.3278,0,0,-1,0.0000,5815.1782,545.6743,1000.0000,13.3278,29
584,5501.0000,0.0000,142.6896,8.6057,5754.0859,864.3300,1000.0000,8.6057,0,0,-1,0.0000,5754.0859,864.3300,1000.0000,8.6057,30
585,5514.0000,664.2863,0.0000,12.5967,5735.8330,-0.0000,881.6852,12.5967,0,0,-1,0.0000,5735.8330,-0.0000,881.6852,12.5967,29
586,5522.0000,1000.0000,58.5694,8.0954,5862.3442,-0.0000,592.6512,8.0954,0,0,-1,0.0000,5862.3442,-0.0000,592.6512,8.0954,28
587,5530.0000,873.7251,1000.0000,14.4452,5806.1582,318.8148,-0.0000,14.4452,0,0,-1,0.0000,5806.1582,318.8148,-0.0000,14.4452,29
588,5541.0000,916.8685,34.9283,15.0000,5870.3325,-0.0000,555.0636,15.0000,0,0,-1,0.0000,5870.3325,-0.0000,555.0636,15.0000,29
589,5546.0000,990.2769,86.3933,15.0000,5858.2666,-0.0000,910.6531,15.0000,0,0,-1,0.0000,5858.2666,-0.0000,910.6531,15.0000,29
590,5558.0000,28.3777,808.4125,15.0000,5873.6157,999.9999,428.6907,15.0000,0,0,-1,0.0000,5873.6157,999.9999,428.6907,15.0000,28
591,5567.0000,1000.0000,616.4929,10.2731,5807.0459,-0.0000,239.3655,10.2731,0,0,-1,0.0000,5807.0459,-0.0000,239.3655,10.2731,28
592,5574.0000,194.9359,694.4016,15.0000,5768.4243,999.9999,236.9227,15.0000,0,0,-1,0.0000,5768.4243,999.9999,236.9227,15.0000,29
593,5582.0000,546.7498,738.3210,8.0000,5823.2168,209.8674,-0.0000,8.0000,0,0,-1,0.0000,5823.2168,209.8674,-0.0000,8.0000,28
594,5593.0000,809.9905,595.7054,8.0000,5826.8574,-0.0000,280.5882,8.0000,0,0,-1,0.0000,5826.8574,-0.0000,280.5882,8.0000,27
595,5598.0000,409.4471,159.9397,15.0000,5818.0708,584.1846,1000.0001,15.0000,0,0,-1,0.0000,5818.0708,584.1846,1000.0001,15.0000,28
596,5604.0000,414.4407,1000.0000,13.7605,5956.6665,857.4084,-0.0000,13.7605,0,0,-1,0.0000,5956.6665,857.4084,-0.0000,13.7605,29
597,5609.0000,100.7829,39.4159,15.0000,5831.6455,999.9999,587.8218,15.0000,0,0,-1,0.0000,5831.6455,999.9999,587.8218,15.0000,29
598,5620.0000,449.1754,928.8480,15.0000,5931.5337,646.8249,-0.0000,15.0000,0,0,-1,0.0000,5931.5337,646.8249,-0.0000,15.0000,30
599,5625.0000,1000.0000,731.9006,9.6649,5868.0571,-0.0000,377.0309,9.6649,0,0,-1,0.0000,5868.0571,-0.0000,377.0309,9.6649,30
600,5632.0000,0.0000,284.5956,13.5212,5944.5962,1000.0000,460.8395,13.5212,0,0,-1,0.0000,5944.5962,1000.0000,460.8395,13.5212,30
601,5637.0000,473.3807,166.6987,8.0000,5848.1411,686.5480,1000.0000,8.0000,0,0,-1,0.0000,5848.1411,686.5480,1000.0000,8.0000,31
602,5649.0000,922.3090,598.1807,15.0000,5956.8877,-0.0000,514.3308,15.0000,0,0,-1,0.0000,5956.8877,-0.0000,514.3308,15.0000,32
603,5656.0000,756.0026,864.7214,15.0000,5840.2104,462.2065,-0.0000,15.0000,0,0,-1,0.0000,5840.2104,462.2065,-0.0000,15.0000,32
604,5670.0000,566.9379,1000.0000,8.1749,5911.9561,399.6740,-0.0000,8.1749,0,0,-1,0.0000,5911.9561,399.6740,-0.0000,8.1749,30
605,5684.0000,332.1877,1000.0000,10.2005,5992.2178,779.0667,-0.0000,10.2005,0,0,-1,0.0000,5992.2178,779.0667,-0.0000,10.2005,30
606,5690.0000,0.0000,687.5300,8.9050,5947.1997,1000.0000,491.5302,8.9050,0,0,-1,0.0000,5947.1997,1000.0000,491.5302,8.9050,30
607,5696.0000,0.0000,54.9291,14.0900,5999.0186,877.3697,1000.0000,14.0900,0,0,-1,0.0000,5999.0186,877.3697,1000.0000,14.0900,30
608,5709.0000,625.3646,500.0808,8.0000,5709.0000,625.3646,500.0808,8.0000,0,0,-1,0.0000,5709.0000,625.3646,500.0808,8.0000,29
609,5716.0000,763.3221,353.8415,15.0000,5913.0488,-0.0000,668.5394,15.0000,0,0,-1,0.0000,5913.0488,-0.0000,668.5394,15.0000,28
610,5729.0000,794.4433,0.0000,11.2062,5989.4468,493.4712,1000.0000,11.2062,0,0,-1,0.0000,5989.4468,493.4712,1000.0000,11.2062,29
611,5740.0000,0.0000,598.4924,8.3901,6060.6094,1000.0000,62.6063,8.3901,0,0,-1,0.0000,6060.6094,1000.0000,62.6063,8.3901,28
612,5746.0000,991.4156,0.0000,13.9193,6089.4385,376.0508,999.9999,13.9193,0,0,-1,0.0000,6089.4385,376.0508,999.9999,13.9193,29
613,5759.0000,520.0373,181.4115,8.0000,5950.9980,502.8864,1000.0000,8.0000,0,0,-1,0.0000,5950.9980,502.8864,1000.0000,8.0000,29
614,5771.0000,566.2134,806.9182,15.0000,6015.4082,410.9476,-0.0000,15.0000,0,0,-1,0.0000,6015.4082,410.9476,-0.0000,15.0000,27
615,5777.0000,1000.0000,682.5840,10.1324,6047.6362,-0.0000,340.2491,10.1324,0,0,-1,0.0000,6047.6362,-0.0000,340.2491,10.1324,28
616,5785.0000,1000.0000,307.7108,11.1896,6043.8120,-0.0000,449.0150,11.1896,0,0,-1,0.0000,6043.8120,-0.0000,449.0150,11.1896,29
617,5792.0000,346.3111,76.7415,15.0000,5981.9751,486.9532,1000.0000,15.0000,0,0,-1,0.0000,5981.9751,486.9532,1000.0000,15.0000,30
618,5801.0000,0.0000,962.1138,8.2477,6178.7979,1000.0000,370.1264,8.2477,0,0,-1,0.0000,6178.7979,1000.0000,370.1264,8.2477,31
619,5814.0000,112.5161,1000.0000,8.1716,6107.0537,871.5648,-0.0000,8.1716,0,0,-1,0.0000,6107.0537,871.5648,-0.0000,8.1716,30
620,5828.0000,870.4443,0.0000,9.9118,6209.9839,-0.0000,857.7714,9.9118,0,0,-1,0.0000,6209.9839,-0.0000,857.7714,9.9118,27
621,5839.0000,77.3650,93.6611,8.0000,6102.0874,595.9980,1000.0001,8.0000,0,0,-1,0.0000,6102.0874,595.9980,1000.0001,8.0000,27
622,5852.0000,786.8530,0.0000,8.0639,6178.8550,215.8663,1000.0000,8.0639,0,0,-1,0.0000,6178.8550,215.8663,1000.0000,8.0639,26
623,5859.0000,1000.0000,402.9383,12.7017,6174.9385,-0.0000,460.7464,12.7017,0,0,-1,0.0000,6174.9385,-0.0000,460.7464,12.7017,26
624,5869.0000,137.1944,401.4736,8.0000,6087.6401,1000.0000,664.9514,8.0000,0,0,-1,0.0000,6087.6401,1000.0000,664.9514,8.0000,25
625,5878.0000,655.2697,0.0000,8.3000,6101.0249,257.4227,1000.0001,8.3000,0,0,-1,0.0000,6101.0249,257.4227,1000.0001,8.3000,24
626,5883.0000,323.5567,0.0000,13.9847,6101.3408,679.2365,1000.0001,13.9847,0,0,-1,0.0000,6101.3408,679.2365,1000.0001,13.9847,25
627,5892.0000,847.3118,164.1559,15.0000,6103.6523,309.8600,1000.0000,15.0000,0,0,-1,0.0000,6103.6523,309.8600,1000.0000,15.0000,26
628,5900.0000,885.0638,0.0000,14.7792,6173.3418,-0.0000,950.9654,14.7792,0,0,-1,0.0000,6173.3418,-0.0000,950.9654,14.7792,27
629,5911.0000,637.3250,0.0000,9.1106,6225.1660,588.3957,999.9999,9.1106,0,0,-1,0.0000,6225.1660,588.3957,999.9999,9.1106,28
630,5916.0000,1000.0000,824.7975,13.1069,6226.2183,-0.0000,594.0870,13.1069,0,0,-1,0.0000,6226.2183,-0.0000,594.0870,13.1069,27
631,5925.0000,778.4205,600.2669,8.0000,6238.9326,25.7541,-0.0000,8.0000,0,0,-1,0.0000,6238.9326,25.7541,-0.0000,8.0000,28
632,5937.0000,282.4156,375.1701,15.0000,6138.8501,1000.0001,810.6128,15.0000,0,0,-1,0.0000,6138.8501,1000.0001,810.6128,15.0000,28
633,5950.0000,695.0914,943.8029,15.0000,6213.4458,150.4700,-0.0000,15.0000,0,0,-1,0.0000,6213.4458,150.4700,-0.0000,15.0000,27
634,5961.0000,125.0051,327.1185,8.0000,6273.8521,1000.0001,836.9841,8.0000,0,0,-1,0.0000,6273.8521,1000.0001,836.9841,8.0000,25
635,5966.0000,993.3431,503.2965,15.0000,5966.0000,993.3431,503.2965,15.0000,0,0,-1,0.0000,5966.0000,993.3431,503.2965,15.0000,26
636,5974.0000,750.4574,1000.0000,14.7659,6184.2803,630.2440,-0.0000,14.7659,0,0,-1,0.0000,6184.2803,630.2440,-0.0000,14.7659,26
637,5986.0000,375.9425,889.8444,15.0000,6223.3921,884.4933,-0.0000,15.0000,0,0,-1,0.0000,6223.3921,884.4933,-0.0000,15.0000,26
638,5997.0000,597.2416,437.4698,15.0000,6168.1104,-0.0000,944.9888,15.0000,0,0,-1,0.0000,6168.1104,-0.0000,944.9888,15.0000,25
639,6005.0000,0.0000,636.5413,11.5086,6226.5596,999.9999,333.5516,11.5086,0,0,-1,0.0000,6226.5596,999.9999,333.5516,11.5086,25
640,6013.0000,1000.0000,532.8463,12.6592,6217.3652,-0.0000,410.4620,12.6592,0,0,-1,0.0000,6217.3652,-0.0000,410.4620,12.6592,26
641,6024.0000,1000.0000,712.6616,12.0909,6325.8418,-0.0000,597.0591,12.0909,0,0,-1,0.0000,6325.8418,-0.0000,597.0591,12.0909,26
642,6033.0000,322.0274,464.0893,8.0000,6188.8555,999.9999,379.0815,8.0000,0,0,-1,0.0000,6188.8555,999.9999,379.0815,8.0000,27
643,6047.0000,1000.0000,535.9963,14.8574,6259.1846,-0.0000,451.5104,14.8574,0,0,-1,0.0000,6259.1846,-0.0000,451.5104,14.8574,27
644,6053.0000,320.0961,430.3620,8.0000,6253.9893,1000.0001,783.9452,8.0000,0,0,-1,0.0000,6253.9893,1000.0001,783.9452,8.0000,27
645,6062.0000,1000.0000,784.7377,9.2221,6349.2227,34.5989,-0.0000,9.2221,0,0,-1,0.0000,6349.2227,34.5989,-0.0000,9.2221,27
646,6067.0000,1000.0000,943.6993,11.5979,6331.8921,384.8429,-0.0000,11.5979,0,0,-1,0.0000,6331.8921,384.8429,-0.0000,11.5979,28
647,6077.0000,1000.0000,182.3529,10.0866,6434.8940,92.0115,1000.0000,10.0866,0,0,-1,0.0000,6434.8940,92.0115,1000.0000,10.0866,29
648,6083.0000,524.2979,998.6321,8.0000,6359.6655,457.4064,-0.0000,8.0000,0,0,-1,0.0000,6359.6655,457.4064,-0.0000,8.0000,30
649,6089.0000,128.7296,1000.0000,11.2578,6458.9082,987.5782,-0.0000,11.2578,0,0,-1,0.0000,6458.9082,987.5782,-0.0000,11.2578,30
650,6095.0000,376.9135,74.3915,15.0000,6292.9033,415.7397,1000.0000,15.0000,0,0,-1,0.0000,6292.9033,415.7397,1000.0000,15.0000,30
651,6106.0000,0.0000,74.0844,9.1791,6489.6816,1000.0000,919.3378,9.1791,0,0,-1,0.0000,6489.6816,1000.0000,919.3378,9.1791,27
652,6113.0000,543.9398,871.2515,8.0000,6324.0640,633.4534,-0.0000,8.0000,0,0,-1,0.0000,6324.0640,633.4534,-0.0000,8.0000,27
653,6123.0000,846.7483,209.5609,15.0000,6445.5449,150.2537,1000.0000,15.0000,0,0,-1,0.0000,6445.5449,150.2537,1000.0000,15.0000,28
654,6129.0000,0.0000,133.9603,11.0483,6414.6621,1000.0000,471.3505,11.0483,0,0,-1,0.0000,6414.6621,1000.0000,471.3505,11.0483,29
655,6141.0000,0.0000,283.1489,8.3729,6525.4209,1000.0001,968.1708,8.3729,0,0,-1,0.0000,6525.4209,1000.0001,968.1708,8.3729,29
656,6149.0000,390.7167,1000.0000,9.3120,6393.2959,530.5061,-0.0000,9.3120,0,0,-1,0.0000,6393.2959,530.5061,-0.0000,9.3120,30
657,6156.0000,22.4522,0.0000,13.2702,6519.0107,556.5012,1000.0001,13.2702,0,0,-1,0.0000,6519.0107,556.5012,1000.0001,13.2702,31
658,6170.0000,192.8719,1000.0000,13.9385,6463.8042,1000.0000,121.7469,13.9385,0,0,-1,0.0000,6463.8042,1000.0000,121.7469,13.9385,31
659,6177.0000,899.8771,1000.0000,12.9238,6486.0869,288.8304,-0.0000,12.9238,0,0,-1,0.0000,6486.0869,288.8304,-0.0000,12.9238,30
660,6183.0000,512.4927,9.0961,15.0000,6467.0347,499.1436,1000.0000,15.0000,0,0,-1,0.0000,6467.0347,499.1436,1000.0000,15.0000,29
661,6196.0000,184.9201,0.0000,12.5949,6425.6606,1000.0000,755.0076,12.5949,0,0,-1,0.0000,6425.6606,1000.0000,755.0076,12.5949,28
662,6210.0000,563.9625,552.5630,15.0000,6382.2729,10.8507,-0.0000,15.0000,0,0,-1,0.0000,6382.2729,10.8507,-0.0000,15.0000,28
663,6221.0000,0.0000,488.5031,13.1335,6438.5488,1000.0000,347.4885,13.1335,0,0,-1,0.0000,6438.5488,1000.0000,347.4885,13.1335,27
664,6232.0000,466.1001,0.0000,14.5337,6491.2036,515.6267,1000.0000,14.5337,0,0,-1,0.0000,6491.2036,515.6267,1000.0000,14.5337,24
665,6240.0000,1000.0000,12.7567,10.3046,6525.5801,-0.0000,594.2640,10.3046,0,0,-1,0.0000,6525.5801,-0.0000,594.2640,10.3046,24
666,6253.0000,551.9411,0.0000,8.7287,6527.0903,391.3525,1000.0000,8.7287,0,0,-1,0.0000,6527.0903,391.3525,1000.0000,8.7287,25
667,6262.0000,80.4618,235.7915,15.0000,6513.1538,929.2936,999.9999,15.0000,0,0,-1,0.0000,6513.1538,929.2936,999.9999,15.0000,24
668,6269.0000,408.7600,649.5505,15.0000,6454.0156,699.2032,-0.0000,15.0000,0,0,-1,0.0000,6454.0156,699.2032,-0.0000,15.0000,25
669,6278.0000,956.6695,119.4442,15.0000,6533.1362,443.5460,1000.0001,15.0000,0,0,-1,0.0000,6533.1362,443.5460,1000.0001,15.0000,25
670,6290.0000,829.3896,1000.0000,11.0499,6599.1758,481.5616,-0.0000,11.0499,0,0,-1,0.0000,6599.1758,481.5616,-0.0000,11.0499,26
671,6303.0000,628.5457,654.0300,8.0000,6495.8945,112.7058,-0.0000,8.0000,0,0,-1,0.0000,6495.8945,112.7058,-0.0000,8.0000,26
672,6309.0000,0.0000,371.8954,9.1015,6533.7900,1000.0001,587.6361,9.1015,0,0,-1,0.0000,6533.7900,1000.0001,587.6361,9.1015,27
673,6318.0000,1000.0000,248.9032,12.8285,6554.3940,203.3297,1000.0001,12.8285,0,0,-1,0.0000,6554.3940,203.3297,1000.0001,12.8285,28
674,6327.0000,648.9078,764.5901,8.0000,6587.3906,466.9274,-0.0000,8.0000,0,0,-1,0.0000,6587.3906,466.9274,-0.0000,8.0000,27
675,6337.0000,99.4247,142.6700,8.0000,6574.9561,1000.0000,887.9601,8.0000,0,0,-1,0.0000,6574.9561,1000.0000,887.9601,8.0000,27
676,6345.0000,349.8223,865.1585,8.0000,6632.0410,644.0854,-0.0000,8.0000,0,0,-1,0.0000,6632.0410,644.0854,-0.0000,8.0000,28
677,6356.0000,87.3434,108.3883,15.0000,6674.4517,1000.0001,705.7733,15.0000,0,0,-1,0.0000,6674.4517,1000.0001,705.7733,15.0000,28
678,6370.0000,627.9256,796.0457,15.0000,6576.6270,396.9650,-0.0000,15.0000,0,0,-1,0.0000,6576.6270,396.9650,-0.0000,15.0000,28
679,6379.0000,285.4120,0.0000,11.1233,6583.0010,439.5549,999.9999,11.1233,0,0,-1,0.0000,6583.0010,439.5549,999.9999,11.1233,29
680,6388.0000,1000.0000,478.3273,14.0829,6635.6396,-0.0000,162.6984,14.0829,0,0,-1,0.0000,6635.6396,-0.0000,162.6984,14.0829,29
681,6394.0000,675.9121,192.9158,8.0000,6646.0293,283.7399,1000.0000,8.0000,0,0,-1,0.0000,6646.0293,283.7399,1000.0000,8.0000,29
682,6402.0000,310.0536,0.0000,12.5103,6673.5186,818.3777,999.9999,12.5103,0,0,-1,0.0000,6673.5186,818.3777,999.9999,12.5103,30
683,6409.0000,985.0532,833.1019,15.0000,6674.9048,301.1140,-0.0000,15.0000,0,0,-1,0.0000,6674.9048,301.1140,-0.0000,15.0000,31
684,6420.0000,647.5663,598.3882,15.0000,6605.8447,135.2598,-0.0000,15.0000,0,0,-1,0.0000,6605.8447,135.2598,-0.0000,15.0000,31
685,6429.0000,0.0000,662.6749,8.5288,6738.4912,1000.0000,661.3688,8.5288,0,0,-1,0.0000,6738.4912,1000.0000,661.3688,8.5288,31
686,6442.0000,0.0000,451.3373,10.8995,6669.6626,1000.0000,234.7207,10.8995,0,0,-1,0.0000,6669.6626,1000.0000,234.7207,10.8995,30
687,6456.0000,465.2176,854.7699,8.0000,6651.5923,667.1954,-0.0000,8.0000,0,0,-1,0.0000,6651.5923,667.1954,-0.0000,8.0000,29
688,6462.0000,770.7660,180.2724,15.0000,6664.4053,447.8893,1000.0001,15.0000,0,0,-1,0.0000,6664.4053,447.8893,1000.0001,15.0000,29
689,6470.0000,797.3356,215.0806,15.0000,6706.8345,-0.0000,820.5111,15.0000,0,0,-1,0.0000,6706.8345,-0.0000,820.5111,15.0000,28
690,6480.0000,601.5807,0.0000,9.6086,6818.3330,22.6118,1000.0000,9.6086,0,0,-1,0.0000,6818.3330,22.6118,1000.0000,9.6086,29
691,6492.0000,1000.0000,542.7161,13.1301,6823.2275,-0.0000,278.5943,13.1301,0,0,-1,0.0000,6823.2275,-0.0000,278.5943,13.1301,27
692,6506.0000,522.3823,1000.0000,11.1931,6790.5557,272.1952,-0.0000,11.1931,0,0,-1,0.0000,6790.5557,272.1952,-0.0000,11.1931,27
693,6511.0000,1000.0000,21.0745,8.8727,6852.5156,-0.0000,970.5638,8.8727,0,0,-1,0.0000,6852.5156,-0.0000,970.5638,8.8727,28
694,6522.0000,569.3452,0.0000,11.4768,6773.0815,704.3793,1000.0001,11.4768,0,0,-1,0.0000,6773.0815,704.3793,1000.0001,11.4768,27
695,6533.0000,0.0000,66.1004,14.8671,6772.7476,1000.0000,526.8667,14.8671,0,0,-1,0.0000,6772.7476,1000.0000,526.8667,14.8671,25
696,6547.0000,75.4243,0.0000,14.2507,6798.4297,607.9757,999.9999,14.2507,0,0,-1,0.0000,6798.4297,607.9757,999.9999,14.2507,24
697,6553.0000,519.3712,0.0000,12.5664,6878.4478,143.0248,999.9999,12.5664,0,0,-1,0.0000,6878.4478,143.0248,999.9999,12.5664,25
698,6561.0000,0.0000,864.1252,9.0658,6785.0884,1000.0000,545.6396,9.0658,0,0,-1,0.0000,6785.0884,1000.0000,545.6396,9.0658,25
699,6571.0000,0.0000,719.5256,13.1814,6776.5308,999.9999,562.3204,13.1814,0,0,-1,0.0000,6776.5308,999.9999,562.3204,13.1814,26
700,6582.0000,747.4037,1000.0000,13.5931,6899.6587,351.8067,-0.0000,13.5931,0,0,-1,0.0000,6899.6587,351.8067,-0.0000,13.5931,25
701,6590.0000,1000.0000,868.3738,12.8645,6896.2192,105.7127,-0.0000,12.8645,0,0,-1,0.0000,6896.2192,105.7127,-0.0000,12.8645,24
702,6602.0000,126.8927,0.0000,13.7641,6886.8213,1000.0000,583.1591,13.7641,0,0,-1,0.0000,6886.8213,1000.0000,583.1591,13.7641,24
703,6616.0000,989.4081,1000.0000,10.2001,6914.0254,367.1955,-0.0000,10.2001,0,0,-1,0.0000,6914.0254,367.1955,-0.0000,10.2001,24
704,6629.0000,353.7006,171.1277,15.0000,6870.3276,620.4433,1000.0000,15.0000,0,0,-1,0.0000,6870.3276,620.4433,1000.0000,15.0000,25
705,6642.0000,485.7558,543.6149,8.0000,6816.0361,729.8719,-0.0000,8.0000,0,0,-1,0.0000,6816.0361,729.8719,-0.0000,8.0000,24
706,6655.0000,386.9129,906.5549,8.0000,6908.0649,456.3692,-0.0000,8.0000,0,0,-1,0.0000,6908.0649,456.3692,-0.0000,8.0000,23
707,6665.0000,737.7815,1000.0000,14.9564,6967.4072,40.7500,-0.0000,14.9564,0,0,-1,0.0000,6967.4072,40.7500,-0.0000,14.9564,23
708,6679.0000,341.9017,862.9443,8.0000,6965.9937,696.7213,-0.0000,8.0000,0,0,-1,0.0000,6965.9937,696.7213,-0.0000,8.0000,20
709,6685.0000,0.0000,146.0625,14.2661,6905.1816,999.9999,436.8174,14.2661,0,0,-1,0.0000,6905.1816,999.9999,436.8174,14.2661,21
710,6698.0000,596.2183,0.0000,14.6332,6942.1328,348.3961,1000.0000,14.6332,0,0,-1,0.0000,6942.1328,348.3961,1000.0000,14.6332,22
711,6704.0000,0.0000,238.8509,8.2234,6958.7417,1000.0000,741.5229,8.2234,0,0,-1,0.0000,6958.7417,1000.0000,741.5229,8.2234,23
712,6714.0000,1000.0000,536.2018,12.9821,6972.3896,-0.0000,474.1073,12.9821,0,0,-1,0.0000,6972.3896,-0.0000,474.1073,12.9821,23
713,6723.0000,0.0000,593.8143,9.0813,6942.4556,1000.0001,749.6903,9.0813,0,0,-1,0.0000,6942.4556,1000.0001,749.6903,9.0813,24
714,6735.0000,1000.0000,391.7835,9.9452,6957.8867,-0.0000,404.7699,9.9452,0,0,-1,0.0000,6957.8867,-0.0000,404.7699,9.9452,25
715,6748.0000,840.9624,0.0000,9.2550,7138.9805,-0.0000,952.2309,9.2550,0,0,-1,0.0000,7138.9805,-0.0000,952.2309,9.2550,25
716,6762.0000,1000.0000,614.9366,14.5721,7044.8481,-0.0000,268.7306,14.5721,0,0,-1,0.0000,7044.8481,-0.0000,268.7306,14.5721,26
717,6774.0000,1000.0000,214.3853,13.9364,7061.3740,53.2670,1000.0000,13.9364,0,0,-1,0.0000,7061.3740,53.2670,1000.0000,13.9364,25
718,6783.0000,845.1992,0.0000,12.6794,7105.3442,23.9531,1000.0000,12.6794,0,0,-1,0.0000,7105.3442,23.9531,1000.0000,12.6794,25
719,6789.0000,878.2707,316.9073,15.0000,7030.9531,-0.0000,650.1956,15.0000,0,0,-1,0.0000,7030.9531,-0.0000,650.1956,15.0000,25
720,6798.0000,239.8686,1000.0000,8.9927,7039.8945,671.5139,-0.0000,8.9927,0,0,-1,0.0000,7039.8945,671.5139,-0.0000,8.9927,25
721,6803.0000,0.0000,217.2619,11.0738,7199.6709,1000.0001,906.5798,11.0738,0,0,-1,0.0000,7199.6709,1000.0001,906.5798,11.0738,25
722,6817.0000,34.8588,57.5071,15.0000,7105.9883,823.1683,1000.0000,15.0000,0,0,-1,0.0000,7105.9883,823.1683,1000.0000,15.0000,25
723,6828.0000,369.6677,545.3571,15.0000,6992.9062,1000.0000,280.3432,15.0000,0,0,-1,0.0000,6992.9062,1000.0000,280.3432,15.0000,24
724,6840.0000,939.8075,1000.0000,9.3206,7175.4419,-0.0000,100.1076,9.3206,0,0,-1,0.0000,7175.4419,-0.0000,100.1076,9.3206,25
725,6850.0000,256.0089,0.0000,13.3041,7067.8340,481.2661,1000.0001,13.3041,0,0,-1,0.0000,7067.8340,481.2661,1000.0001,13.3041,26
726,6860.0000,953.6897,1000.0000,9.9084,7155.7520,179.3171,-0.0000,9.9084,0,0,-1,0.0000,7155.7520,179.3171,-0.0000,9.9084,26
727,6873.0000,0.0000,325.9016,14.8581,7186.4814,1000.0000,760.5200,14.8581,0,0,-1,0.0000,7186.4814,1000.0000,760.5200,14.8581,26
728,6879.0000,0.0000,820.3347,13.7673,7149.6934,1000.0001,561.7187,13.7673,0,0,-1,0.0000,7149.6934,1000.0001,561.7187,13.7673,26
729,6885.0000,0.0000,379.0073,13.8544,7114.7427,1000.0000,697.3627,13.8544,0,0,-1,0.0000,7114.7427,1000.0000,697.3627,13.8544,27
730,6890.0000,293.9724,1000.0000,10.1449,7239.0879,661.1570,-0.0000,10.1449,0,0,-1,0.0000,7239.0879,661.1570,-0.0000,10.1449,27
731,6898.0000,99.5707,0.0000,11.4613,7158.0918,1000.0000,646.9047,11.4613,0,0,-1,0.0000,7158.0918,1000.0000,646.9047,11.4613,27
732,6904.0000,404.0645,869.4152,8.0000,7145.3003,867.2171,-0.0000,8.0000,0,0,-1,0.0000,7145.3003,867.2171,-0.0000,8.0000,27
733,6910.0000,1000.0000,432.5980,10.1022,7162.1802,-0.0000,365.9617,10.1022,0,0,-1,0.0000,7162.1802,-0.0000,365.9617,10.1022,26
734,6916.0000,890.9619,698.7563,8.0000,7103.2207,-0.0000,518.8485,8.0000,0,0,-1,0.0000,7103.2207,-0.0000,518.8485,8.0000,26
735,6925.0000,1000.0000,986.2977,11.2884,7180.8838,-0.0000,310.0846,11.2884,0,0,-1,0.0000,7180.8838,-0.0000,310.0846,11.2884,27
736,6936.0000,982.7322,1000.0000,11.8555,7285.2231,366.6163,-0.0000,11.8555,0,0,-1,0.0000,7285.2231,366.6163,-0.0000,11.8555,28
737,6945.0000,0.0000,959.5723,11.0044,7276.8066,912.8074,-0.0000,11.0044,0,0,-1,0.0000,7276.8066,912.8074,-0.0000,11.0044,27
738,6957.0000,974.0578,0.0000,13.4981,7279.3618,86.4182,1000.0000,13.4981,0,0,-1,0.0000,7279.3618,86.4182,1000.0000,13.4981,28
739,6964.0000,992.7427,942.6413,15.0000,7192.9277,-0.0000,471.7671,15.0000,0,0,-1,0.0000,7192.9277,-0.0000,471.7671,15.0000,27
740,6977.0000,182.2293,0.0000,8.4895,7272.7588,867.8416,1000.0001,8.4895,0,0,-1,0.0000,7272.7588,867.8416,1000.0001,8.4895,25
741,6987.0000,1000.0000,365.0899,8.0742,7269.6592,-0.0000,543.9527,8.0742,0,0,-1,0.0000,7269.6592,-0.0000,543.9527,8.0742,26
742,6998.0000,743.0160,431.3980,8.0000,7237.5371,-0.0000,535.9193,8.0000,0,0,-1,0.0000,7237.5371,-0.0000,535.9193,8.0000,26
743,7006.0000,361.3534,1000.0000,12.3932,7226.5190,687.2935,-0.0000,12.3932,0,0,-1,0.0000,7226.5190,687.2935,-0.0000,12.3932,27
744,7018.0000,500.9996,16.4667,15.0000,7275.5376,590.1511,1000.0000,15.0000,0,0,-1,0.0000,7275.5376,590.1511,1000.0000,15.0000,28
745,7031.0000,1000.0000,911.5883,8.3174,7347.9932,-0.0000,394.5963,8.3174,0,0,-1,0.0000,7347.9932,-0.0000,394.5963,8.3174,28
746,7044.0000,721.8800,1000.0000,9.7132,7310.3237,357.8781,-0.0000,9.7132,0,0,-1,0.0000,7310.3237,357.8781,-0.0000,9.7132,28
747,7050.0000,363.7637,773.8956,15.0000,7252.3403,611.6982,-0.0000,15.0000,0,0,-1,0.0000,7252.3403,611.6982,-0.0000,15.0000,28
748,7056.0000,16.5532,0.0000,8.5910,7337.2891,581.7181,1000.0000,8.5910,0,0,-1,0.0000,7337.2891,581.7181,1000.0000,8.5910,29
749,7064.0000,0.0000,372.4115,12.6775,7340.0508,1000.0000,601.9476,12.6775,0,0,-1,0.0000,7340.0508,1000.0000,601.9476,12.6775,29
750,7069.0000,83.4254,207.8882,8.0000,7286.2480,999.9999,739.3092,8.0000,0,0,-1,0.0000,7286.2480,999.9999,739.3092,8.0000,29
751,7083.0000,0.0000,788.4307,10.1487,7374.7681,1000.0000,407.7576,10.1487,0,0,-1,0.0000,7374.7681,1000.0000,407.7576,10.1487,30
752,7097.0000,1000.0000,800.3394,13.8286,7349.8579,74.2862,-0.0000,13.8286,0,0,-1,0.0000,7349.8579,74.2862,-0.0000,13.8286,31
753,7106.0000,56.1205,1000.0000,10.1248,7438.5732,874.1597,-0.0000,10.1248,0,0,-1,0.0000,7438.5732,874.1597,-0.0000,10.1248,29
754,7116.0000,0.0000,457.8546,14.8588,7334.0820,1000.0000,248.0432,14.8588,0,0,-1,0.0000,7334.0820,1000.0000,248.0432,14.8588,29
755,7121.0000,582.8884,0.0000,10.3271,7414.0840,639.1111,999.9999,10.3271,0,0,-1,0.0000,7414.0840,639.1111,999.9999,10.3271,30
756,7132.0000,0.0000,437.2668,11.5991,7468.9355,999.9999,928.0206,11.5991,0,0,-1,0.0000,7468.9355,999.9999,928.0206,11.5991,31
757,7139.0000,569.4200,724.9628,8.0000,7340.6353,20.8691,-0.0000,8.0000,0,0,-1,0.0000,7340.6353,20.8691,-0.0000,8.0000,31
758,7152.0000,1000.0000,197.5437,8.9237,7469.9526,-0.0000,922.4927,8.9237,0,0,-1,0.0000,7469.9526,-0.0000,922.4927,8.9237,30
759,7161.0000,1000.0000,120.4217,14.8969,7431.2441,-0.0000,612.4409,14.8969,0,0,-1,0.0000,7431.2441,-0.0000,612.4409,14.8969,29
760,7172.0000,126.1459,558.0831,15.0000,7443.5903,1000.0000,368.3576,15.0000,0,0,-1,0.0000,7443.5903,1000.0000,368.3576,15.0000,29
761,7185.0000,420.5655,0.0000,9.8755,7517.7324,724.0323,1000.0000,9.8755,0,0,-1,0.0000,7517.7324,724.0323,1000.0000,9.8755,28
762,7192.0000,351.0448,1000.0000,9.9549,7524.9482,725.0624,-0.0000,9.9549,0,0,-1,0.0000,7524.9482,725.0624,-0.0000,9.9549,28
763,7203.0000,895.5480,1000.0000,10.9484,7593.4688,-0.0000,103.2298,10.9484,0,0,-1,0.0000,7593.4688,-0.0000,103.2298,10.9484,27
764,7211.0000,779.5821,1000.0000,12.1970,7527.3008,-0.0000,245.7421,12.1970,0,0,-1,0.0000,7527.3008,-0.0000,245.7421,12.1970,28
765,7222.0000,0.0000,476.5364,13.2414,7548.9790,999.9999,406.9625,13.2414,0,0,-1,0.0000,7548.9790,999.9999,406.9625,13.2414,29
766,7236.0000,340.4052,501.2457,15.0000,7405.2178,1000.0000,429.2779,15.0000,0,0,-1,0.0000,7405.2178,1000.0000,429.2779,15.0000,29
767,7250.0000,1000.0000,126.1267,12.2024,7556.4590,-0.0000,505.0667,12.2024,0,0,-1,0.0000,7556.4590,-0.0000,505.0667,12.2024,28
768,7261.0000,863.7189,519.8945,8.0000,7261.0000,863.7189,519.8945,8.0000,0,0,-1,0.0000,7261.0000,863.7189,519.8945,8.0000,28
769,7266.0000,408.6070,951.2231,8.0000,7492.3135,381.4306,-0.0000,8.0000,0,0,-1,0.0000,7492.3135,381.4306,-0.0000,8.0000,28
770,7271.0000,781.9948,1000.0000,13.6755,7561.4287,63.9629,-0.0000,13.6755,0,0,-1,0.0000,7561.4287,63.9629,-0.0000,13.6755,28
771,7282.0000,835.1259,1000.0000,12.7213,7538.0283,411.2167,-0.0000,12.7213,0,0,-1,0.0000,7538.0283,411.2167,-0.0000,12.7213,25
772,7289.0000,684.8588,422.4422,15.0000,7480.8657,-0.0000,504.8698,15.0000,0,0,-1,0.0000,7480.8657,-0.0000,504.8698,15.0000,24
773,7303.0000,413.9916,738.8358,8.0000,7538.3389,685.0089,-0.0000,8.0000,0,0,-1,0.0000,7538.3389,685.0089,-0.0000,8.0000,25
774,7309.0000,0.0000,234.7636,8.1663,7566.3887,1000.0000,874.1121,8.1663,0,0,-1,0.0000,7566.3887,1000.0000,874.1121,8.1663,26
775,7318.0000,191.4720,0.0000,14.0826,7564.5996,720.7822,1000.0000,14.0826,0,0,-1,0.0000,7564.5996,720.7822,1000.0000,14.0826,26
776,7330.0000,50.7270,974.4211,8.0000,7590.3140,1000.0000,85.6095,8.0000,0,0,-1,0.0000,7590.3140,1000.0000,85.6095,8.0000,27
777,7344.0000,887.2790,0.0000,8.8300,7647.0547,-0.0000,628.9589,8.8300,0,0,-1,0.0000,7647.0547,-0.0000,628.9589,8.8300,24
778,7353.0000,0.0000,12.9068,9.3983,7679.9312,1000.0000,905.5285,9.3983,0,0,-1,0.0000,7679.9312,1000.0000,905.5285,9.3983,23
779,7362.0000,474.7054,231.0105,8.0000,7572.2671,807.0446,1000.0000,8.0000,0,0,-1,0.0000,7572.2671,807.0446,1000.0000,8.0000,24
780,7368.0000,581.3933,1000.0000,12.7744,7609.0933,579.9102,-0.0000,12.7744,0,0,-1,0.0000,7609.0933,579.9102,-0.0000,12.7744,25
781,7377.0000,521.2484,1000.0000,10.2058,7636.4395,248.3520,-0.0000,10.2058,0,0,-1,0.0000,7636.4395,248.3520,-0.0000,10.2058,25
782,7389.0000,481.5303,1000.0000,8.1214,7600.1802,811.7495,-0.0000,8.1214,0,0,-1,0.0000,7600.1802,811.7495,-0.0000,8.1214,26
783,7400.0000,948.2436,0.0000,14.2933,7668.5903,205.9486,1000.0000,14.2933,0,0,-1,0.0000,7668.5903,205.9486,1000.0000,14.2933,27
784,7409.0000,1000.0000,178.8403,13.9813,7769.0688,-0.0000,684.6542,13.9813,0,0,-1,0.0000,7769.0688,-0.0000,684.6542,13.9813,27
785,7423.0000,771.1981,1000.0000,14.6091,7647.6621,-0.0000,312.7687,14.6091,0,0,-1,0.0000,7647.6621,-0.0000,312.7687,14.6091,27
786,7435.0000,951.7547,1000.0000,10.7700,7707.9233,489.7389,-0.0000,10.7700,0,0,-1,0.0000,7707.9233,489.7389,-0.0000,10.7700,27
787,7448.0000,969.8588,960.7842,8.0000,7682.4312,-0.0000,394.1369,8.0000,0,0,-1,0.0000,7682.4312,-0.0000,394.1369,8.0000,26
788,7460.0000,622.8493,891.2817,15.0000,7724.5112,582.7762,-0.0000,15.0000,0,0,-1,0.0000,7724.5112,582.7762,-0.0000,15.0000,27
789,7473.0000,584.1362,465.7439,8.0000,7633.5684,-0.0000,733.4223,8.0000,0,0,-1,0.0000,7633.5684,-0.0000,733.4223,8.0000,26
790,7486.0000,253.7473,373.7497,8.0000,7646.6162,1000.0001,495.8956,8.0000,0,0,-1,0.0000,7646.6162,1000.0001,495.8956,8.0000,26
791,7494.0000,988.4380,448.3644,8.0000,7784.3306,-0.0000,867.2704,8.0000,0,0,-1,0.0000,7784.3306,-0.0000,867.2704,8.0000,26
792,7506.0000,834.0822,515.0316,8.0000,7754.8911,-0.0000,470.9855,8.0000,0,0,-1,0.0000,7754.8911,-0.0000,470.9855,8.0000,27
793,7515.0000,1000.0000,71.1700,14.3693,7772.0439,-0.0000,684.4564,14.3693,0,0,-1,0.0000,7772.0439,-0.0000,684.4564,14.3693,28
794,7527.0000,189.1170,0.0000,8.2847,7897.3438,899.9303,999.9999,8.2847,0,0,-1,0.0000,7897.3438,899.9303,999.9999,8.2847,27
795,7540.0000,1000.0000,633.9257,10.6948,7540.0000,1000.0000,633.9257,10.6948,0,0,-1,0.0000,7540.0000,1000.0000,633.9257,10.6948,25
796,7547.0000,0.0000,295.3950,13.3185,7790.4668,1000.0001,393.4088,13.3185,0,0,-1,0.0000,7790.4668,1000.0001,393.4088,13.3185,25
797,7556.0000,966.8916,0.0000,14.6590,7910.4180,-0.0000,642.4487,14.6590,0,0,-1,0.0000,7910.4180,-0.0000,642.4487,14.6590,25
798,7566.0000,0.0000,648.7114,12.0603,7785.3442,999.9999,274.6405,12.0603,0,0,-1,0.0000,7785.3442,999.9999,274.6405,12.0603,23
799,7578.0000,600.1658,0.0000,9.9177,7818.5508,644.4659,1000.0000,9.9177,0,0,-1,0.0000,7818.5508,644.4659,1000.0000,9.9177,22
800,7590.0000,682.0979,680.0580,8.0000,7781.0986,-0.0000,45.7385,8.0000,0,0,-1,0.0000,7781.0986,-0.0000,45.7385,8.0000,23
801,7604.0000,0.0000,733.8019,14.0289,7885.8599,847.6470,-0.0000,14.0289,0,0,-1,0.0000,7885.8599,847.6470,-0.0000,14.0289,21
802,7618.0000,870.9504,0.0000,12.3365,7898.7402,334.3156,1000.0000,12.3365,0,0,-1,0.0000,7898.7402,334.3156,1000.0000,12.3365,21
803,7632.0000,1000.0000,422.4472,11.8118,7892.7466,-0.0000,563.6696,11.8118,0,0,-1,0.0000,7892.7466,-0.0000,563.6696,11.8118,22
804,7637.0000,251.2184,1000.0000,13.6920,7906.9961,1000.0000,149.6359,13.6920,0,0,-1,0.0000,7906.9961,1000.0000,149.6359,13.6920,21
805,7647.0000,903.2291,739.8796,15.0000,7911.6821,204.4453,-0.0000,15.0000,0,0,-1,0.0000,7911.6821,204.4453,-0.0000,15.0000,21
806,7654.0000,527.3926,1000.0000,9.5689,7866.5732,702.9496,-0.0000,9.5689,0,0,-1,0.0000,7866.5732,702.9496,-0.0000,9.5689,20
807,7666.0000,0.0000,263.3306,8.9182,7896.4727,1000.0001,436.9020,8.9182,0,0,-1,0.0000,7896.4727,1000.0001,436.9020,8.9182,21
808,7671.0000,704.8797,359.0622,15.0000,7913.3604,143.6512,1000.0000,15.0000,0,0,-1,0.0000,7913.3604,143.6512,1000.0000,15.0000,21
809,7679.0000,105.7850,0.0000,11.0760,7970.7783,1000.0000,706.5929,11.0760,0,0,-1,0.0000,7970.7783,1000.0000,706.5929,11.0760,22
810,7685.0000,486.6812,213.7842,8.0000,7857.7554,339.4570,1000.0001,8.0000,0,0,-1,0.0000,7857.7554,339.4570,1000.0001,8.0000,21
811,7691.0000,497.7324,1000.0000,12.4976,7922.2603,653.2539,-0.0000,12.4976,0,0,-1,0.0000,7922.2603,653.2539,-0.0000,12.4976,22
812,7700.0000,41.9933,0.0000,8.1676,7999.6221,1000.0000,573.4575,8.1676,0,0,-1,0.0000,7999.6221,1000.0000,573.4575,8.1676,23
813,7709.0000,529.9039,287.1802,8.0000,7880.7456,367.8592,1000.0000,8.0000,0,0,-1,0.0000,7880.7456,367.8592,1000.0000,8.0000,23
814,7715.0000,127.8496,10.1533,15.0000,7966.1685,836.8389,1000.0000,15.0000,0,0,-1,0.0000,7966.1685,836.8389,1000.0000,15.0000,24
815,7720.0000,1000.0000,433.0348,13.2064,8029.5293,-0.0000,332.8471,13.2064,0,0,-1,0.0000,8029.5293,-0.0000,332.8471,13.2064,25
816,7727.0000,632.1129,536.2538,8.0000,7727.0000,632.1129,536.2538,8.0000,0,0,-1,0.0000,7727.0000,632.1129,536.2538,8.0000,25
817,7737.0000,0.0000,361.2347,14.4223,8040.4717,999.9999,869.5243,14.4223,0,0,-1,0.0000,8040.4717,999.9999,869.5243,14.4223,25
818,7748.0000,781.5292,181.4139,8.0000,8060.7212,193.3473,1000.0000,8.0000,0,0,-1,0.0000,8060.7212,193.3473,1000.0000,8.0000,26
819,7756.0000,191.8233,517.2108,15.0000,7947.0669,1000.0000,455.2670,15.0000,0,0,-1,0.0000,7947.0669,1000.0000,455.2670,15.0000,26
820,7761.0000,201.0381,0.0000,13.9794,8017.9326,1000.0000,711.3250,13.9794,0,0,-1,0.0000,8017.9326,1000.0000,711.3250,13.9794,27
821,7767.0000,622.0310,0.0000,11.9409,8078.9194,243.3364,1000.0000,11.9409,0,0,-1,0.0000,8078.9194,243.3364,1000.0000,11.9409,28
822,7778.0000,1000.0000,970.1857,12.5116,8041.5366,465.8209,-0.0000,12.5116,0,0,-1,0.0000,8041.5366,465.8209,-0.0000,12.5116,27
823,7790.0000,0.0000,867.5278,8.4889,8168.5894,1000.0000,155.7878,8.4889,0,0,-1,0.0000,8168.5894,1000.0000,155.7878,8.4889,25
824,7798.0000,864.4866,105.4490,15.0000,8022.2104,-0.0000,669.4117,15.0000,0,0,-1,0.0000,8022.2104,-0.0000,669.4117,15.0000,25
825,7811.0000,34.2446,1000.0000,9.4605,8094.8066,1000.0000,371.1483,9.4605,0,0,-1,0.0000,8094.8066,1000.0000,371.1483,9.4605,26
826,7821.0000,0.0000,680.2259,14.0005,8138.8599,908.9605,-0.0000,14.0005,0,0,-1,0.0000,8138.8599,908.9605,-0.0000,14.0005,26
827,7833.0000,501.1706,22.8603,8.0000,8070.2725,423.6916,1000.0000,8.0000,0,0,-1,0.0000,8070.2725,423.6916,1000.0000,8.0000,27
828,7841.0000,1000.0000,761.8197,11.6502,8173.4150,-0.0000,305.6270,11.6502,0,0,-1,0.0000,8173.4150,-0.0000,305.6270,11.6502,28
829,7855.0000,164.8661,670.0970,15.0000,8090.3252,1000.0001,12.1338,15.0000,0,0,-1,0.0000,8090.3252,1000.0001,12.1338,15.0000,29
830,7868.0000,17.4811,1000.0000,8.3102,8192.3135,999.9999,134.1544,8.3102,0,0,-1,0.0000,8192.3135,999.9999,134.1544,8.3102,28
831,7882.0000,1000.0000,486.2932,10.9143,8084.6758,-0.0000,419.6263,10.9143,0,0,-1,0.0000,8084.6758,-0.0000,419.6263,10.9143,28
832,7893.0000,1000.0000,635.5206,10.0352,8202.9131,-0.0000,538.2494,10.0352,0,0,-1,0.0000,8202.9131,-0.0000,538.2494,10.0352,27
833,7900.0000,0.0000,351.6135,12.4535,8102.6821,1000.0000,414.0763,12.4535,0,0,-1,0.0000,8102.6821,1000.0000,414.0763,12.4535,25
834,7911.0000,775.6672,0.0000,13.6779,8148.0737,507.4196,1000.0000,13.6779,0,0,-1,0.0000,8148.0737,507.4196,1000.0000,13.6779,24
835,7920.0000,1000.0000,724.7231,13.4900,8140.7012,-0.0000,648.3048,13.4900,0,0,-1,0.0000,8140.7012,-0.0000,648.3048,13.4900,23
836,7928.0000,258.9047,0.0000,9.4715,8230.7109,507.9922,1000.0000,9.4715,0,0,-1,0.0000,8230.7109,507.9922,1000.0000,9.4715,23
837,7933.0000,771.7891,655.4563,8.0000,8125.0186,-0.0000,440.2741,8.0000,0,0,-1,0.0000,8125.0186,-0.0000,440.2741,8.0000,24
838,7944.0000,143.1851,0.0000,9.0868,8206.9336,597.1443,1000.0000,9.0868,0,0,-1,0.0000,8206.9336,597.1443,1000.0000,9.0868,25
839,7953.0000,442.9480,456.7529,8.0000,8154.0630,1000.0001,704.4327,8.0000,0,0,-1,0.0000,8154.0630,1000.0001,704.4327,8.0000,25
840,7967.0000,812.7394,1000.0000,9.9014,8235.4307,29.5917,-0.0000,9.9014,0,0,-1,0.0000,8235.4307,29.5917,-0.0000,9.9014,25
841,7981.0000,0.0000,935.8868,10.1574,8223.7734,999.9999,354.4763,10.1574,0,0,-1,0.0000,8223.7734,999.9999,354.4763,10.1574,25
842,7986.0000,735.6564,443.5972,15.0000,8142.0391,-0.0000,428.8892,15.0000,0,0,-1,0.0000,8142.0391,-0.0000,428.8892,15.0000,26
843,7999.0000,34.6994,414.0703,8.0000,8275.3682,1000.0000,396.6191,8.0000,0,0,-1,0.0000,8275.3682,1000.0000,396.6191,8.0000,27
844,8005.0000,413.4300,762.0991,8.0000,8167.6216,536.1772,-0.0000,8.0000,0,0,-1,0.0000,8167.6216,536.1772,-0.0000,8.0000,27
845,8016.0000,0.0000,379.2307,11.3409,8279.7002,1000.0001,890.8099,11.3409,0,0,-1,0.0000,8279.7002,1000.0001,890.8099,11.3409,28
846,8024.0000,67.9115,1000.0000,14.5373,8304.8877,456.4496,-0.0000,14.5373,0,0,-1,0.0000,8304.8877,456.4496,-0.0000,14.5373,27
847,8037.0000,479.6507,0.0000,13.8095,8290.2578,555.2997,1000.0000,13.8095,0,0,-1,0.0000,8290.2578,555.2997,1000.0000,13.8095,27
848,8048.0000,0.0000,841.6569,13.1803,8387.8164,999.9999,453.6059,13.1803,0,0,-1,0.0000,8387.8164,999.9999,453.6059,13.1803,26
849,8055.0000,1000.0000,716.1907,13.8880,8325.6123,-0.0000,209.2553,13.8880,0,0,-1,0.0000,8325.6123,-0.0000,209.2553,13.8880,27
850,8066.0000,160.5382,1000.0000,9.7460,8413.2012,643.5100,-0.0000,9.7460,0,0,-1,0.0000,8413.2012,643.5100,-0.0000,9.7460,27
851,8079.0000,919.3647,2.2943,8.0000,8354.8096,-0.0000,649.0749,8.0000,0,0,-1,0.0000,8354.8096,-0.0000,649.0749,8.0000,26
852,8090.0000,380.1913,0.0000,11.1640,8304.5039,501.2126,1000.0001,11.1640,0,0,-1,0.0000,8304.5039,501.2126,1000.0001,11.1640,26
853,8096.0000,253.3445,92.7500,8.0000,8365.9414,741.7214,1000.0000,8.0000,0,0,-1,0.0000,8365.9414,741.7214,1000.0000,8.0000,25
854,8101.0000,388.7882,337.1921,15.0000,8309.4531,601.0741,1000.0000,15.0000,0,0,-1,0.0000,8309.4531,601.0741,1000.0000,15.0000,26
855,8110.0000,676.2316,1000.0000,8.3999,8363.6807,527.4559,-0.0000,8.3999,0,0,-1,0.0000,8363.6807,527.4559,-0.0000,8.3999,26
856,8124.0000,471.1466,345.1783,15.0000,8302.5010,671.9464,1000.0000,15.0000,0,0,-1,0.0000,8302.5010,671.9464,1000.0000,15.0000,27
857,8132.0000,184.0360,185.6014,15.0000,8465.6016,959.9113,1000.0000,15.0000,0,0,-1,0.0000,8465.6016,959.9113,1000.0000,15.0000,27
858,8138.0000,320.2356,1000.0000,12.9212,8359.0117,401.3976,-0.0000,12.9212,0,0,-1,0.0000,8359.0117,401.3976,-0.0000,12.9212,28
859,8149.0000,291.2626,0.0000,9.8235,8413.8809,999.9999,976.8134,9.8235,0,0,-1,0.0000,8413.8809,999.9999,976.8134,9.8235,25
860,8162.0000,0.0000,370.1169,14.1189,8435.2734,1000.0000,699.3489,14.1189,0,0,-1,0.0000,8435.2734,1000.0000,699.3489,14.1189,25
861,8171.0000,441.2026,178.3758,15.0000,8398.0400,571.4484,999.9999,15.0000,0,0,-1,0.0000,8398.0400,571.4484,999.9999,15.0000,24
862,8178.0000,677.8377,1000.0000,12.6260,8489.1836,-0.0000,51.8425,12.6260,0,0,-1,0.0000,8489.1836,-0.0000,51.8425,12.6260,24
863,8185.0000,804.2975,396.6140,8.0000,8429.0029,-0.0000,703.6878,8.0000,0,0,-1,0.0000,8429.0029,-0.0000,703.6878,8.0000,25
864,8195.0000,62.2420,1000.0000,10.9824,8439.3506,685.5172,-0.0000,10.9824,0,0,-1,0.0000,8439.3506,685.5172,-0.0000,10.9824,25
865,8205.0000,16.6940,1000.0000,11.7948,8470.9277,653.9086,-0.0000,11.7948,0,0,-1,0.0000,8470.9277,653.9086,-0.0000,11.7948,25
866,8211.0000,0.0000,649.9553,11.0808,8478.0674,999.9999,260.6608,11.0808,0,0,-1,0.0000,8478.0674,999.9999,260.6608,11.0808,25
867,8220.0000,1000.0000,215.8720,14.2064,8485.8154,259.6288,1000.0000,14.2064,0,0,-1,0.0000,8485.8154,259.6288,1000.0000,14.2064,26
868,8227.0000,172.4667,0.0000,9.9990,8556.4297,767.1279,999.9999,9.9990,0,0,-1,0.0000,8556.4297,767.1279,999.9999,9.9990,26
869,8232.0000,542.4347,0.0000,12.1355,8492.2285,236.2094,1000.0000,12.1355,0,0,-1,0.0000,8492.2285,236.2094,1000.0000,12.1355,26
870,8244.0000,623.6541,878.7514,8.0000,8504.4287,273.5761,-0.0000,8.0000,0,0,-1,0.0000,8504.4287,273.5761,-0.0000,8.0000,26
871,8254.0000,566.3471,670.8069,8.0000,8456.2383,384.1387,-0.0000,8.0000,0,0,-1,0.0000,8456.2383,384.1387,-0.0000,8.0000,27
872,8266.0000,1000.0000,403.0669,14.8691,8522.0078,-0.0000,832.3643,14.8691,0,0,-1,0.0000,8522.0078,-0.0000,832.3643,14.8691,28
873,8280.0000,484.3498,0.0000,13.0993,8568.2373,879.0104,1000.0000,13.0993,0,0,-1,0.0000,8568.2373,879.0104,1000.0000,13.0993,27
874,8294.0000,1000.0000,368.9608,13.5170,8495.8252,-0.0000,353.2484,13.5170,0,0,-1,0.0000,8495.8252,-0.0000,353.2484,13.5170,27
875,8306.0000,208.7284,0.0000,14.6818,8575.9639,1000.0000,816.3353,14.6818,0,0,-1,0.0000,8575.9639,1000.0000,816.3353,14.6818,25
876,8311.0000,761.6194,0.0000,12.5668,8555.3213,-0.0000,900.3473,12.5668,0,0,-1,0.0000,8555.3213,-0.0000,900.3473,12.5668,25
877,8323.0000,617.2225,705.2043,8.0000,8536.8965,31.6540,-0.0000,8.0000,0,0,-1,0.0000,8536.8965,31.6540,-0.0000,8.0000,26
878,8336.0000,832.3769,0.0000,12.4628,8607.3994,-0.0000,847.0300,12.4628,0,0,-1,0.0000,8607.3994,-0.0000,847.0300,12.4628,26
879,8349.0000,20.6345,1000.0000,10.4445,8702.3008,1000.0000,226.1289,10.4445,0,0,-1,0.0000,8702.3008,1000.0000,226.1289,10.4445,27
880,8358.0000,582.3475,1000.0000,9.5548,8579.6748,351.0178,-0.0000,9.5548,0,0,-1,0.0000,8579.6748,351.0178,-0.0000,9.5548,27
881,8368.0000,155.6164,1000.0000,12.4109,8666.4551,452.1856,-0.0000,12.4109,0,0,-1,0.0000,8666.4551,452.1856,-0.0000,12.4109,25
882,8379.0000,0.0000,554.4350,10.9262,8585.7900,999.9999,325.8743,10.9262,0,0,-1,0.0000,8585.7900,999.9999,325.8743,10.9262,26
883,8393.0000,578.5422,916.4408,8.0000,8616.0723,206.5654,-0.0000,8.0000,0,0,-1,0.0000,8616.0723,206.5654,-0.0000,8.0000,26
884,8398.0000,121.9997,0.0000,12.1175,8675.8828,999.9999,844.7631,12.1175,0,0,-1,0.0000,8675.8828,999.9999,844.7631,12.1175,27
885,8408.0000,1000.0000,372.9375,10.7033,8619.6055,-0.0000,301.0977,10.7033,0,0,-1,0.0000,8619.6055,-0.0000,301.0977,10.7033,27
886,8420.0000,840.3834,231.1131,8.0000,8776.3809,-0.0000,939.6641,8.0000,0,0,-1,0.0000,8776.3809,-0.0000,939.6641,8.0000,26
887,8432.0000,348.9018,754.1830,8.0000,8673.3057,856.2350,-0.0000,8.0000,0,0,-1,0.0000,8673.3057,856.2350,-0.0000,8.0000,26
888,8440.0000,500.5731,1000.0000,9.0074,8655.5957,839.1055,-0.0000,9.0074,0,0,-1,0.0000,8655.5957,839.1055,-0.0000,9.0074,25
889,8446.0000,1000.0000,333.2410,10.3161,8678.5752,-0.0000,397.4478,10.3161,0,0,-1,0.0000,8678.5752,-0.0000,397.4478,10.3161,26
890,8460.0000,1000.0000,139.7244,9.1691,8734.9912,-0.0000,824.5304,9.1691,0,0,-1,0.0000,8734.9912,-0.0000,824.5304,9.1691,26
891,8465.0000,364.7285,0.0000,13.5713,8698.9248,436.2209,1000.0000,13.5713,0,0,-1,0.0000,8698.9248,436.2209,1000.0000,13.5713,27
892,8478.0000,285.4305,954.5435,15.0000,8679.8945,510.4563,-0.0000,15.0000,0,0,-1,0.0000,8679.8945,510.4563,-0.0000,15.0000,26
893,8492.0000,769.3687,1000.0000,10.1767,8777.8623,-0.0000,250.8448,10.1767,0,0,-1,0.0000,8777.8623,-0.0000,250.8448,10.1767,24
894,8504.0000,314.2787,0.0000,10.7112,8727.3115,355.6531,1000.0000,10.7112,0,0,-1,0.0000,8727.3115,355.6531,1000.0000,10.7112,23
895,8510.0000,151.6180,877.7665,15.0000,8843.8125,1000.0000,92.2813,15.0000,0,0,-1,0.0000,8843.8125,1000.0000,92.2813,15.0000,23
896,8517.0000,354.8588,275.3266,15.0000,8701.2881,884.9119,1000.0000,15.0000,0,0,-1,0.0000,8701.2881,884.9119,1000.0000,15.0000,24
897,8525.0000,1000.0000,788.6285,14.5763,8826.7256,-0.0000,465.2358,14.5763,0,0,-1,0.0000,8826.7256,-0.0000,465.2358,14.5763,24
898,8530.0000,221.4892,300.6437,8.0000,8769.8271,812.4850,1000.0000,8.0000,0,0,-1,0.0000,8769.8271,812.4850,1000.0000,8.0000,25
899,8539.0000,705.6095,297.5795,8.0000,8701.4912,-0.0000,649.4579,8.0000,0,0,-1,0.0000,8701.4912,-0.0000,649.4579,8.0000,25
900,8548.0000,1000.0000,741.7224,10.2267,8789.1377,-0.0000,484.6389,10.2267,0,0,-1,0.0000,8789.1377,-0.0000,484.6389,10.2267,26
901,8562.0000,968.5340,0.0000,12.5456,8803.6982,467.8641,1000.0001,12.5456,0,0,-1,0.0000,8803.6982,467.8641,1000.0001,12.5456,25
902,8573.0000,346.2154,516.4048,8.0000,8731.8291,1000.0000,318.9882,8.0000,0,0,-1,0.0000,8731.8291,1000.0000,318.9882,8.0000,25
903,8581.0000,0.0000,989.5630,12.3741,8842.3867,723.6866,-0.0000,12.3741,0,0,-1,0.0000,8842.3867,723.6866,-0.0000,12.3741,24
904,8595.0000,619.9081,0.0000,14.2470,8857.1211,260.8224,1000.0000,14.2470,0,0,-1,0.0000,8857.1211,260.8224,1000.0000,14.2470,24
905,8608.0000,569.5009,639.4530,8.0000,8833.7568,71.6066,-0.0000,8.0000,0,0,-1,0.0000,8833.7568,71.6066,-0.0000,8.0000,24
906,8613.0000,26.6032,1000.0000,9.0270,8878.5996,800.6054,-0.0000,9.0270,0,0,-1,0.0000,8878.5996,800.6054,-0.0000,9.0270,25
907,8621.0000,368.0168,256.7222,8.0000,8834.8252,999.9999,925.6671,8.0000,0,0,-1,0.0000,8834.8252,999.9999,925.6671,8.0000,24
908,8635.0000,662.5372,157.3035,15.0000,8878.5068,70.8615,1000.0001,15.0000,0,0,-1,0.0000,8878.5068,70.8615,1000.0001,15.0000,25
909,8643.0000,781.7596,924.1482,8.0000,8864.9502,279.8279,-0.0000,8.0000,0,0,-1,0.0000,8864.9502,279.8279,-0.0000,8.0000,26
910,8655.0000,771.9219,641.7150,15.0000,8844.3779,-0.0000,408.8997,15.0000,0,0,-1,0.0000,8844.3779,-0.0000,408.8997,15.0000,27
911,8660.0000,508.4146,959.9950,15.0000,8919.2969,368.4806,-0.0000,15.0000,0,0,-1,0.0000,8919.2969,368.4806,-0.0000,15.0000,27
912,8668.0000,0.0000,908.7032,8.8954,8991.0928,1000.0000,308.8775,8.8954,0,0,-1,0.0000,8991.0928,1000.0000,308.8775,8.8954,27
913,8682.0000,664.0131,221.9263,8.0000,8914.4785,254.0747,999.9999,8.0000,0,0,-1,0.0000,8914.4785,254.0747,999.9999,8.0000,24
914,8689.0000,364.1068,601.1432,15.0000,8865.4199,1000.0001,24.0786,15.0000,0,0,-1,0.0000,8865.4199,1000.0001,24.0786,15.0000,25
915,8701.0000,321.8364,10.9063,15.0000,8980.8730,362.7838,1000.0001,15.0000,0,0,-1,0.0000,8980.8730,362.7838,1000.0001,15.0000,25
916,8714.0000,917.9699,0.0000,10.9504,9096.4131,338.9548,1000.0000,10.9504,0,0,-1,0.0000,9096.4131,338.9548,1000.0000,10.9504,23
917,8724.0000,644.8063,39.9300,8.0000,8973.0078,146.7016,999.9999,8.0000,0,0,-1,0.0000,8973.0078,146.7016,999.9999,8.0000,24
918,8734.0000,637.1307,892.2884,15.0000,8941.0205,216.2349,-0.0000,15.0000,0,0,-1,0.0000,8941.0205,216.2349,-0.0000,15.0000,23
919,8739.0000,1000.0000,934.4446,10.8123,9097.0322,-0.0000,444.6560,10.8123,0,0,-1,0.0000,9097.0322,-0.0000,444.6560,10.8123,23
920,8744.0000,619.0159,1000.0000,8.1229,9074.5195,34.3946,-0.0000,8.1229,0,0,-1,0.0000,9074.5195,34.3946,-0.0000,8.1229,24
921,8752.0000,226.6513,0.0000,8.3266,9078.7246,735.7775,1000.0000,8.3266,0,0,-1,0.0000,9078.7246,735.7775,1000.0000,8.3266,25
922,8762.0000,504.1340,1000.0000,9.6950,9010.4766,430.5591,-0.0000,9.6950,0,0,-1,0.0000,9010.4766,430.5591,-0.0000,9.6950,26
923,8768.0000,667.8394,831.3455,15.0000,9057.3643,377.8015,-0.0000,15.0000,0,0,-1,0.0000,9057.3643,377.8015,-0.0000,15.0000,27
924,8782.0000,566.2029,0.0000,12.8580,9011.2725,492.9111,1000.0000,12.8580,0,0,-1,0.0000,9011.2725,492.9111,1000.0000,12.8580,25
925,8788.0000,0.0000,95.0498,12.0644,9061.5078,931.3164,999.9999,12.0644,0,0,-1,0.0000,9061.5078,931.3164,999.9999,12.0644,26
926,8800.0000,300.5499,211.8651,15.0000,8987.5654,656.2542,999.9999,15.0000,0,0,-1,0.0000,8987.5654,656.2542,999.9999,15.0000,26
927,8809.0000,160.1297,1000.0000,11.2070,9042.5547,654.9117,-0.0000,11.2070,0,0,-1,0.0000,9042.5547,654.9117,-0.0000,11.2070,26
928,8821.0000,600.9261,0.0000,13.6866,9104.3320,183.5093,1000.0001,13.6866,0,0,-1,0.0000,9104.3320,183.5093,1000.0001,13.6866,27
929,8830.0000,926.0753,1000.0000,8.5389,9065.1758,438.7855,-0.0000,8.5389,0,0,-1,0.0000,9065.1758,438.7855,-0.0000,8.5389,27
930,8842.0000,1000.0000,232.4726,12.2846,9172.4189,-0.0000,432.6170,12.2846,0,0,-1,0.0000,9172.4189,-0.0000,432.6170,12.2846,26
931,8854.0000,957.9963,832.7717,8.0000,9168.5381,-0.0000,308.2805,8.0000,0,0,-1,0.0000,9168.5381,-0.0000,308.2805,8.0000,24
932,8860.0000,358.5520,0.0000,12.9951,9140.1650,949.4304,1000.0000,12.9951,0,0,-1,0.0000,9140.1650,949.4304,1000.0000,12.9951,24
933,8868.0000,0.0000,319.1787,13.2129,9143.2773,999.9999,597.1696,13.2129,0,0,-1,0.0000,9143.2773,999.9999,597.1696,13.2129,23
934,8882.0000,1000.0000,475.1760,13.7975,9166.6904,-0.0000,368.9670,13.7975,0,0,-1,0.0000,9166.6904,-0.0000,368.9670,13.7975,22
935,8896.0000,419.7082,0.0000,9.9950,9212.6621,286.1349,1000.0000,9.9950,0,0,-1,0.0000,9212.6621,286.1349,1000.0000,9.9950,23
936,8908.0000,201.6698,1000.0000,8.8707,9246.6084,1000.0000,264.9836,8.8707,0,0,-1,0.0000,9246.6084,1000.0000,264.9836,8.8707,24
937,8922.0000,0.0000,330.4048,8.5510,9264.2891,1000.0000,907.8680,8.5510,0,0,-1,0.0000,9264.2891,1000.0000,907.8680,8.5510,23
938,8933.0000,871.1652,282.5331,8.0000,9148.3564,-0.0000,643.6685,8.0000,0,0,-1,0.0000,9148.3564,-0.0000,643.6685,8.0000,24
939,8946.0000,812.7733,292.8745,15.0000,9164.1816,-0.0000,506.0042,15.0000,0,0,-1,0.0000,9164.1816,-0.0000,506.0042,15.0000,24
940,8959.0000,169.1323,339.8555,15.0000,9224.4297,860.0773,1000.0000,15.0000,0,0,-1,0.0000,9224.4297,860.0773,1000.0000,15.0000,25
941,8970.0000,367.8212,489.6398,15.0000,9125.3369,1000.0001,401.6693,15.0000,0,0,-1,0.0000,9125.3369,1000.0001,401.6693,15.0000,26
942,8977.0000,694.4996,64.2113,8.0000,9296.6621,228.0687,1000.0000,8.0000,0,0,-1,0.0000,9296.6621,228.0687,1000.0000,8.0000,26
943,8988.0000,596.7175,809.6562,15.0000,9185.6973,402.2484,-0.0000,15.0000,0,0,-1,0.0000,9185.6973,402.2484,-0.0000,15.0000,25
944,9000.0000,993.7055,841.0493,8.0000,9277.0293,-0.0000,178.1683,8.0000,0,0,-1,0.0000,9277.0293,-0.0000,178.1683,8.0000,25
945,9012.0000,1000.0000,135.1649,10.1121,9268.5273,-0.0000,787.1023,10.1121,0,0,-1,0.0000,9268.5273,-0.0000,787.1023,10.1121,24
946,9018.0000,503.5518,1000.0000,8.8092,9303.2783,271.0490,-0.0000,8.8092,0,0,-1,0.0000,9303.2783,271.0490,-0.0000,8.8092,25
947,9031.0000,0.0000,858.0961,14.0716,9335.7871,1000.0000,482.4049,14.0716,0,0,-1,0.0000,9335.7871,1000.0000,482.4049,14.0716,26
948,9039.0000,657.9885,1000.0000,10.5086,9336.2969,324.5029,-0.0000,10.5086,0,0,-1,0.0000,9336.2969,324.5029,-0.0000,10.5086,27
949,9050.0000,178.9639,0.0000,14.0240,9352.4365,882.4160,1000.0000,14.0240,0,0,-1,0.0000,9352.4365,882.4160,1000.0000,14.0240,27
950,9062.0000,53.2836,722.6177,15.0000,9326.7773,910.1192,-0.0000,15.0000,0,0,-1,0.0000,9326.7773,910.1192,-0.0000,15.0000,26
951,9070.0000,900.6630,0.0000,13.6433,9321.6309,-0.0000,554.4426,13.6433,0,0,-1,0.0000,9321.6309,-0.0000,554.4426,13.6433,26
952,9081.0000,1000.0000,651.6967,13.4628,9323.2627,-0.0000,327.1267,13.4628,0,0,-1,0.0000,9323.2627,-0.0000,327.1267,13.4628,25
953,9086.0000,713.2595,0.0000,13.5284,9305.0127,470.6872,1000.0000,13.5284,0,0,-1,0.0000,9305.0127,470.6872,1000.0000,13.5284,26
954,9093.0000,942.0902,0.0000,12.8237,9386.9336,255.5291,999.9999,12.8237,0,0,-1,0.0000,9386.9336,255.5291,999.9999,12.8237,27
955,9102.0000,113.0341,0.0000,13.0260,9342.3789,777.1084,999.9999,13.0260,0,0,-1,0.0000,9342.3789,777.1084,999.9999,13.0260,26
956,9111.0000,685.1609,376.7948,15.0000,9328.3145,16.4318,1000.0001,15.0000,0,0,-1,0.0000,9328.3145,16.4318,1000.0001,15.0000,26
957,9116.0000,1000.0000,438.2826,12.7718,9384.9727,-0.0000,461.6166,12.7718,0,0,-1,0.0000,9384.9727,-0.0000,461.6166,12.7718,27
958,9122.0000,131.1952,0.0000,14.8189,9474.5264,783.2310,1000.0000,14.8189,0,0,-1,0.0000,9474.5264,783.2310,1000.0000,14.8189,28
959,9135.0000,675.3166,1000.0000,9.1225,9361.8877,301.6620,-0.0000,9.1225,0,0,-1,0.0000,9361.8877,301.6620,-0.0000,9.1225,28
960,9145.0000,535.6680,0.0000,10.2500,9412.0459,119.0895,999.9999,10.2500,0,0,-1,0.0000,9412.0459,119.0895,999.9999,10.2500,27
961,9155.0000,613.1584,329.9117,8.0000,9337.0977,142.3231,1000.0000,8.0000,0,0,-1,0.0000,9337.0977,142.3231,1000.0000,8.0000,27
962,9164.0000,65.5164,992.4289,15.0000,9500.1074,739.2601,-0.0000,15.0000,0,0,-1,0.0000,9500.1074,739.2601,-0.0000,15.0000,28
963,9170.0000,1000.0000,466.6648,9.3466,9447.9434,-0.0000,739.5437,9.3466,0,0,-1,0.0000,9447.9434,-0.0000,739.5437,9.3466,26
964,9175.0000,814.3539,1000.0000,12.3177,9417.3438,246.0173,-0.0000,12.3177,0,0,-1,0.0000,9417.3438,246.0173,-0.0000,12.3177,26
965,9189.0000,1000.0000,431.0538,11.4608,9492.4580,-0.0000,703.2264,11.4608,0,0,-1,0.0000,9492.4580,-0.0000,703.2264,11.4608,26
966,9202.0000,0.0000,460.5984,10.5100,9444.8271,1000.0000,257.0581,10.5100,0,0,-1,0.0000,9444.8271,1000.0000,257.0581,10.5100,27
967,9211.0000,0.0000,496.3964,10.6316,9429.7822,1000.0000,330.3441,10.6316,0,0,-1,0.0000,9429.7822,1000.0000,330.3441,10.6316,28
968,9218.0000,1000.0000,806.1073,9.9205,9501.5859,331.3602,-0.0000,9.9205,0,0,-1,0.0000,9501.5859,331.3602,-0.0000,9.9205,28
969,9225.0000,101.5469,1000.0000,10.9277,9494.7109,579.1474,-0.0000,10.9277,0,0,-1,0.0000,9494.7109,579.1474,-0.0000,10.9277,28
970,9235.0000,464.6533,681.4157,8.0000,9467.8047,650.3425,-0.0000,8.0000,0,0,-1,0.0000,9467.8047,650.3425,-0.0000,8.0000,29
971,9249.0000,1000.0000,102.5540,8.2632,9534.3477,-0.0000,686.8027,8.2632,0,0,-1,0.0000,9534.3477,-0.0000,686.8027,8.2632,29
972,9262.0000,990.5222,0.0000,9.3590,9506.3184,302.5419,1000.0000,9.3590,0,0,-1,0.0000,9506.3184,302.5419,1000.0000,9.3590,30
973,9268.0000,106.6624,1000.0000,14.4077,9673.9004,1000.0000,77.9626,14.4077,0,0,-1,0.0000,9673.9004,1000.0000,77.9626,14.4077,30
974,9275.0000,0.0000,812.3064,14.7774,9652.7695,999.9999,120.5186,14.7774,0,0,-1,0.0000,9652.7695,999.9999,120.5186,14.7774,30
975,9281.0000,1000.0000,941.0546,10.2002,9604.6836,31.0973,-0.0000,10.2002,0,0,-1,0.0000,9604.6836,31.0973,-0.0000,10.2002,30
976,9289.0000,228.8555,0.0000,8.1738,9500.2012,1000.0000,697.2209,8.1738,0,0,-1,0.0000,9500.2012,1000.0000,697.2209,8.1738,31
977,9298.0000,1000.0000,101.5556,11.7315,9518.0195,365.4597,1000.0001,11.7315,0,0,-1,0.0000,9518.0195,365.4597,1000.0001,11.7315,31
978,9312.0000,209.0805,1000.0000,9.6248,9568.8057,443.8067,-0.0000,9.6248,0,0,-1,0.0000,9568.8057,443.8067,-0.0000,9.6248,30
979,9321.0000,228.5034,0.0000,8.8214,9615.2041,800.8540,1000.0001,8.8214,0,0,-1,0.0000,9615.2041,800.8540,1000.0001,8.8214,31
980,9335.0000,1000.0000,514.6674,13.6624,9546.2070,-0.0000,422.2275,13.6624,0,0,-1,0.0000,9546.2070,-0.0000,422.2275,13.6624,28
981,9348.0000,906.0678,333.6055,15.0000,9601.6318,-0.0000,889.4878,15.0000,0,0,-1,0.0000,9601.6318,-0.0000,889.4878,15.0000,25
982,9354.0000,46.1230,1000.0000,11.8576,9660.8691,1000.0001,30.3258,11.8576,0,0,-1,0.0000,9660.8691,1000.0001,30.3258,11.8576,25
983,9367.0000,1000.0000,197.7332,11.6616,9666.3721,-0.0000,517.8743,11.6616,0,0,-1,0.0000,9666.3721,-0.0000,517.8743,11.6616,25
984,9373.0000,631.8169,414.8641,15.0000,9534.8740,-0.0000,866.3834,15.0000,0,0,-1,0.0000,9534.8740,-0.0000,866.3834,15.0000,26
985,9379.0000,955.7711,820.6367,8.0000,9665.8086,-0.0000,465.4508,8.0000,0,0,-1,0.0000,9665.8086,-0.0000,465.4508,8.0000,27
986,9385.0000,0.0000,638.9349,11.7573,9689.2363,1000.0001,549.0723,11.7573,0,0,-1,0.0000,9689.2363,1000.0001,549.0723,11.7573,27
987,9396.0000,300.1601,0.0000,8.0659,9672.4561,561.0007,1000.0000,8.0659,0,0,-1,0.0000,9672.4561,561.0007,1000.0000,8.0659,27
988,9402.0000,959.4895,1000.0000,9.0568,9641.6465,519.2161,-0.0000,9.0568,0,0,-1,0.0000,9641.6465,519.2161,-0.0000,9.0568,28
989,9414.0000,1000.0000,57.7184,11.9497,9736.1357,249.9919,1000.0000,11.9497,0,0,-1,0.0000,9736.1357,249.9919,1000.0000,11.9497,28
990,9426.0000,921.7803,1000.0000,14.9544,9763.6953,489.6793,-0.0000,14.9544,0,0,-1,0.0000,9763.6953,489.6793,-0.0000,14.9544,28
991,9437.0000,778.5868,1000.0000,8.0297,9661.9531,-0.0000,262.7614,8.0297,0,0,-1,0.0000,9661.9531,-0.0000,262.7614,8.0297,28
992,9448.0000,1000.0000,526.6436,10.6801,9771.4512,-0.0000,427.4839,10.6801,0,0,-1,0.0000,9771.4512,-0.0000,427.4839,10.6801,27
993,9462.0000,478.8365,1000.0000,10.5473,9755.8887,368.8389,-0.0000,10.5473,0,0,-1,0.0000,9755.8887,368.8389,-0.0000,10.5473,28
994,9472.0000,0.0000,583.9202,8.7062,9784.9092,1000.0001,218.1211,8.7062,0,0,-1,0.0000,9784.9092,1000.0001,218.1211,8.7062,28
995,9478.0000,1000.0000,65.9008,10.1743,9742.5381,-0.0000,885.6354,10.1743,0,0,-1,0.0000,9742.5381,-0.0000,885.6354,10.1743,28
996,9492.0000,604.8223,165.4532,15.0000,9664.4033,399.1500,1000.0000,15.0000,0,0,-1,0.0000,9664.4033,399.1500,1000.0000,15.0000,29
997,9505.0000,1000.0000,777.9969,8.4391,9808.6426,188.8628,-0.0000,8.4391,0,0,-1,0.0000,9808.6426,188.8628,-0.0000,8.4391,25
998,9514.0000,647.7539,1000.0000,10.7512,9844.9727,187.6191,-0.0000,10.7512,0,0,-1,0.0000,9844.9727,187.6191,-0.0000,10.7512,25
999,9526.0000,994.7446,1000.0000,9.1449,9947.9053,214.3845,-0.0000,9.1449,0,0,-1,0.0000,9947.9053,214.3845,-0.0000,9.1449,25
1000,9540.0000,132.7003,0.0000,11.2867,9826.4609,475.3228,999.9999,11.2867,0,0,-1,0.0000,9826.4609,475.3228,999.9999,11.2867,24
1001,9550.0000,113.6255,336.5765,8.0000,9756.4199,1000.0000,822.8641,8.0000,0,0,-1,0.0000,9756.4199,1000.0000,822.8641,8.0000,24
1002,9561.0000,743.8312,475.0367,15.0000,9798.3574,-0.0000,344.6111,15.0000,0,0,-1,0.0000,9798.3574,-0.0000,344.6111,15.0000,25
1003,9570.0000,396.1769,496.8256,15.0000,9770.4521,1000.0000,644.3693,15.0000,0,0,-1,0.0000,9770.4521,1000.0000,644.3693,15.0000,25
1004,9583.0000,1000.0000,245.3266,11.2974,9824.1865,-0.0000,880.4402,11.2974,0,0,-1,0.0000,9824.1865,-0.0000,880.4402,11.2974,26
1005,9595.0000,405.8004,0.0000,14.6595,9812.4404,343.2087,1000.0000,14.6595,0,0,-1,0.0000,9812.4404,343.2087,1000.0000,14.6595,27
1006,9607.0000,274.9067,653.7927,15.0000,9768.9502,999.9999,437.4980,15.0000,0,0,-1,0.0000,9768.9502,999.9999,437.4980,15.0000,26
1007,9615.0000,133.9982,0.0000,10.2972,9858.3779,509.9611,1000.0000,10.2972,0,0,-1,0.0000,9858.3779,509.9611,1000.0000,10.2972,27
1008,9627.0000,322.7101,0.0000,11.9810,9861.0879,745.7626,1000.0000,11.9810,0,0,-1,0.0000,9861.0879,745.7626,1000.0000,11.9810,27
1009,9638.0000,1000.0000,613.2303,11.9366,9947.1074,-0.0000,137.1101,11.9366,0,0,-1,0.0000,9947.1074,-0.0000,137.1101,11.9366,28
1010,9649.0000,1000.0000,861.6357,13.6003,9872.2598,401.3140,-0.0000,13.6003,0,0,-1,0.0000,9872.2598,401.3140,-0.0000,13.6003,28
1011,9658.0000,1000.0000,396.9700,8.7335,9870.7305,-0.0000,299.0674,8.7335,0,0,-1,0.0000,9870.7305,-0.0000,299.0674,8.7335,28
1012,9672.0000,319.9511,80.9670,8.0000,9870.0010,542.3364,1000.0000,8.0000,0,0,-1,0.0000,9870.0010,542.3364,1000.0000,8.0000,24
1013,9683.0000,899.8835,0.0000,8.4255,10073.9990,-0.0000,858.9408,8.4255,0,0,-1,0.0000,10073.9990,-0.0000,858.9408,8.4255,23
1014,9695.0000,223.7333,571.9196,15.0000,9865.8584,1000.0001,246.7704,15.0000,0,0,-1,0.0000,9865.8584,1000.0001,246.7704,15.0000,23
1015,9707.0000,1000.0000,758.4802,8.4194,10063.1348,227.0979,-0.0000,8.4194,0,0,-1,0.0000,10063.1348,227.0979,-0.0000,8.4194,24
1016,9713.0000,86.0748,1000.0000,8.7043,9977.6328,1000.0000,386.6656,8.7043,0,0,-1,0.0000,9977.6328,1000.0000,386.6656,8.7043,25
1017,9726.0000,51.2511,544.3653,8.0000,9966.1924,1000.0000,491.5477,8.0000,0,0,-1,0.0000,9966.1924,1000.0000,491.5477,8.0000,26
1018,9736.0000,801.5256,912.8976,8.0000,9965.9990,261.8339,-0.0000,8.0000,0,0,-1,0.0000,9965.9990,261.8339,-0.0000,8.0000,27
1019,9747.0000,616.1382,16.1916,8.0000,10087.9639,239.3457,1000.0001,8.0000,0,0,-1,0.0000,10087.9639,239.3457,1000.0001,8.0000,26
1020,9757.0000,0.0000,827.5659,10.3428,9986.2266,719.8986,-0.0000,10.3428,0,0,-1,0.0000,9986.2266,719.8986,-0.0000,10.3428,25
1021,9762.0000,292.2383,110.5588,15.0000,9970.3506,690.5266,1000.0001,15.0000,0,0,-1,0.0000,9970.3506,690.5266,1000.0001,15.0000,26
1022,9774.0000,605.5639,1000.0000,13.7233,9990.1934,611.7164,-0.0000,13.7233,0,0,-1,0.0000,9990.1934,611.7164,-0.0000,13.7233,23
1023,9788.0000,0.0000,183.5299,11.7164,10002.8955,650.2151,1000.0000,11.7164,0,0,-1,0.0000,10002.8955,650.2151,1000.0000,11.7164,23
1024,9797.0000,693.0764,67.2280,8.0000,10130.4619,180.2087,999.9999,8.0000,0,0,-1,0.0000,10130.4619,180.2087,999.9999,8.0000,24
1025,9806.0000,0.0000,880.9514,14.5722,10117.1006,999.9999,507.0371,14.5722,0,0,-1,0.0000,10117.1006,999.9999,507.0371,14.5722,24
1026,9812.0000,156.6774,13.8044,15.0000,10078.3467,930.1581,1000.0000,15.0000,0,0,-1,0.0000,10078.3467,930.1581,1000.0000,15.0000,24
1027,9826.0000,1000.0000,941.3853,10.8483,10046.9404,-0.0000,526.2397,10.8483,0,0,-1,0.0000,10046.9404,-0.0000,526.2397,10.8483,23
1028,9840.0000,983.7731,1000.0000,11.6343,10279.1670,-0.0000,16.7108,11.6343,0,0,-1,0.0000,10279.1670,-0.0000,16.7108,11.6343,23
1029,9847.0000,0.0000,736.1467,10.1268,10075.5938,1000.0000,501.6054,10.1268,0,0,-1,0.0000,10075.5938,1000.0000,501.6054,10.1268,23
1030,9861.0000,255.7184,1000.0000,9.0389,10112.7256,557.0418,-0.0000,9.0389,0,0,-1,0.0000,10112.7256,557.0418,-0.0000,9.0389,23
1031,9868.0000,495.4820,444.2310,8.0000,9984.6836,524.1957,999.9999,8.0000,0,0,-1,0.0000,9984.6836,524.1957,999.9999,8.0000,22
1032,9882.0000,0.0000,890.1461,14.4922,10134.2100,999.9999,472.5354,14.4922,0,0,-1,0.0000,10134.2100,999.9999,472.5354,14.4922,20
1033,9889.0000,1000.0000,480.9682,8.5314,10100.3799,-0.0000,533.1263,8.5314,0,0,-1,0.0000,10100.3799,-0.0000,533.1263,8.5314,21
1034,9902.0000,0.0000,600.3644,12.0921,10165.3105,1000.0001,700.2610,12.0921,0,0,-1,0.0000,10165.3105,1000.0001,700.2610,12.0921,22
1035,9913.0000,934.6895,965.2632,8.0000,10328.1689,139.7193,-0.0000,8.0000,0,0,-1,0.0000,10328.1689,139.7193,-0.0000,8.0000,23
1036,9922.0000,870.3590,0.0000,14.1713,10293.1875,309.7774,1000.0001,14.1713,0,0,-1,0.0000,10293.1875,309.7774,1000.0001,14.1713,24
1037,9936.0000,354.6679,1000.0000,12.3256,10201.8818,650.5458,-0.0000,12.3256,0,0,-1,0.0000,10201.8818,650.5458,-0.0000,12.3256,25
1038,9946.0000,0.0000,40.1388,10.3939,10235.6943,958.7514,999.9999,10.3939,0,0,-1,0.0000,10235.6943,958.7514,999.9999,10.3939,26
1039,9960.0000,1000.0000,663.8761,11.7942,10277.7793,-0.0000,180.9700,11.7942,0,0,-1,0.0000,10277.7793,-0.0000,180.9700,11.7942,25
1040,9969.0000,439.7946,0.0000,14.0267,10174.3789,256.1657,1000.0000,14.0267,0,0,-1,0.0000,10174.3789,256.1657,1000.0000,14.0267,24
1041,9977.0000,983.4912,0.0000,9.5751,10233.9170,-0.0000,583.1133,9.5751,0,0,-1,0.0000,10233.9170,-0.0000,583.1133,9.5751,24
1042,9987.0000,1000.0000,28.2129,14.2923,10222.3730,-0.0000,475.8727,14.2923,0,0,-1,0.0000,10222.3730,-0.0000,475.8727,14.2923,22
1043,9997.0000,1000.0000,958.3253,11.4207,10312.4648,94.8175,-0.0000,11.4207,0,0,-1,0.0000,10312.4648,94.8175,-0.0000,11.4207,22
1044,10008.0000,1000.0000,446.9814,10.9584,10272.3555,-0.0000,719.2049,10.9584,0,0,-1,0.0000,10272.3555,-0.0000,719.2049,10.9584,22
1045,10014.0000,317.8611,1000.0000,13.9992,10321.5107,682.6099,-0.0000,13.9992,0,0,-1,0.0000,10321.5107,682.6099,-0.0000,13.9992,23
1046,10023.0000,953.1182,1000.0000,10.5365,10322.2197,-0.0000,420.0747,10.5365,0,0,-1,0.0000,10322.2197,-0.0000,420.0747,10.5365,24
1047,10036.0000,407.4050,830.6052,8.0000,10303.8506,656.1758,-0.0000,8.0000,0,0,-1,0.0000,10303.8506,656.1758,-0.0000,8.0000,25
1048,10046.0000,606.2131,263.1258,15.0000,10309.9053,126.5568,1000.0000,15.0000,0,0,-1,0.0000,10309.9053,126.5568,1000.0000,15.0000,26
1049,10057.0000,581.0267,1000.0000,13.3967,10298.9541,138.1147,-0.0000,13.3967,0,0,-1,0.0000,10298.9541,138.1147,-0.0000,13.3967,26
1050,10071.0000,1000.0000,631.2574,8.1645,10292.0830,-0.0000,566.2462,8.1645,0,0,-1,0.0000,10292.0830,-0.0000,566.2462,8.1645,26
1051,10082.0000,0.0000,71.0931,12.0056,10468.5361,700.4275,1000.0001,12.0056,0,0,-1,0.0000,10468.5361,700.4275,1000.0001,12.0056,24
1052,10095.0000,493.7716,196.4109,15.0000,10305.9072,444.6180,1000.0000,15.0000,0,0,-1,0.0000,10305.9072,444.6180,1000.0000,15.0000,24
1053,10103.0000,574.6133,982.9327,8.0000,10445.6582,218.5145,-0.0000,8.0000,0,0,-1,0.0000,10445.6582,218.5145,-0.0000,8.0000,24
1054,10114.0000,581.2253,0.0000,14.5125,10345.8281,123.7096,1000.0000,14.5125,0,0,-1,0.0000,10345.8281,123.7096,1000.0000,14.5125,24
1055,10126.0000,26.3435,1000.0000,9.8384,10441.2188,1000.0001,392.9847,9.8384,0,0,-1,0.0000,10441.2188,1000.0001,392.9847,9.8384,24
1056,10136.0000,287.6633,980.0361,15.0000,10344.1885,433.6880,-0.0000,15.0000,0,0,-1,0.0000,10344.1885,433.6880,-0.0000,15.0000,23
1057,10145.0000,1000.0000,136.8521,14.5523,10494.8359,262.8935,999.9999,14.5523,0,0,-1,0.0000,10494.8359,262.8935,999.9999,14.5523,24
1058,10157.0000,338.5961,0.0000,10.6369,10547.1250,999.9999,992.9584,10.6369,0,0,-1,0.0000,10547.1250,999.9999,992.9584,10.6369,25
1059,10164.0000,0.0000,173.4204,13.8724,10391.8691,999.9999,704.3191,13.8724,0,0,-1,0.0000,10391.8691,999.9999,704.3191,13.8724,26
1060,10169.0000,154.5454,410.1139,15.0000,10350.6846,1000.0000,347.8550,15.0000,0,0,-1,0.0000,10350.6846,1000.0000,347.8550,15.0000,26
1061,10181.0000,240.8765,917.0668,15.0000,10482.7793,999.9999,25.1230,15.0000,0,0,-1,0.0000,10482.7793,999.9999,25.1230,15.0000,26
1062,10194.0000,1000.0000,82.6703,14.5528,10504.9180,-0.0000,647.7286,14.5528,0,0,-1,0.0000,10504.9180,-0.0000,647.7286,14.5528,27
1063,10199.0000,196.1052,0.0000,11.9144,10596.6543,1000.0000,900.0815,11.9144,0,0,-1,0.0000,10596.6543,1000.0000,900.0815,11.9144,28
1064,10211.0000,956.4498,310.2545,8.0000,10457.7959,89.8017,1000.0000,8.0000,0,0,-1,0.0000,10457.7959,89.8017,1000.0000,8.0000,28
1065,10216.0000,976.2205,0.0000,12.5344,10577.4678,-0.0000,629.2490,12.5344,0,0,-1,0.0000,10577.4678,-0.0000,629.2490,12.5344,29
1066,10228.0000,268.9344,565.9894,15.0000,10471.3125,1000.0001,244.7084,15.0000,0,0,-1,0.0000,10471.3125,1000.0001,244.7084,15.0000,29
1067,10242.0000,890.0316,1000.0000,14.5031,10507.0205,-0.0000,154.2493,14.5031,0,0,-1,0.0000,10507.0205,-0.0000,154.2493,14.5031,28
1068,10255.0000,546.1523,0.0000,12.7364,10489.2861,575.1318,1000.0000,12.7364,0,0,-1,0.0000,10489.2861,575.1318,1000.0000,12.7364,29
1069,10261.0000,1000.0000,250.5275,13.8070,10557.2158,-0.0000,736.8416,13.8070,0,0,-1,0.0000,10557.2158,-0.0000,736.8416,13.8070,30
1070,10268.0000,1000.0000,446.3469,14.8458,10566.6885,-0.0000,243.4098,14.8458,0,0,-1,0.0000,10566.6885,-0.0000,243.4098,14.8458,31
1071,10273.0000,638.0309,0.0000,14.9930,10544.3369,359.2005,1000.0001,14.9930,0,0,-1,0.0000,10544.3369,359.2005,1000.0001,14.9930,31
1072,10287.0000,88.5404,1000.0000,13.3023,10679.0469,992.0156,-0.0000,13.3023,0,0,-1,0.0000,10679.0469,992.0156,-0.0000,13.3023,30
1073,10293.0000,0.0000,504.7336,10.5659,10585.8672,1000.0001,566.6930,10.5659,0,0,-1,0.0000,10585.8672,1000.0001,566.6930,10.5659,30
1074,10299.0000,544.3326,1000.0000,10.6934,10546.7764,382.7604,-0.0000,10.6934,0,0,-1,0.0000,10546.7764,382.7604,-0.0000,10.6934,29
1075,10307.0000,18.5823,0.0000,12.5101,10634.1797,815.0471,1000.0001,12.5101,0,0,-1,0.0000,10634.1797,815.0471,1000.0001,12.5101,28
1076,10313.0000,280.2030,1000.0000,14.2135,10687.4590,863.6942,-0.0000,14.2135,0,0,-1,0.0000,10687.4590,863.6942,-0.0000,14.2135,27
1077,10327.0000,981.2360,0.0000,8.4500,10776.0322,42.2049,1000.0001,8.4500,0,0,-1,0.0000,10776.0322,42.2049,1000.0001,8.4500,26
1078,10337.0000,0.0000,141.4286,13.3115,10608.3760,1000.0000,567.5374,13.3115,0,0,-1,0.0000,10608.3760,1000.0000,567.5374,13.3115,26
1079,10349.0000,1000.0000,468.5778,8.0428,10630.9219,-0.0000,793.5052,8.0428,0,0,-1,0.0000,10630.9219,-0.0000,793.5052,8.0428,25
1080,10361.0000,1000.0000,109.5932,10.0446,10600.7715,355.5485,999.9999,10.0446,0,0,-1,0.0000,10600.7715,355.5485,999.9999,10.0446,25
1081,10371.0000,986.7384,245.8797,8.0000,10702.9043,-0.0000,678.0964,8.0000,0,0,-1,0.0000,10702.9043,-0.0000,678.0964,8.0000,26
1082,10382.0000,0.0000,135.9572,13.9334,10738.2285,960.5308,1000.0000,13.9334,0,0,-1,0.0000,10738.2285,960.5308,1000.0000,13.9334,27
1083,10392.0000,0.0000,820.2280,9.5732,10617.0635,999.9999,513.3253,9.5732,0,0,-1,0.0000,10617.0635,999.9999,513.3253,9.5732,27
1084,10403.0000,513.9410,1000.0000,14.4780,10638.0625,273.9526,-0.0000,14.4780,0,0,-1,0.0000,10638.0625,273.9526,-0.0000,14.4780,28
1085,10409.0000,523.7523,1000.0000,12.8935,10676.5664,115.6796,-0.0000,12.8935,0,0,-1,0.0000,10676.5664,115.6796,-0.0000,12.8935,29
1086,10423.0000,188.6072,523.7352,15.0000,10612.1875,1000.0000,672.0539,15.0000,0,0,-1,0.0000,10612.1875,1000.0000,672.0539,15.0000,30
1087,10429.0000,462.1817,436.7522,15.0000,10555.6719,723.3309,1000.0000,15.0000,0,0,-1,0.0000,10555.6719,723.3309,1000.0000,15.0000,31
1088,10442.0000,51.9942,0.0000,13.8093,10671.3760,528.8868,1000.0001,13.8093,0,0,-1,0.0000,10671.3760,528.8868,1000.0001,13.8093,31
1089,10456.0000,0.0000,34.5690,11.0674,10703.2871,613.9645,1000.0000,11.0674,0,0,-1,0.0000,10703.2871,613.9645,1000.0000,11.0674,31
1090,10463.0000,1000.0000,81.5881,10.6170,10788.1289,337.5400,1000.0000,10.6170,0,0,-1,0.0000,10788.1289,337.5400,1000.0000,10.6170,31
1091,10474.0000,1000.0000,96.7298,9.8338,10743.0742,-0.0000,626.3264,9.8338,0,0,-1,0.0000,10743.0742,-0.0000,626.3264,9.8338,30
1092,10484.0000,35.8940,626.7413,8.0000,10692.4707,1000.0000,647.5359,8.0000,0,0,-1,0.0000,10692.4707,1000.0000,647.5359,8.0000,30
1093,10496.0000,1000.0000,828.5900,14.0378,10849.1504,-0.0000,413.3128,14.0378,0,0,-1,0.0000,10849.1504,-0.0000,413.3128,14.0378,29
1094,10503.0000,741.1766,0.0000,12.8954,10727.6924,410.9970,1000.0000,12.8954,0,0,-1,0.0000,10727.6924,410.9970,1000.0000,12.8954,30
1095,10509.0000,743.3781,0.0000,10.0856,10803.7734,561.5188,1000.0000,10.0856,0,0,-1,0.0000,10803.7734,561.5188,1000.0000,10.0856,29
1096,10515.0000,116.7590,802.5564,15.0000,10731.7070,721.0462,-0.0000,15.0000,0,0,-1,0.0000,10731.7070,721.0462,-0.0000,15.0000,30
1097,10529.0000,569.4916,0.0000,9.1537,10764.7148,482.6672,1000.0001,9.1537,0,0,-1,0.0000,10764.7148,482.6672,1000.0001,9.1537,31
1098,10543.0000,1000.0000,418.2643,10.8061,10795.7227,-0.0000,522.4790,10.8061,0,0,-1,0.0000,10795.7227,-0.0000,522.4790,10.8061,32
1099,10552.0000,540.6931,1000.0000,14.7301,10769.1943,619.3102,-0.0000,14.7301,0,0,-1,0.0000,10769.1943,619.3102,-0.0000,14.7301,30
1100,10557.0000,654.0714,301.9870,8.0000,10788.1211,381.2745,1000.0000,8.0000,0,0,-1,0.0000,10788.1211,381.2745,1000.0000,8.0000,30
1101,10566.0000,247.7979,0.0000,8.7577,10808.3848,441.6385,1000.0001,8.7577,0,0,-1,0.0000,10808.3848,441.6385,1000.0001,8.7577,30
1102,10578.0000,172.0898,95.9551,15.0000,10809.8008,650.1144,1000.0000,15.0000,0,0,-1,0.0000,10809.8008,650.1144,1000.0000,15.0000,29
1103,10583.0000,0.0000,517.6116,14.4867,10812.1260,999.9999,187.5888,14.4867,0,0,-1,0.0000,10812.1260,999.9999,187.5888,14.4867,30
1104,10592.0000,228.6626,0.0000,14.7233,10823.3574,431.0891,1000.0000,14.7233,0,0,-1,0.0000,10823.3574,431.0891,1000.0000,14.7233,30
1105,10597.0000,0.0000,848.0466,9.5858,10929.7021,1000.0000,377.3565,9.5858,0,0,-1,0.0000,10929.7021,1000.0000,377.3565,9.5858,30
1106,10610.0000,174.3134,1000.0000,14.1809,10891.7383,920.4982,-0.0000,14.1809,0,0,-1,0.0000,10891.7383,920.4982,-0.0000,14.1809,29
1107,10620.0000,554.0170,1000.0000,13.4141,10823.9902,721.5799,-0.0000,13.4141,0,0,-1,0.0000,10823.9902,721.5799,-0.0000,13.4141,28
1108,10634.0000,0.0000,161.0864,10.0943,10860.0713,1000.0001,431.8769,10.0943,0,0,-1,0.0000,10860.0713,1000.0001,431.8769,10.0943,28
1109,10640.0000,317.2592,1000.0000,14.3504,10882.7949,822.2165,-0.0000,14.3504,0,0,-1,0.0000,10882.7949,822.2165,-0.0000,14.3504,27
1110,10647.0000,1000.0000,526.3621,14.7857,10850.0293,-0.0000,522.5595,14.7857,0,0,-1,0.0000,10850.0293,-0.0000,522.5595,14.7857,28
1111,10660.0000,545.8394,8.3957,15.0000,10948.4443,77.2689,999.9999,15.0000,0,0,-1,0.0000,10948.4443,77.2689,999.9999,15.0000,29
1112,10667.0000,948.7988,363.2843,8.0000,10859.6221,-0.0000,421.4192,8.0000,0,0,-1,0.0000,10859.6221,-0.0000,421.4192,8.0000,30
1113,10675.0000,86.0597,0.0000,8.9615,10922.9014,1000.0000,621.4954,8.9615,0,0,-1,0.0000,10922.9014,1000.0000,621.4954,8.9615,30
1114,10688.0000,806.3984,746.6960,8.0000,10904.9434,-0.0000,204.4055,8.0000,0,0,-1,0.0000,10904.9434,-0.0000,204.4055,8.0000,28
1115,10693.0000,0.0000,565.4134,11.2569,10938.5078,999.9999,628.5209,11.2569,0,0,-1,0.0000,10938.5078,999.9999,628.5209,11.2569,28
1116,10702.0000,211.9924,1000.0000,12.6947,11000.3779,467.2034,-0.0000,12.6947,0,0,-1,0.0000,11000.3779,467.2034,-0.0000,12.6947,29
1117,10710.0000,989.3040,1000.0000,11.8288,10996.8311,283.3869,-0.0000,11.8288,0,0,-1,0.0000,10996.8311,283.3869,-0.0000,11.8288,28
1118,10716.0000,883.5407,0.0000,10.3398,11062.5898,528.1089,1000.0000,10.3398,0,0,-1,0.0000,11062.5898,528.1089,1000.0000,10.3398,29
1119,10729.0000,876.6560,600.3382,15.0000,10926.0576,-0.0000,491.1275,15.0000,0,0,-1,0.0000,10926.0576,-0.0000,491.1275,15.0000,29
1120,10743.0000,743.3324,140.7077,15.0000,11035.2705,142.6854,1000.0000,15.0000,0,0,-1,0.0000,11035.2705,142.6854,1000.0000,15.0000,28
1121,10755.0000,413.2397,1000.0000,8.6741,10994.6963,558.6493,-0.0000,8.6741,0,0,-1,0.0000,10994.6963,558.6493,-0.0000,8.6741,28
1122,10762.0000,301.9273,0.0000,9.8772,11109.4551,687.7021,1000.0000,9.8772,0,0,-1,0.0000,11109.4551,687.7021,1000.0000,9.8772,29
1123,10774.0000,0.0000,535.4741,8.4197,10976.1533,1000.0000,506.9041,8.4197,0,0,-1,0.0000,10976.1533,1000.0000,506.9041,8.4197,28
1124,10786.0000,416.2658,294.1374,8.0000,10983.7617,931.0800,1000.0000,8.0000,0,0,-1,0.0000,10983.7617,931.0800,1000.0000,8.0000,28
1125,10797.0000,913.9875,325.6474,15.0000,11023.2158,51.3487,1000.0000,15.0000,0,0,-1,0.0000,11023.2158,51.3487,1000.0000,15.0000,26
1126,10803.0000,1000.0000,147.6813,8.6276,11036.2939,-0.0000,505.0764,8.6276,0,0,-1,0.0000,11036.2939,-0.0000,505.0764,8.6276,27
1127,10811.0000,222.5096,1000.0000,13.9825,11066.6270,529.1730,-0.0000,13.9825,0,0,-1,0.0000,11066.6270,529.1730,-0.0000,13.9825,25
1128,10822.0000,266.1353,1000.0000,12.4646,11105.8037,641.2983,-0.0000,12.4646,0,0,-1,0.0000,11105.8037,641.2983,-0.0000,12.4646,25
1129,10836.0000,1000.0000,384.0089,10.8079,11163.6992,-0.0000,442.6421,10.8079,0,0,-1,0.0000,11163.6992,-0.0000,442.6421,10.8079,24
1130,10844.0000,1000.0000,587.1894,11.8366,11140.7246,-0.0000,405.7530,11.8366,0,0,-1,0.0000,11140.7246,-0.0000,405.7530,11.8366,25
1131,10849.0000,284.9790,823.3729,8.0000,11107.3691,534.9866,-0.0000,8.0000,0,0,-1,0.0000,11107.3691,534.9866,-0.0000,8.0000,26
1132,10855.0000,0.0000,583.9136,9.7746,11172.4629,1000.0000,386.0724,9.7746,0,0,-1,0.0000,11172.4629,1000.0000,386.0724,9.7746,25
1133,10868.0000,738.4988,599.4955,8.0000,11097.9824,-0.0000,273.5129,8.0000,0,0,-1,0.0000,11097.9824,-0.0000,273.5129,8.0000,24
1134,10875.0000,560.0519,926.4521,8.0000,11194.8379,72.4449,-0.0000,8.0000,0,0,-1,0.0000,11194.8379,72.4449,-0.0000,8.0000,25
1135,10886.0000,99.3066,795.7124,15.0000,11137.9688,736.7376,-0.0000,15.0000,0,0,-1,0.0000,11137.9688,736.7376,-0.0000,15.0000,25
1136,10900.0000,175.2489,972.4775,15.0000,11184.2490,785.4492,-0.0000,15.0000,0,0,-1,0.0000,11184.2490,785.4492,-0.0000,15.0000,25
1137,10913.0000,909.5318,487.5780,8.0000,11106.8271,-0.0000,333.0322,8.0000,0,0,-1,0.0000,11106.8271,-0.0000,333.0322,8.0000,25
1138,10926.0000,626.4435,810.3832,8.0000,11095.2480,383.0590,-0.0000,8.0000,0,0,-1,0.0000,11095.2480,383.0590,-0.0000,8.0000,25
1139,10936.0000,1.9699,1000.0000,10.6847,11270.3682,1000.0000,179.6333,10.6847,0,0,-1,0.0000,11270.3682,1000.0000,179.6333,10.6847,24
1140,10949.0000,596.5992,1000.0000,10.8477,11167.0986,180.4393,-0.0000,10.8477,0,0,-1,0.0000,11167.0986,180.4393,-0.0000,10.8477,23
1141,10960.0000,488.9335,250.4131,15.0000,11190.8164,595.4397,1000.0000,15.0000,0,0,-1,0.0000,11190.8164,595.4397,1000.0000,15.0000,24
1142,10969.0000,526.7029,0.0000,12.9325,11263.3350,254.9621,1000.0000,12.9325,0,0,-1,0.0000,11263.3350,254.9621,1000.0000,12.9325,25
1143,10976.0000,0.0000,245.0459,14.3578,11247.2334,999.9999,726.5120,14.3578,0,0,-1,0.0000,11247.2334,999.9999,726.5120,14.3578,26
1144,10988.0000,1000.0000,971.9352,14.3394,11256.3848,499.4055,-0.0000,14.3394,0,0,-1,0.0000,11256.3848,499.4055,-0.0000,14.3394,25
1145,10997.0000,784.1084,1000.0000,8.2976,11231.3604,179.5952,-0.0000,8.2976,0,0,-1,0.0000,11231.3604,179.5952,-0.0000,8.2976,24
1146,11010.0000,0.0000,496.1281,12.3903,11337.5430,1000.0000,226.0128,12.3903,0,0,-1,0.0000,11337.5430,1000.0000,226.0128,12.3903,24
1147,11021.0000,1000.0000,978.7353,10.8723,11398.5869,-0.0000,204.2788,10.8723,0,0,-1,0.0000,11398.5869,-0.0000,204.2788,10.8723,25
1148,11031.0000,1000.0000,192.7671,14.6096,11398.7617,-0.0000,860.9820,14.6096,0,0,-1,0.0000,11398.7617,-0.0000,860.9820,14.6096,25
1149,11041.0000,1000.0000,559.0189,9.2300,11041.0000,1000.0000,559.0189,9.2300,0,0,-1,0.0000,11041.0000,1000.0000,559.0189,9.2300,24
1150,11048.0000,1000.0000,183.8854,8.4144,11268.1514,-0.0000,601.8696,8.4144,0,0,-1,0.0000,11268.1514,-0.0000,601.8696,8.4144,24
1151,11060.0000,153.0483,0.0000,13.1232,11388.2520,545.7957,1000.0000,13.1232,0,0,-1,0.0000,11388.2520,545.7957,1000.0000,13.1232,25
1152,11074.0000,230.4305,1000.0000,9.0203,11286.8389,496.1462,-0.0000,9.0203,0,0,-1,0.0000,11286.8389,496.1462,-0.0000,9.0203,24
1153,11084.0000,738.0988,1000.0000,8.6269,11405.5127,109.3858,-0.0000,8.6269,0,0,-1,0.0000,11405.5127,109.3858,-0.0000,8.6269,25
1154,11097.0000,1000.0000,99.5451,9.3452,11456.0869,17.6693,999.9999,9.3452,0,0,-1,0.0000,11456.0869,17.6693,999.9999,9.3452,25
1155,11110.0000,121.8853,578.7876,15.0000,11338.4072,1000.0000,596.3331,15.0000,0,0,-1,0.0000,11338.4072,1000.0000,596.3331,15.0000,21
1156,11115.0000,1000.0000,515.0085,11.0890,11115.0000,1000.0000,515.0085,11.0890,0,0,-1,0.0000,11115.0000,1000.0000,515.0085,11.0890,22
1157,11121.0000,1000.0000,47.3406,9.3351,11407.7949,-0.0000,669.2992,9.3351,0,0,-1,0.0000,11407.7949,-0.0000,669.2992,9.3351,22
1158,11131.0000,571.8928,0.0000,11.1849,11376.0996,299.5266,1000.0001,11.1849,0,0,-1,0.0000,11376.0996,299.5266,1000.0001,11.1849,23
1159,11143.0000,971.7938,0.0000,9.7080,11392.9189,-0.0000,689.3748,9.7080,0,0,-1,0.0000,11392.9189,-0.0000,689.3748,9.7080,22
1160,11155.0000,502.0039,0.0000,13.3632,11390.1318,272.9853,1000.0001,13.3632,0,0,-1,0.0000,11390.1318,272.9853,1000.0001,13.3632,23
1161,11162.0000,566.3105,1000.0000,14.6526,11393.7041,614.1434,-0.0000,14.6526,0,0,-1,0.0000,11393.7041,614.1434,-0.0000,14.6526,24
1162,11174.0000,1000.0000,432.7291,14.7439,11474.1758,-0.0000,539.4756,14.7439,0,0,-1,0.0000,11474.1758,-0.0000,539.4756,14.7439,22
1163,11183.0000,223.2617,90.9841,15.0000,11420.2314,823.5350,1000.0000,15.0000,0,0,-1,0.0000,11420.2314,823.5350,1000.0000,15.0000,23
1164,11195.0000,463.3882,1000.0000,12.5133,11522.7305,289.7627,-0.0000,12.5133,0,0,-1,0.0000,11522.7305,289.7627,-0.0000,12.5133,21
1165,11205.0000,980.5438,636.6882,8.0000,11205.0000,980.5438,636.6882,8.0000,0,0,-1,0.0000,11205.0000,980.5438,636.6882,8.0000,22
1166,11216.0000,816.6342,1000.0000,10.3377,11533.3682,288.6884,-0.0000,10.3377,0,0,-1,0.0000,11533.3682,288.6884,-0.0000,10.3377,22
1167,11222.0000,1000.0000,496.1317,9.7885,11516.2510,-0.0000,384.5392,9.7885,0,0,-1,0.0000,11516.2510,-0.0000,384.5392,9.7885,23
1168,11233.0000,0.0000,31.7309,8.5838,11485.4951,1000.0000,534.3323,8.5838,0,0,-1,0.0000,11485.4951,1000.0000,534.3323,8.5838,23
1169,11242.0000,808.7508,369.4273,15.0000,11510.5527,-0.0000,486.0372,15.0000,0,0,-1,0.0000,11510.5527,-0.0000,486.0372,15.0000,24
1170,11248.0000,254.7905,1000.0000,14.9576,11497.3730,863.5469,-0.0000,14.9576,0,0,-1,0.0000,11497.3730,863.5469,-0.0000,14.9576,24
1171,11257.0000,1000.0000,542.2512,11.6012,11257.0000,1000.0000,542.2512,11.6012,0,0,-1,0.0000,11257.0000,1000.0000,542.2512,11.6012,24
1172,11267.0000,70.8422,1000.0000,10.3370,11519.5244,748.4874,-0.0000,10.3370,0,0,-1,0.0000,11519.5244,748.4874,-0.0000,10.3370,23
1173,11275.0000,432.0511,303.0147,15.0000,11421.0078,423.1105,1000.0000,15.0000,0,0,-1,0.0000,11421.0078,423.1105,1000.0000,15.0000,22
1174,11286.0000,0.0000,892.4581,14.3268,11624.4912,579.5227,-0.0000,14.3268,0,0,-1,0.0000,11624.4912,579.5227,-0.0000,14.3268,23
1175,11292.0000,177.2735,1000.0000,10.9165,11576.0889,1000.0000,243.9459,10.9165,0,0,-1,0.0000,11576.0889,1000.0000,243.9459,10.9165,23
1176,11306.0000,1000.0000,721.2333,10.3740,11563.9932,-0.0000,373.6238,10.3740,0,0,-1,0.0000,11563.9932,-0.0000,373.6238,10.3740,24
1177,11313.0000,520.3890,1000.0000,12.4512,11527.1357,695.2056,-0.0000,12.4512,0,0,-1,0.0000,11527.1357,695.2056,-0.0000,12.4512,25
1178,11327.0000,703.8472,0.0000,9.0131,11576.5889,424.3473,1000.0001,9.0131,0,0,-1,0.0000,11576.5889,424.3473,1000.0001,9.0131,26
1179,11334.0000,0.0000,683.4191,13.2919,11595.0420,1000.0001,400.2038,13.2919,0,0,-1,0.0000,11595.0420,1000.0001,400.2038,13.2919,27
1180,11340.0000,0.0000,866.8036,11.5948,11620.5869,771.5671,-0.0000,11.5948,0,0,-1,0.0000,11620.5869,771.5671,-0.0000,11.5948,26
1181,11350.0000,0.0000,625.0045,14.2604,11589.3105,988.0155,-0.0000,14.2604,0,0,-1,0.0000,11589.3105,988.0155,-0.0000,14.2604,27
1182,11363.0000,0.0000,970.2451,12.9392,11634.7686,1000.0000,135.4426,12.9392,0,0,-1,0.0000,11634.7686,1000.0000,135.4426,12.9392,28
1183,11375.0000,1000.0000,785.2161,10.4996,11668.3643,312.4996,-0.0000,10.4996,0,0,-1,0.0000,11668.3643,312.4996,-0.0000,10.4996,29
1184,11385.0000,570.3564,458.4274,8.0000,11540.5195,-0.0000,871.6688,8.0000,0,0,-1,0.0000,11540.5195,-0.0000,871.6688,8.0000,29
1185,11396.0000,78.2254,0.0000,12.4968,11720.9180,851.5651,1000.0000,12.4968,0,0,-1,0.0000,11720.9180,851.5651,1000.0000,12.4968,26
1186,11403.0000,111.4604,456.7355,15.0000,11703.3896,999.9999,301.3335,15.0000,0,0,-1,0.0000,11703.3896,999.9999,301.3335,15.0000,25
1187,11409.0000,477.9555,0.0000,10.4721,11630.7949,430.4196,1000.0000,10.4721,0,0,-1,0.0000,11630.7949,430.4196,1000.0000,10.4721,24
1188,11422.0000,1000.0000,510.0048,8.8326,11750.2900,-0.0000,304.2383,8.8326,0,0,-1,0.0000,11750.2900,-0.0000,304.2383,8.8326,23
1189,11434.0000,1000.0000,423.9500,12.0709,11699.3535,-0.0000,225.4036,12.0709,0,0,-1,0.0000,11699.3535,-0.0000,225.4036,12.0709,24
1190,11447.0000,809.1182,503.3518,15.0000,11633.1309,-0.0000,411.8630,15.0000,0,0,-1,0.0000,11633.1309,-0.0000,411.8630,15.0000,25
1191,11460.0000,256.1684,1000.0000,13.0787,11723.2617,978.8717,-0.0000,13.0787,0,0,-1,0.0000,11723.2617,978.8717,-0.0000,13.0787,25
1192,11474.0000,1000.0000,993.4686,13.6813,11714.0781,-0.0000,493.6938,13.6813,0,0,-1,0.0000,11714.0781,-0.0000,493.6938,13.6813,26
1193,11484.0000,582.0204,1000.0000,9.2209,11695.9365,338.2978,-0.0000,9.2209,0,0,-1,0.0000,11695.9365,338.2978,-0.0000,9.2209,26
1194,11496.0000,301.2259,846.6531,8.0000,11683.2812,470.8875,-0.0000,8.0000,0,0,-1,0.0000,11683.2812,470.8875,-0.0000,8.0000,26
1195,11506.0000,623.4355,1000.0000,14.9614,11717.1455,691.8939,-0.0000,14.9614,0,0,-1,0.0000,11717.1455,691.8939,-0.0000,14.9614,26
1196,11515.0000,615.2060,0.0000,10.2634,11749.5010,55.4616,1000.0001,10.2634,0,0,-1,0.0000,11749.5010,55.4616,1000.0001,10.2634,26
1197,11529.0000,1000.0000,180.8925,9.7893,11864.1328,174.8001,1000.0001,9.7893,0,0,-1,0.0000,11864.1328,174.8001,1000.0001,9.7893,23
1198,11538.0000,842.8080,0.0000,9.2390,11818.5850,327.2106,1000.0001,9.2390,0,0,-1,0.0000,11818.5850,327.2106,1000.0001,9.2390,23
1199,11551.0000,0.0000,581.8973,10.5089,11796.4062,999.9999,132.7437,10.5089,0,0,-1,0.0000,11796.4062,999.9999,132.7437,10.5089,23
1200,11564.0000,803.5578,676.5690,8.0000,11762.1289,238.7184,-0.0000,8.0000,0,0,-1,0.0000,11762.1289,238.7184,-0.0000,8.0000,23
1201,11574.0000,1000.0000,160.3773,14.5297,11853.9102,223.7655,1000.0001,14.5297,0,0,-1,0.0000,11853.9102,223.7655,1000.0001,14.5297,24
1202,11587.0000,0.0000,82.0224,9.2640,11844.8193,830.2032,999.9999,9.2640,0,0,-1,0.0000,11844.8193,830.2032,999.9999,9.2640,23
1203,11599.0000,804.6892,0.0000,9.0224,11954.2344,-0.0000,918.2062,9.0224,0,0,-1,0.0000,11954.2344,-0.0000,918.2062,9.0224,22
1204,11604.0000,63.2889,953.8287,8.0000,11899.8174,881.6114,-0.0000,8.0000,0,0,-1,0.0000,11899.8174,881.6114,-0.0000,8.0000,23
1205,11617.0000,0.0000,771.0900,13.2928,11937.1055,999.9999,185.7014,13.2928,0,0,-1,0.0000,11937.1055,999.9999,185.7014,13.2928,24
1206,11627.0000,753.5888,1000.0000,13.7733,11976.5557,346.2285,-0.0000,13.7733,0,0,-1,0.0000,11976.5557,346.2285,-0.0000,13.7733,23
1207,11632.0000,0.0000,781.7410,13.4183,11943.6836,1000.0001,450.6337,13.4183,0,0,-1,0.0000,11943.6836,1000.0001,450.6337,13.4183,23
1208,11646.0000,83.2049,429.0972,15.0000,11841.2725,999.9999,332.5870,15.0000,0,0,-1,0.0000,11841.2725,999.9999,332.5870,15.0000,22
1209,11657.0000,274.2413,0.0000,9.4081,11882.7344,1000.0000,767.8472,9.4081,0,0,-1,0.0000,11882.7344,1000.0000,767.8472,9.4081,23
1210,11663.0000,484.5534,0.0000,10.7427,11903.8594,747.2479,999.9999,10.7427,0,0,-1,0.0000,11903.8594,747.2479,999.9999,10.7427,24
1211,11672.0000,0.0000,139.1257,12.7991,12009.4482,825.8544,1000.0001,12.7991,0,0,-1,0.0000,12009.4482,825.8544,1000.0001,12.7991,24
1212,11678.0000,1000.0000,947.9579,10.1389,11977.7656,199.7398,-0.0000,10.1389,0,0,-1,0.0000,11977.7656,199.7398,-0.0000,10.1389,25
1213,11692.0000,667.0986,849.7462,8.0000,11958.7305,198.0827,-0.0000,8.0000,0,0,-1,0.0000,11958.7305,198.0827,-0.0000,8.0000,25
1214,11699.0000,704.4459,599.7842,15.0000,11928.8945,-0.0000,486.7297,15.0000,0,0,-1,0.0000,11928.8945,-0.0000,486.7297,15.0000,25
1215,11704.0000,100.2535,0.0000,12.5440,11994.6680,1000.0001,644.9341,12.5440,0,0,-1,0.0000,11994.6680,1000.0001,644.9341,12.5440,24
1216,11714.0000,682.1010,184.4397,8.0000,11960.8184,387.4394,999.9999,8.0000,0,0,-1,0.0000,11960.8184,387.4394,999.9999,8.0000,25
1217,11720.0000,247.9417,1000.0000,9.1688,12047.3457,1000.0000,239.0428,9.1688,0,0,-1,0.0000,12047.3457,1000.0000,239.0428,9.1688,24
1218,11731.0000,687.8380,932.2805,15.0000,11944.1377,283.7913,-0.0000,15.0000,0,0,-1,0.0000,11944.1377,283.7913,-0.0000,15.0000,23
1219,11736.0000,0.0000,685.6963,14.3972,11956.8232,1000.0001,306.6438,14.3972,0,0,-1,0.0000,11956.8232,1000.0001,306.6438,14.3972,24
1220,11746.0000,0.0000,907.6768,10.2697,12095.0596,1000.0000,547.0375,10.2697,0,0,-1,0.0000,12095.0596,1000.0000,547.0375,10.2697,25
1221,11760.0000,359.2062,1000.0000,11.0737,11984.0381,491.0567,-0.0000,11.0737,0,0,-1,0.0000,11984.0381,491.0567,-0.0000,11.0737,24
1222,11774.0000,0.0000,201.2842,8.5853,12066.2715,1000.0000,598.4487,8.5853,0,0,-1,0.0000,12066.2715,1000.0000,598.4487,8.5853,24
1223,11779.0000,800.1367,724.0556,15.0000,12028.4141,-0.0000,144.8909,15.0000,0,0,-1,0.0000,12028.4141,-0.0000,144.8909,15.0000,25
1224,11784.0000,1000.0000,4.3970,14.6487,12058.0732,239.6351,999.9999,14.6487,0,0,-1,0.0000,12058.0732,239.6351,999.9999,14.6487,26
1225,11798.0000,817.9498,343.3593,8.0000,12015.2109,-0.0000,502.7871,8.0000,0,0,-1,0.0000,12015.2109,-0.0000,502.7871,8.0000,26
1226,11811.0000,1000.0000,395.2098,13.4502,12041.8486,-0.0000,573.5568,13.4502,0,0,-1,0.0000,12041.8486,-0.0000,573.5568,13.4502,27
1227,11824.0000,0.0000,821.7341,8.9091,12171.7354,1000.0001,375.6780,8.9091,0,0,-1,0.0000,12171.7354,1000.0001,375.6780,8.9091,27
1228,11831.0000,653.4767,318.4578,15.0000,12053.1455,192.6627,999.9999,15.0000,0,0,-1,0.0000,12053.1455,192.6627,999.9999,15.0000,28
1229,11843.0000,289.6697,0.0000,10.8944,12054.8066,481.3700,1000.0000,10.8944,0,0,-1,0.0000,12054.8066,481.3700,1000.0000,10.8944,28
1230,11857.0000,687.1759,783.0200,8.0000,12025.1016,415.5683,-0.0000,8.0000,0,0,-1,0.0000,12025.1016,415.5683,-0.0000,8.0000,27
1231,11870.0000,697.1061,326.1970,15.0000,12091.5127,119.6999,1000.0000,15.0000,0,0,-1,0.0000,12091.5127,119.6999,1000.0000,15.0000,27
1232,11879.0000,611.0599,1000.0000,10.0605,12160.2959,629.2635,-0.0000,10.0605,0,0,-1,0.0000,12160.2959,629.2635,-0.0000,10.0605,28
1233,11891.0000,276.6754,1000.0000,14.9975,12136.0723,410.3556,-0.0000,14.9975,0,0,-1,0.0000,12136.0723,410.3556,-0.0000,14.9975,28
1234,11904.0000,1000.0000,735.8439,11.5385,12153.6191,-0.0000,473.2278,11.5385,0,0,-1,0.0000,12153.6191,-0.0000,473.2278,11.5385,27
1235,11913.0000,0.0000,529.1028,10.4087,12220.3467,1000.0000,656.1911,10.4087,0,0,-1,0.0000,12220.3467,1000.0000,656.1911,10.4087,28
1236,11918.0000,643.0790,67.0008,8.0000,12228.1025,511.5329,999.9999,8.0000,0,0,-1,0.0000,12228.1025,511.5329,999.9999,8.0000,29
1237,11923.0000,521.8281,287.5675,15.0000,12119.4453,216.4140,1000.0000,15.0000,0,0,-1,0.0000,12119.4453,216.4140,1000.0000,15.0000,30
1238,11935.0000,764.7239,0.0000,13.4319,12207.0312,85.2391,1000.0000,13.4319,0,0,-1,0.0000,12207.0312,85.2391,1000.0000,13.4319,30
1239,11948.0000,1000.0000,180.1331,12.3591,12215.5381,17.7622,1000.0001,12.3591,0,0,-1,0.0000,12215.5381,17.7622,1000.0001,12.3591,28
1240,11954.0000,750.9783,585.8601,8.0000,12127.8447,-0.0000,358.0131,8.0000,0,0,-1,0.0000,12127.8447,-0.0000,358.0131,8.0000,29
1241,11959.0000,695.4056,0.0000,9.8694,12237.2090,621.1231,1000.0001,9.8694,0,0,-1,0.0000,12237.2090,621.1231,1000.0001,9.8694,27
1242,11971.0000,634.8195,463.5431,8.0000,12138.2148,-0.0000,547.4948,8.0000,0,0,-1,0.0000,12138.2148,-0.0000,547.4948,8.0000,27
1243,11981.0000,1000.0000,702.1810,8.9460,12226.3174,-0.0000,425.1787,8.9460,0,0,-1,0.0000,12226.3174,-0.0000,425.1787,8.9460,26
1244,11986.0000,321.7326,104.9800,15.0000,12176.2959,512.8551,999.9999,15.0000,0,0,-1,0.0000,12176.2959,512.8551,999.9999,15.0000,26
1245,11993.0000,134.2170,0.0000,14.6515,12248.6260,567.5701,1000.0000,14.6515,0,0,-1,0.0000,12248.6260,567.5701,1000.0000,14.6515,27
1246,12001.0000,758.8057,219.8522,15.0000,12246.3525,400.5190,1000.0000,15.0000,0,0,-1,0.0000,12246.3525,400.5190,1000.0000,15.0000,27
1247,12010.0000,558.3958,1000.0000,11.9863,12333.7773,364.3458,-0.0000,11.9863,0,0,-1,0.0000,12333.7773,364.3458,-0.0000,11.9863,27
1248,12016.0000,1000.0000,190.2011,14.8623,12329.9062,313.3414,1000.0000,14.8623,0,0,-1,0.0000,12329.9062,313.3414,1000.0000,14.8623,27
1249,12025.0000,74.9344,425.7521,8.0000,12266.2324,1000.0000,342.6234,8.0000,0,0,-1,0.0000,12266.2324,1000.0000,342.6234,8.0000,28
1250,12031.0000,303.0808,841.0339,8.0000,12299.0576,999.9999,231.1748,8.0000,0,0,-1,0.0000,12299.0576,999.9999,231.1748,8.0000,27
1251,12040.0000,460.6957,400.7790,15.0000,12237.2529,529.1949,1000.0000,15.0000,0,0,-1,0.0000,12237.2529,529.1949,1000.0000,15.0000,28
1252,12045.0000,8.3525,1000.0000,13.4334,12410.1602,1000.0000,28.7024,13.4334,0,0,-1,0.0000,12410.1602,1000.0000,28.7024,13.4334,28
1253,12051.0000,1000.0000,902.7698,14.7219,12317.4033,-0.0000,373.4791,14.7219,0,0,-1,0.0000,12317.4033,-0.0000,373.4791,14.7219,28
1254,12063.0000,438.5551,0.0000,14.6951,12302.7324,422.3695,1000.0001,14.6951,0,0,-1,0.0000,12302.7324,422.3695,1000.0001,14.6951,26
1255,12072.0000,572.7820,0.0000,9.6064,12402.3359,58.5223,999.9999,9.6064,0,0,-1,0.0000,12402.3359,58.5223,999.9999,9.6064,26
1256,12086.0000,708.5325,961.0483,8.0000,12353.1299,508.7128,-0.0000,8.0000,0,0,-1,0.0000,12353.1299,508.7128,-0.0000,8.0000,27
1257,12099.0000,418.4017,1000.0000,12.4107,12462.8213,941.5533,-0.0000,12.4107,0,0,-1,0.0000,12462.8213,941.5533,-0.0000,12.4107,26
1258,12106.0000,82.8241,0.0000,10.8311,12345.6436,1000.0000,687.6848,10.8311,0,0,-1,0.0000,12345.6436,1000.0000,687.6848,10.8311,27
1259,12115.0000,640.4698,996.6242,8.0000,12391.9385,516.7621,-0.0000,8.0000,0,0,-1,0.0000,12391.9385,516.7621,-0.0000,8.0000,28
1260,12128.0000,643.6866,32.7274,8.0000,12405.9189,502.3228,1000.0000,8.0000,0,0,-1,0.0000,12405.9189,502.3228,1000.0000,8.0000,27
1261,12135.0000,850.4155,0.0000,12.8126,12407.1943,472.5198,1000.0001,12.8126,0,0,-1,0.0000,12407.1943,472.5198,1000.0001,12.8126,28
1262,12143.0000,236.0935,247.9440,8.0000,12453.5908,886.7724,1000.0000,8.0000,0,0,-1,0.0000,12453.5908,886.7724,1000.0000,8.0000,27
1263,12148.0000,0.0000,730.0755,12.5903,12449.7715,999.9999,322.5401,12.5903,0,0,-1,0.0000,12449.7715,999.9999,322.5401,12.5903,28
1264,12154.0000,1000.0000,72.3239,14.3672,12497.9844,272.3213,999.9999,14.3672,0,0,-1,0.0000,12497.9844,272.3213,999.9999,14.3672,28
1265,12163.0000,166.7479,0.0000,8.2980,12464.1055,640.1310,999.9999,8.2980,0,0,-1,0.0000,12464.1055,640.1310,999.9999,8.2980,28
1266,12171.0000,1000.0000,351.7361,10.5273,12400.3369,-0.0000,747.2538,10.5273,0,0,-1,0.0000,12400.3369,-0.0000,747.2538,10.5273,29
1267,12180.0000,486.4207,0.0000,10.6065,12434.3477,838.4179,999.9999,10.6065,0,0,-1,0.0000,12434.3477,838.4179,999.9999,10.6065,28
1268,12188.0000,1000.0000,619.3096,13.1604,12465.7090,-0.0000,359.1732,13.1604,0,0,-1,0.0000,12465.7090,-0.0000,359.1732,13.1604,29
1269,12200.0000,5.7412,0.0000,9.9446,12498.4844,586.4364,1000.0000,9.9446,0,0,-1,0.0000,12498.4844,586.4364,1000.0000,9.9446,30
1270,12210.0000,395.3652,220.6393,15.0000,12374.8945,438.4900,1000.0001,15.0000,0,0,-1,0.0000,12374.8945,438.4900,1000.0001,15.0000,30
1271,12217.0000,587.8387,620.3358,15.0000,12399.8799,160.5271,-0.0000,15.0000,0,0,-1,0.0000,12399.8799,160.5271,-0.0000,15.0000,30
1272,12230.0000,782.9448,1000.0000,10.9771,12542.8984,-0.0000,327.1690,10.9771,0,0,-1,0.0000,12542.8984,-0.0000,327.1690,10.9771,28
1273,12244.0000,0.0000,151.6199,14.5947,12505.2334,897.1503,999.9999,14.5947,0,0,-1,0.0000,12505.2334,897.1503,999.9999,14.5947,27
1274,12249.0000,0.0000,200.8642,10.8177,12538.5332,905.8709,1000.0000,10.8177,0,0,-1,0.0000,12538.5332,905.8709,1000.0000,10.8177,26
1275,12255.0000,0.0000,796.9467,8.7039,12556.2100,658.9402,-0.0000,8.7039,0,0,-1,0.0000,12556.2100,658.9402,-0.0000,8.7039,27
1276,12262.0000,908.9318,613.1812,8.0000,12526.6074,-0.0000,233.1277,8.0000,0,0,-1,0.0000,12526.6074,-0.0000,233.1277,8.0000,28
1277,12268.0000,303.9594,321.5666,15.0000,12447.9941,1000.0001,647.5422,15.0000,0,0,-1,0.0000,12447.9941,1000.0001,647.5422,15.0000,28
1278,12281.0000,1000.0000,541.8800,14.7771,12589.5361,-0.0000,438.1651,14.7771,0,0,-1,0.0000,12589.5361,-0.0000,438.1651,14.7771,29
1279,12294.0000,329.1526,602.2516,8.0000,12505.4453,997.8494,-0.0000,8.0000,0,0,-1,0.0000,12505.4453,997.8494,-0.0000,8.0000,30
1280,12303.0000,221.8609,917.6856,8.0000,12583.0215,927.1819,-0.0000,8.0000,0,0,-1,0.0000,12583.0215,927.1819,-0.0000,8.0000,29
1281,12310.0000,0.0000,11.6703,13.9182,12690.7109,1000.0000,831.1190,13.9182,0,0,-1,0.0000,12690.7109,1000.0000,831.1190,13.9182,30
1282,12322.0000,1000.0000,589.7891,9.8215,12322.0000,1000.0000,589.7891,9.8215,0,0,-1,0.0000,12322.0000,1000.0000,589.7891,9.8215,30
1283,12333.0000,657.2680,768.1700,15.0000,12583.0762,110.6492,-0.0000,15.0000,0,0,-1,0.0000,12583.0762,110.6492,-0.0000,15.0000,29
1284,12344.0000,0.0000,569.7957,8.7934,12695.3486,999.9999,158.0698,8.7934,0,0,-1,0.0000,12695.3486,999.9999,158.0698,8.7934,29
1285,12358.0000,656.5150,0.0000,13.6430,12598.4238,192.9560,999.9999,13.6430,0,0,-1,0.0000,12598.4238,192.9560,999.9999,13.6430,28
1286,12363.0000,218.6690,1000.0000,11.0960,12615.0449,740.7969,-0.0000,11.0960,0,0,-1,0.0000,12615.0449,740.7969,-0.0000,11.0960,29
1287,12374.0000,1000.0000,272.8656,14.8244,12651.3994,87.9521,999.9999,14.8244,0,0,-1,0.0000,12651.3994,87.9521,999.9999,14.8244,30
1288,12386.0000,166.7274,1000.0000,14.8307,12697.5137,726.5418,-0.0000,14.8307,0,0,-1,0.0000,12697.5137,726.5418,-0.0000,14.8307,30
1289,12396.0000,688.1559,1000.0000,13.6319,12667.6182,586.5179,-0.0000,13.6319,0,0,-1,0.0000,12667.6182,586.5179,-0.0000,13.6319,30
1290,12401.0000,41.7913,1000.0000,10.2178,12646.6650,744.8846,-0.0000,10.2178,0,0,-1,0.0000,12646.6650,744.8846,-0.0000,10.2178,29
1291,12411.0000,521.8273,0.0000,14.4236,12710.7510,738.9669,1000.0001,14.4236,0,0,-1,0.0000,12710.7510,738.9669,1000.0001,14.4236,26
1292,12421.0000,845.7000,1000.0000,10.5831,12704.6494,-0.0000,365.2296,10.5831,0,0,-1,0.0000,12704.6494,-0.0000,365.2296,10.5831,27
1293,12426.0000,0.0000,183.0330,12.1539,12645.0879,667.0790,1000.0000,12.1539,0,0,-1,0.0000,12645.0879,667.0790,1000.0000,12.1539,28
1294,12431.0000,398.9936,0.0000,11.5315,12679.7207,990.9923,999.9999,11.5315,0,0,-1,0.0000,12679.7207,990.9923,999.9999,11.5315,29
1295,12443.0000,1000.0000,944.1297,9.3766,12689.5293,369.3606,-0.0000,9.3766,0,0,-1,0.0000,12689.5293,369.3606,-0.0000,9.3766,29
1296,12455.0000,625.6632,658.7715,8.0000,12610.5137,358.1169,-0.0000,8.0000,0,0,-1,0.0000,12610.5137,358.1169,-0.0000,8.0000,27
1297,12463.0000,484.4084,636.4999,8.0000,12597.9072,517.6422,-0.0000,8.0000,0,0,-1,0.0000,12597.9072,517.6422,-0.0000,8.0000,27
1298,12471.0000,1000.0000,233.2375,11.9202,12730.0000,-0.0000,547.9306,11.9202,0,0,-1,0.0000,12730.0000,-0.0000,547.9306,11.9202,26
1299,12481.0000,401.2227,1000.0000,9.5885,12784.2832,395.4761,-0.0000,9.5885,0,0,-1,0.0000,12784.2832,395.4761,-0.0000,9.5885,27
1300,12495.0000,401.1946,198.2019,15.0000,12695.7979,915.8696,1000.0000,15.0000,0,0,-1,0.0000,12695.7979,915.8696,1000.0000,15.0000,28
1301,12506.0000,775.4033,247.9026,15.0000,12791.3271,180.7640,1000.0000,15.0000,0,0,-1,0.0000,12791.3271,180.7640,1000.0000,15.0000,25
1302,12517.0000,915.2434,1000.0000,14.2118,12865.9131,364.0754,-0.0000,14.2118,0,0,-1,0.0000,12865.9131,364.0754,-0.0000,14.2118,26
1303,12524.0000,34.0735,0.0000,10.9461,12777.3447,1000.0000,646.9775,10.9461,0,0,-1,0.0000,12777.3447,1000.0000,646.9775,10.9461,27
1304,12537.0000,467.5702,411.9662,15.0000,12706.7568,530.1617,999.9999,15.0000,0,0,-1,0.0000,12706.7568,530.1617,999.9999,15.0000,27
1305,12543.0000,1000.0000,43.4473,10.6510,12906.5859,2.2559,1000.0000,10.6510,0,0,-1,0.0000,12906.5859,2.2559,1000.0000,10.6510,26
1306,12552.0000,1000.0000,942.7049,11.9524,12835.7139,-0.0000,511.7941,11.9524,0,0,-1,0.0000,12835.7139,-0.0000,511.7941,11.9524,27
1307,12563.0000,0.0000,784.1227,11.4939,12893.0098,999.9999,550.8972,11.4939,0,0,-1,0.0000,12893.0098,999.9999,550.8972,11.4939,27
1308,12570.0000,1000.0000,512.0639,9.1074,12570.0000,1000.0000,512.0639,9.1074,0,0,-1,0.0000,12570.0000,1000.0000,512.0639,9.1074,28
1309,12576.0000,37.4169,435.6415,15.0000,12783.2207,1000.0000,240.4101,15.0000,0,0,-1,0.0000,12783.2207,1000.0000,240.4101,15.0000,28
1310,12590.0000,871.8955,0.0000,11.0866,12888.8652,114.4633,999.9999,11.0866,0,0,-1,0.0000,12888.8652,114.4633,999.9999,11.0866,26
1311,12600.0000,992.9734,0.0000,12.9761,12974.0322,-0.0000,558.4119,12.9761,0,0,-1,0.0000,12974.0322,-0.0000,558.4119,12.9761,25
1312,12606.0000,882.2183,819.0804,15.0000,12959.4570,-0.0000,12.5126,15.0000,0,0,-1,0.0000,12959.4570,-0.0000,12.5126,15.0000,26
1313,12615.0000,46.3069,286.3316,8.0000,12882.4150,879.4246,1000.0001,8.0000,0,0,-1,0.0000,12882.4150,879.4246,1000.0001,8.0000,26
1314,12620.0000,1000.0000,120.8633,10.6619,12879.1611,419.8160,1000.0000,10.6619,0,0,-1,0.0000,12879.1611,419.8160,1000.0000,10.6619,26
1315,12628.0000,0.0000,445.3424,8.9588,12847.4082,1000.0000,262.3068,8.9588,0,0,-1,0.0000,12847.4082,1000.0000,262.3068,8.9588,27
1316,12633.0000,548.0942,870.4701,8.0000,12849.4434,508.5893,-0.0000,8.0000,0,0,-1,0.0000,12849.4434,508.5893,-0.0000,8.0000,28
1317,12643.0000,123.3511,679.0240,15.0000,12918.7021,877.4134,-0.0000,15.0000,0,0,-1,0.0000,12918.7021,877.4134,-0.0000,15.0000,29
1318,12651.0000,946.8834,1000.0000,14.9797,12894.6562,505.1605,-0.0000,14.9797,0,0,-1,0.0000,12894.6562,505.1605,-0.0000,14.9797,28
1319,12664.0000,0.0000,893.9388,11.3030,13041.6572,1000.0000,146.6377,11.3030,0,0,-1,0.0000,13041.6572,1000.0000,146.6377,11.3030,28
1320,12676.0000,760.1426,1000.0000,9.7128,12947.7881,405.4903,-0.0000,9.7128,0,0,-1,0.0000,12947.7881,405.4903,-0.0000,9.7128,28
1321,12683.0000,382.4988,822.8319,15.0000,12989.1387,920.4311,-0.0000,15.0000,0,0,-1,0.0000,12989.1387,920.4311,-0.0000,15.0000,28
1322,12689.0000,833.3469,324.9756,15.0000,12901.5674,-0.0000,753.6808,15.0000,0,0,-1,0.0000,12901.5674,-0.0000,753.6808,15.0000,29
1323,12696.0000,436.9803,566.1115,8.0000,12898.3965,1000.0001,278.3129,8.0000,0,0,-1,0.0000,12898.3965,1000.0001,278.3129,8.0000,26
1324,12704.0000,158.2302,767.5044,8.0000,12965.4678,881.9422,-0.0000,8.0000,0,0,-1,0.0000,12965.4678,881.9422,-0.0000,8.0000,26
1325,12714.0000,1000.0000,405.6050,10.9036,12966.1689,-0.0000,376.9251,10.9036,0,0,-1,0.0000,12966.1689,-0.0000,376.9251,10.9036,24
1326,12720.0000,570.3524,715.3794,15.0000,12891.7471,152.2972,-0.0000,15.0000,0,0,-1,0.0000,12891.7471,152.2972,-0.0000,15.0000,25
1327,12728.0000,265.4595,159.4902,8.0000,13021.4717,950.3660,1000.0000,8.0000,0,0,-1,0.0000,13021.4717,950.3660,1000.0000,8.0000,26
1328,12733.0000,0.0000,360.7038,8.8618,12981.0342,1000.0001,535.6795,8.8618,0,0,-1,0.0000,12981.0342,1000.0001,535.6795,8.8618,26
1329,12747.0000,0.0000,411.2661,9.2672,12984.1709,999.9999,534.3436,9.2672,0,0,-1,0.0000,12984.1709,999.9999,534.3436,9.2672,27
1330,12755.0000,0.0000,854.1793,9.1268,12989.2002,999.9999,411.4269,9.1268,0,0,-1,0.0000,12989.2002,999.9999,411.4269,9.1268,28
1331,12768.0000,377.3325,1000.0000,11.9617,13038.0049,754.7700,-0.0000,11.9617,0,0,-1,0.0000,13038.0049,754.7700,-0.0000,11.9617,29
1332,12776.0000,633.6484,546.4205,8.0000,12993.6133,-0.0000,80.5043,8.0000,0,0,-1,0.0000,12993.6133,-0.0000,80.5043,8.0000,30
1333,12785.0000,550.7197,687.4154,15.0000,12979.1143,238.1052,-0.0000,15.0000,0,0,-1,0.0000,12979.1143,238.1052,-0.0000,15.0000,28
1334,12796.0000,1000.0000,827.3835,8.0005,13036.8828,-0.0000,412.7349,8.0005,0,0,-1,0.0000,13036.8828,-0.0000,412.7349,8.0005,28
1335,12804.0000,729.1459,137.8289,8.0000,13112.9502,-0.0000,820.7614,8.0000,0,0,-1,0.0000,13112.9502,-0.0000,820.7614,8.0000,29
1336,12810.0000,288.8692,0.0000,11.9273,13039.5205,804.6200,999.9999,11.9273,0,0,-1,0.0000,13039.5205,804.6200,999.9999,11.9273,30
1337,12820.0000,1000.0000,348.0960,8.5961,13117.4277,-0.0000,632.4007,8.5961,0,0,-1,0.0000,13117.4277,-0.0000,632.4007,8.5961,31
1338,12831.0000,1000.0000,661.7844,14.8805,13083.1279,16.7708,-0.0000,14.8805,0,0,-1,0.0000,13083.1279,16.7708,-0.0000,14.8805,32
1339,12836.0000,0.0000,316.4933,13.4077,13061.6436,999.9999,393.7153,13.4077,0,0,-1,0.0000,13061.6436,999.9999,393.7153,13.4077,32
1340,12848.0000,688.1660,1000.0000,14.3839,13118.6445,16.7673,-0.0000,14.3839,0,0,-1,0.0000,13118.6445,16.7673,-0.0000,14.3839,32
1341,12862.0000,0.0000,690.5280,12.9443,13078.3145,831.6482,-0.0000,12.9443,0,0,-1,0.0000,13078.3145,831.6482,-0.0000,12.9443,32
1342,12875.0000,793.0206,189.1508,15.0000,13079.8604,295.5898,1000.0000,15.0000,0,0,-1,0.0000,13079.8604,295.5898,1000.0000,15.0000,32
1343,12884.0000,493.4073,482.6245,8.0000,13020.5840,500.0298,1000.0000,8.0000,0,0,-1,0.0000,13020.5840,500.0298,1000.0000,8.0000,31
1344,12895.0000,1.6878,912.5012,15.0000,13149.8428,865.2917,-0.0000,15.0000,0,0,-1,0.0000,13149.8428,865.2917,-0.0000,15.0000,28
1345,12900.0000,903.6855,1000.0000,14.6151,13210.8916,-0.0000,377.5648,14.6151,0,0,-1,0.0000,13210.8916,-0.0000,377.5648,14.6151,28
1346,12909.0000,658.6930,1000.0000,11.6824,13267.0225,11.5538,-0.0000,11.6824,0,0,-1,0.0000,13267.0225,11.5538,-0.0000,11.6824,27
1347,12914.0000,778.0457,0.0000,14.2856,13145.3945,610.8583,1000.0001,14.2856,0,0,-1,0.0000,13145.3945,610.8583,1000.0001,14.2856,28
1348,12922.0000,0.0000,182.1509,10.6370,13269.9463,1000.0000,872.1245,10.6370,0,0,-1,0.0000,13269.9463,1000.0000,872.1245,10.6370,28
1349,12930.0000,1000.0000,219.8028,12.1821,13142.0586,289.5233,1000.0000,12.1821,0,0,-1,0.0000,13142.0586,289.5233,1000.0000,12.1821,29
1350,12937.0000,110.7858,1000.0000,12.7640,13233.3584,1000.0000,143.5892,12.7640,0,0,-1,0.0000,13233.3584,1000.0000,143.5892,12.7640,30
1351,12943.0000,605.3184,106.4980,8.0000,13170.9893,69.3647,1000.0001,8.0000,0,0,-1,0.0000,13170.9893,69.3647,1000.0001,8.0000,31
1352,12955.0000,506.4352,594.0125,8.0000,13077.2734,364.6024,-0.0000,8.0000,0,0,-1,0.0000,13077.2734,364.6024,-0.0000,8.0000,31
1353,12963.0000,248.9525,317.7521,15.0000,13209.5293,890.5164,1000.0000,15.0000,0,0,-1,0.0000,13209.5293,890.5164,1000.0000,15.0000,31
1354,12973.0000,372.6378,1000.0000,12.5427,13263.7754,711.9685,-0.0000,12.5427,0,0,-1,0.0000,13263.7754,711.9685,-0.0000,12.5427,30
1355,12986.0000,982.4509,0.0000,10.6292,13413.2588,-0.0000,949.4712,10.6292,0,0,-1,0.0000,13413.2588,-0.0000,949.4712,10.6292,27
1356,12995.0000,1000.0000,548.7034,12.3306,13238.2871,-0.0000,526.6216,12.3306,0,0,-1,0.0000,13238.2871,-0.0000,526.6216,12.3306,25
1357,13003.0000,1000.0000,571.2725,13.5559,13281.1357,-0.0000,52.9412,13.5559,0,0,-1,0.0000,13281.1357,-0.0000,52.9412,13.5559,26
1358,13017.0000,0.0000,775.1787,11.1780,13297.9746,960.6057,-0.0000,11.1780,0,0,-1,0.0000,13297.9746,960.6057,-0.0000,11.1780,27
1359,13031.0000,627.0468,0.0000,13.6534,13247.7705,271.7901,1000.0000,13.6534,0,0,-1,0.0000,13247.7705,271.7901,1000.0000,13.6534,26
1360,13037.0000,401.6823,533.2506,15.0000,13219.0742,999.9999,73.5571,15.0000,0,0,-1,0.0000,13219.0742,999.9999,73.5571,15.0000,26
1361,13049.0000,0.0000,980.1495,9.8158,13275.2412,1000.0000,452.1053,9.8158,0,0,-1,0.0000,13275.2412,1000.0000,452.1053,9.8158,24
1362,13058.0000,677.4166,200.3608,15.0000,13276.2812,83.6705,1000.0000,15.0000,0,0,-1,0.0000,13276.2812,83.6705,1000.0000,15.0000,25
1363,13065.0000,388.2551,0.0000,12.7160,13301.8271,775.7150,1000.0000,12.7160,0,0,-1,0.0000,13301.8271,775.7150,1000.0000,12.7160,25
1364,13077.0000,0.0000,358.4590,14.2076,13357.9961,1000.0000,551.1261,14.2076,0,0,-1,0.0000,13357.9961,1000.0000,551.1261,14.2076,26
1365,13086.0000,815.8694,0.0000,14.7662,13412.5938,-0.0000,667.6865,14.7662,0,0,-1,0.0000,13412.5938,-0.0000,667.6865,14.7662,23
1366,13100.0000,773.1320,0.0000,12.0061,13455.6943,276.2514,1000.0000,12.0061,0,0,-1,0.0000,13455.6943,276.2514,1000.0000,12.0061,24
1367,13107.0000,0.0000,687.2957,13.7488,13351.4014,1000.0000,575.0348,13.7488,0,0,-1,0.0000,13351.4014,1000.0000,575.0348,13.7488,25
1368,13115.0000,271.8390,1000.0000,13.4930,13353.9150,606.6151,-0.0000,13.4930,0,0,-1,0.0000,13353.9150,606.6151,-0.0000,13.4930,25
1369,13124.0000,0.0000,82.0949,12.8656,13372.4258,1000.0000,464.1331,12.8656,0,0,-1,0.0000,13372.4258,1000.0000,464.1331,12.8656,24
1370,13138.0000,0.0000,815.5281,13.9499,13477.1562,687.9480,-0.0000,13.9499,0,0,-1,0.0000,13477.1562,687.9480,-0.0000,13.9499,25
1371,13150.0000,707.9286,1000.0000,14.8999,13390.4717,490.2073,-0.0000,14.8999,0,0,-1,0.0000,13390.4717,490.2073,-0.0000,14.8999,23
1372,13155.0000,1000.0000,505.8943,11.0818,13452.7607,-0.0000,482.5175,11.0818,0,0,-1,0.0000,13452.7607,-0.0000,482.5175,11.0818,24
1373,13162.0000,394.4028,193.6844,15.0000,13414.9365,950.2977,1000.0001,15.0000,0,0,-1,0.0000,13414.9365,950.2977,1000.0001,15.0000,25
1374,13170.0000,779.2050,0.0000,8.2370,13432.6729,524.7461,1000.0000,8.2370,0,0,-1,0.0000,13432.6729,524.7461,1000.0000,8.2370,26
1375,13184.0000,1000.0000,277.8484,13.4695,13513.6748,-0.0000,623.1392,13.4695,0,0,-1,0.0000,13513.6748,-0.0000,623.1392,13.4695,26
1376,13192.0000,719.7822,200.6675,8.0000,13382.5928,401.9467,999.9999,8.0000,0,0,-1,0.0000,13382.5928,401.9467,999.9999,8.0000,27
1377,13197.0000,704.9522,1000.0000,13.8840,13537.6279,63.4242,-0.0000,13.8840,0,0,-1,0.0000,13537.6279,63.4242,-0.0000,13.8840,28
1378,13209.0000,575.9717,126.9492,8.0000,13411.7812,231.9193,1000.0000,8.0000,0,0,-1,0.0000,13411.7812,231.9193,1000.0000,8.0000,29
1379,13216.0000,502.6881,1000.0000,9.2176,13424.9922,432.0323,-0.0000,9.2176,0,0,-1,0.0000,13424.9922,432.0323,-0.0000,9.2176,28
1380,13222.0000,836.1554,718.4267,8.0000,13522.7275,211.3261,-0.0000,8.0000,0,0,-1,0.0000,13522.7275,211.3261,-0.0000,8.0000,28
1381,13232.0000,718.0766,1000.0000,14.1421,13494.3789,586.9462,-0.0000,14.1421,0,0,-1,0.0000,13494.3789,586.9462,-0.0000,14.1421,29
1382,13240.0000,890.0286,44.8522,8.0000,13507.7207,216.7663,999.9999,8.0000,0,0,-1,0.0000,13507.7207,216.7663,999.9999,8.0000,28
1383,13249.0000,35.4588,1000.0000,11.5263,13518.3457,1000.0000,226.7826,11.5263,0,0,-1,0.0000,13518.3457,1000.0000,226.7826,11.5263,28
1384,13262.0000,874.8546,1000.0000,13.2312,13526.9219,127.1619,-0.0000,13.2312,0,0,-1,0.0000,13526.9219,127.1619,-0.0000,13.2312,29
1385,13272.0000,583.7167,1000.0000,10.2475,13562.2500,692.4968,-0.0000,10.2475,0,0,-1,0.0000,13562.2500,692.4968,-0.0000,10.2475,27
1386,13285.0000,0.0000,746.3313,14.2277,13508.6113,1000.0000,258.0659,14.2277,0,0,-1,0.0000,13508.6113,1000.0000,258.0659,14.2277,25
1387,13297.0000,731.8720,0.0000,8.8524,13585.3018,-0.0000,859.3901,8.8524,0,0,-1,0.0000,13585.3018,-0.0000,859.3901,8.8524,26
1388,13303.0000,920.8884,0.0000,12.8747,13658.7080,531.5640,1000.0001,12.8747,0,0,-1,0.0000,13658.7080,531.5640,1000.0001,12.8747,25
1389,13309.0000,807.3936,450.7957,15.0000,13522.3730,-0.0000,689.3915,15.0000,0,0,-1,0.0000,13522.3730,-0.0000,689.3915,15.0000,26
1390,13322.0000,0.0000,304.9704,14.2164,13558.5039,1000.0000,356.9785,14.2164,0,0,-1,0.0000,13558.5039,1000.0000,356.9785,14.2164,27
1391,13329.0000,291.9247,0.0000,14.1519,13622.4189,703.0176,1000.0000,14.1519,0,0,-1,0.0000,13622.4189,703.0176,1000.0000,14.1519,28
1392,13340.0000,553.8156,0.0000,13.5045,13576.0752,279.5660,1000.0001,13.5045,0,0,-1,0.0000,13576.0752,279.5660,1000.0001,13.5045,29
1393,13345.0000,1000.0000,178.4168,12.4768,13630.5850,-0.0000,530.8258,12.4768,0,0,-1,0.0000,13630.5850,-0.0000,530.8258,12.4768,30
1394,13351.0000,447.4571,1000.0000,10.0008,13603.8232,789.4966,-0.0000,10.0008,0,0,-1,0.0000,13603.8232,789.4966,-0.0000,10.0008,31
1395,13361.0000,383.1165,5.5009,8.0000,13658.9189,756.1491,1000.0000,8.0000,0,0,-1,0.0000,13658.9189,756.1491,1000.0000,8.0000,29
1396,13366.0000,500.8977,284.0110,8.0000,13518.8359,565.2980,999.9999,8.0000,0,0,-1,0.0000,13518.8359,565.2980,999.9999,8.0000,30
1397,13375.0000,896.4915,0.0000,12.6493,13760.5908,-0.0000,921.3099,12.6493,0,0,-1,0.0000,13760.5908,-0.0000,921.3099,12.6493,30
1398,13385.0000,273.9114,1000.0000,13.0905,13626.3604,1000.0001,87.7039,13.0905,0,0,-1,0.0000,13626.3604,1000.0001,87.7039,13.0905,30
1399,13393.0000,375.6855,912.4912,8.0000,13681.9199,433.6429,-0.0000,8.0000,0,0,-1,0.0000,13681.9199,433.6429,-0.0000,8.0000,30
1400,13404.0000,958.5178,1000.0000,10.5729,13678.6055,-0.0000,246.2282,10.5729,0,0,-1,0.0000,13678.6055,-0.0000,246.2282,10.5729,31
1401,13410.0000,503.9290,192.8561,15.0000,13608.3818,300.1345,999.9999,15.0000,0,0,-1,0.0000,13608.3818,300.1345,999.9999,15.0000,32
1402,13424.0000,470.0577,881.2639,15.0000,13648.7549,781.4408,-0.0000,15.0000,0,0,-1,0.0000,13648.7549,781.4408,-0.0000,15.0000,29
1403,13434.0000,0.0000,563.0437,9.8693,13721.6631,1000.0000,119.7875,9.8693,0,0,-1,0.0000,13721.6631,1000.0000,119.7875,9.8693,28
1404,13448.0000,183.2841,1000.0000,11.6826,13736.6445,971.6731,-0.0000,11.6826,0,0,-1,0.0000,13736.6445,971.6731,-0.0000,11.6826,29
1405,13460.0000,307.6276,1000.0000,8.4572,13758.5156,466.5331,-0.0000,8.4572,0,0,-1,0.0000,13758.5156,466.5331,-0.0000,8.4572,28
1406,13466.0000,554.6911,980.6425,15.0000,13754.6357,151.6531,-0.0000,15.0000,0,0,-1,0.0000,13754.6357,151.6531,-0.0000,15.0000,29
1407,13479.0000,788.6255,94.7085,15.0000,13775.0820,-0.0000,840.9800,15.0000,0,0,-1,0.0000,13775.0820,-0.0000,840.9800,15.0000,29
1408,13484.0000,0.0000,828.3615,14.0172,13735.4590,892.3210,-0.0000,14.0172,0,0,-1,0.0000,13735.4590,892.3210,-0.0000,14.0172,30
1409,13494.0000,0.0000,991.5858,10.2316,13746.0068,1000.0001,399.6359,10.2316,0,0,-1,0.0000,13746.0068,1000.0001,399.6359,10.2316,31
1410,13503.0000,351.4723,1000.0000,8.3021,13750.1328,726.9450,-0.0000,8.3021,0,0,-1,0.0000,13750.1328,726.9450,-0.0000,8.3021,31
1411,13517.0000,966.8781,659.8307,8.0000,13810.9678,-0.0000,591.2920,8.0000,0,0,-1,0.0000,13810.9678,-0.0000,591.2920,8.0000,29
1412,13524.0000,1000.0000,851.4233,8.4686,13847.7178,-0.0000,212.0011,8.4686,0,0,-1,0.0000,13847.7178,-0.0000,212.0011,8.4686,26
1413,13538.0000,796.9557,642.4786,15.0000,13760.9814,24.6385,-0.0000,15.0000,0,0,-1,0.0000,13760.9814,24.6385,-0.0000,15.0000,25
1414,13548.0000,1000.0000,893.0083,9.7471,13778.1182,-0.0000,398.6730,9.7471,0,0,-1,0.0000,13778.1182,-0.0000,398.6730,9.7471,26
1415,13556.0000,750.7750,1000.0000,13.6898,13844.0332,40.5789,-0.0000,13.6898,0,0,-1,0.0000,13844.0332,40.5789,-0.0000,13.6898,27
1416,13570.0000,315.7776,220.4910,15.0000,13766.7656,500.7281,1000.0000,15.0000,0,0,-1,0.0000,13766.7656,500.7281,1000.0000,15.0000,26
1417,13581.0000,548.6484,0.0000,8.9243,13796.8320,673.4620,1000.0000,8.9243,0,0,-1,0.0000,13796.8320,673.4620,1000.0000,8.9243,26
1418,13593.0000,268.8230,585.6345,15.0000,13791.9551,1000.0000,469.0271,15.0000,0,0,-1,0.0000,13791.9551,1000.0000,469.0271,15.0000,26
1419,13605.0000,155.5052,1000.0000,9.8919,13864.0254,899.6718,-0.0000,9.8919,0,0,-1,0.0000,13864.0254,899.6718,-0.0000,9.8919,26
1420,13611.0000,1000.0000,786.6668,9.4295,13852.2803,301.3664,-0.0000,9.4295,0,0,-1,0.0000,13852.2803,301.3664,-0.0000,9.4295,26
1421,13618.0000,105.1456,0.0000,13.6283,13891.3223,1000.0000,812.0720,13.6283,0,0,-1,0.0000,13891.3223,1000.0000,812.0720,13.6283,27
1422,13628.0000,85.9956,129.4018,8.0000,13929.7891,1000.0000,858.0789,8.0000,0,0,-1,0.0000,13929.7891,1000.0000,858.0789,8.0000,26
1423,13635.0000,147.0458,0.0000,11.7175,13906.4834,994.3403,1000.0000,11.7175,0,0,-1,0.0000,13906.4834,994.3403,1000.0000,11.7175,26
1424,13643.0000,400.4879,0.0000,12.3121,13886.2324,274.7966,999.9999,12.3121,0,0,-1,0.0000,13886.2324,274.7966,999.9999,12.3121,27
1425,13653.0000,468.4179,0.0000,12.4083,13909.1055,490.4386,1000.0000,12.4083,0,0,-1,0.0000,13909.1055,490.4386,1000.0000,12.4083,27
1426,13658.0000,0.0000,329.6443,13.0172,13904.9209,1000.0000,944.4700,13.0172,0,0,-1,0.0000,13904.9209,1000.0000,944.4700,13.0172,28
1427,13663.0000,0.0000,446.2465,12.0575,13909.9365,1000.0000,766.7522,12.0575,0,0,-1,0.0000,13909.9365,1000.0000,766.7522,12.0575,27
1428,13672.0000,1000.0000,570.5721,8.0298,13672.0000,1000.0000,570.5721,8.0298,0,0,-1,0.0000,13672.0000,1000.0000,570.5721,8.0298,28
1429,13678.0000,656.9146,0.0000,12.9772,14000.5020,-0.0000,903.7437,12.9772,0,0,-1,0.0000,14000.5020,-0.0000,903.7437,12.9772,28
1430,13684.0000,196.5068,891.1639,15.0000,13907.5068,547.2664,-0.0000,15.0000,0,0,-1,0.0000,13907.5068,547.2664,-0.0000,15.0000,27
1431,13691.0000,330.3600,660.6612,15.0000,13896.4180,1000.0000,180.3041,15.0000,0,0,-1,0.0000,13896.4180,1000.0000,180.3041,15.0000,28
1432,13699.0000,1000.0000,948.9949,12.3758,13946.3271,367.3785,-0.0000,12.3758,0,0,-1,0.0000,13946.3271,367.3785,-0.0000,12.3758,29
1433,13709.0000,304.7790,0.0000,10.2768,13953.1914,886.6060,1000.0000,10.2768,0,0,-1,0.0000,13953.1914,886.6060,1000.0000,10.2768,30
1434,13723.0000,1000.0000,930.7697,10.7925,14036.3838,-0.0000,55.7180,10.7925,0,0,-1,0.0000,14036.3838,-0.0000,55.7180,10.7925,30
1435,13730.0000,1000.0000,266.3122,14.5774,14012.9082,-0.0000,984.6420,14.5774,0,0,-1,0.0000,14012.9082,-0.0000,984.6420,14.5774,31
1436,13739.0000,692.3754,1000.0000,12.1861,14009.6475,157.3807,-0.0000,12.1861,0,0,-1,0.0000,14009.6475,157.3807,-0.0000,12.1861,30
1437,13753.0000,130.9580,1000.0000,14.5166,14042.3867,1000.0001,175.2952,14.5166,0,0,-1,0.0000,14042.3867,1000.0001,175.2952,14.5166,29
1438,13765.0000,506.3986,1000.0000,13.4350,14083.7910,390.3511,-0.0000,13.4350,0,0,-1,0.0000,14083.7910,390.3511,-0.0000,13.4350,26
1439,13772.0000,318.9243,266.7564,15.0000,13966.1074,1000.0000,921.9871,15.0000,0,0,-1,0.0000,13966.1074,1000.0000,921.9871,15.0000,26
1440,13784.0000,1000.0000,237.9321,13.3403,14043.6611,-0.0000,533.0994,13.3403,0,0,-1,0.0000,14043.6611,-0.0000,533.0994,13.3403,25
1441,13794.0000,600.9758,1000.0000,13.4867,14058.4014,426.3640,-0.0000,13.4867,0,0,-1,0.0000,14058.4014,426.3640,-0.0000,13.4867,25
1442,13807.0000,588.7997,1000.0000,14.9895,14037.6406,269.0852,-0.0000,14.9895,0,0,-1,0.0000,14037.6406,269.0852,-0.0000,14.9895,25
1443,13813.0000,1000.0000,486.7866,8.2954,14029.5225,-0.0000,532.0783,8.2954,0,0,-1,0.0000,14029.5225,-0.0000,532.0783,8.2954,25
1444,13821.0000,471.2169,1000.0000,10.7239,14026.3418,693.1748,-0.0000,10.7239,0,0,-1,0.0000,14026.3418,693.1748,-0.0000,10.7239,26
1445,13830.0000,193.7215,218.6105,8.0000,14061.8057,780.2827,1000.0001,8.0000,0,0,-1,0.0000,14061.8057,780.2827,1000.0001,8.0000,27
1446,13844.0000,1000.0000,582.1812,9.4122,14076.9150,-0.0000,318.6532,9.4122,0,0,-1,0.0000,14076.9150,-0.0000,318.6532,9.4122,28
1447,13850.0000,975.9935,939.4131,8.0000,14109.7773,-0.0000,480.3912,8.0000,0,0,-1,0.0000,14109.7773,-0.0000,480.3912,8.0000,27
1448,13857.0000,736.9385,0.0000,11.7970,14087.1230,503.4222,1000.0001,11.7970,0,0,-1,0.0000,14087.1230,503.4222,1000.0001,11.7970,27
1449,13866.0000,1000.0000,693.8389,11.4843,14090.4824,159.5240,-0.0000,11.4843,0,0,-1,0.0000,14090.4824,159.5240,-0.0000,11.4843,27
1450,13871.0000,700.8154,0.0000,9.0758,14172.3086,166.5324,1000.0000,9.0758,0,0,-1,0.0000,14172.3086,166.5324,1000.0000,9.0758,28
1451,13884.0000,475.4052,43.8700,8.0000,14163.2129,184.0087,1000.0000,8.0000,0,0,-1,0.0000,14163.2129,184.0087,1000.0000,8.0000,29
1452,13890.0000,302.7461,696.4922,15.0000,14129.4287,908.1285,-0.0000,15.0000,0,0,-1,0.0000,14129.4287,908.1285,-0.0000,15.0000,29
1453,13904.0000,826.4344,0.0000,9.8500,14166.5547,277.8618,999.9999,9.8500,0,0,-1,0.0000,14166.5547,277.8618,999.9999,9.8500,28
1454,13915.0000,469.3748,0.0000,14.1739,14205.1221,778.6372,999.9999,14.1739,0,0,-1,0.0000,14205.1221,778.6372,999.9999,14.1739,24
1455,13924.0000,123.8232,0.0000,11.7246,14297.4375,1000.0000,906.8694,11.7246,0,0,-1,0.0000,14297.4375,1000.0000,906.8694,11.7246,25
1456,13937.0000,1000.0000,712.2307,13.1074,14165.9365,-0.0000,480.6498,13.1074,0,0,-1,0.0000,14165.9365,-0.0000,480.6498,13.1074,25
1457,13946.0000,532.7885,0.0000,8.0829,14199.3936,407.9874,999.9999,8.0829,0,0,-1,0.0000,14199.3936,407.9874,999.9999,8.0829,26
1458,13952.0000,689.9045,0.0000,13.4937,14259.2773,466.3096,1000.0001,13.4937,0,0,-1,0.0000,14259.2773,466.3096,1000.0001,13.4937,26
1459,13959.0000,0.0000,160.3260,11.0372,14293.9541,761.3417,999.9999,11.0372,0,0,-1,0.0000,14293.9541,761.3417,999.9999,11.0372,26
1460,13965.0000,0.0000,394.8915,10.8862,14207.8135,999.9999,413.9349,10.8862,0,0,-1,0.0000,14207.8135,999.9999,413.9349,10.8862,27
1461,13971.0000,475.5643,68.0723,8.0000,14185.9844,624.3143,1000.0000,8.0000,0,0,-1,0.0000,14185.9844,624.3143,1000.0000,8.0000,27
1462,13980.0000,247.9380,1000.0000,11.9522,14261.0186,812.5938,-0.0000,11.9522,0,0,-1,0.0000,14261.0186,812.5938,-0.0000,11.9522,28
1463,13988.0000,1000.0000,838.8034,11.9409,14359.0693,-0.0000,249.0496,11.9409,0,0,-1,0.0000,14359.0693,-0.0000,249.0496,11.9409,29
1464,13996.0000,1000.0000,956.5950,12.7513,14300.7461,443.9059,-0.0000,12.7513,0,0,-1,0.0000,14300.7461,443.9059,-0.0000,12.7513,30
1465,14008.0000,430.1981,181.9181,8.0000,14258.7930,652.9906,999.9999,8.0000,0,0,-1,0.0000,14258.7930,652.9906,999.9999,8.0000,30
1466,14019.0000,998.0140,1000.0000,14.4394,14365.4941,-0.0000,310.9781,14.4394,0,0,-1,0.0000,14365.4941,-0.0000,310.9781,14.4394,29
1467,14030.0000,1000.0000,185.4140,12.4430,14263.9443,259.6371,1000.0001,12.4430,0,0,-1,0.0000,14263.9443,259.6371,1000.0001,12.4430,28
1468,14043.0000,315.4549,0.0000,9.9900,14385.5107,999.9999,909.9517,9.9900,0,0,-1,0.0000,14385.5107,999.9999,909.9517,9.9900,26
1469,14055.0000,866.6342,1000.0000,8.9021,14275.2285,-0.0000,403.2361,8.9021,0,0,-1,0.0000,14275.2285,-0.0000,403.2361,8.9021,26
1470,14064.0000,278.4890,0.0000,8.8313,14304.9883,1000.0000,778.7213,8.8313,0,0,-1,0.0000,14304.9883,1000.0000,778.7213,8.8313,25
1471,14078.0000,341.6340,0.0000,8.1848,14306.9912,450.2742,999.9999,8.1848,0,0,-1,0.0000,14306.9912,450.2742,999.9999,8.1848,25
1472,14090.0000,988.7365,668.7340,8.0000,14346.9883,-0.0000,588.9860,8.0000,0,0,-1,0.0000,14346.9883,-0.0000,588.9860,8.0000,24
1473,14095.0000,569.9022,90.1912,15.0000,14318.3428,619.8100,999.9999,15.0000,0,0,-1,0.0000,14318.3428,619.8100,999.9999,15.0000,24
1474,14106.0000,1000.0000,112.4918,14.1381,14364.0615,-0.0000,432.8340,14.1381,0,0,-1,0.0000,14364.0615,-0.0000,432.8340,14.1381,25
1475,14112.0000,382.2959,456.4509,15.0000,14266.3037,999.9999,871.3329,15.0000,0,0,-1,0.0000,14266.3037,999.9999,871.3329,15.0000,25
1476,14118.0000,0.0000,446.1797,12.1538,14385.1025,1000.0000,294.9810,12.1538,0,0,-1,0.0000,14385.1025,1000.0000,294.9810,12.1538,26
1477,14125.0000,572.0111,0.0000,12.0172,14351.0244,464.9886,1000.0000,12.0172,0,0,-1,0.0000,14351.0244,464.9886,1000.0000,12.0172,27
1478,14134.0000,816.9282,1000.0000,8.4132,14523.3018,-0.0000,64.5138,8.4132,0,0,-1,0.0000,14523.3018,-0.0000,64.5138,8.4132,27
1479,14142.0000,1000.0000,682.8404,9.2760,14497.0029,-0.0000,253.7860,9.2760,0,0,-1,0.0000,14497.0029,-0.0000,253.7860,9.2760,28
1480,14153.0000,613.6016,0.0000,12.6961,14416.6992,153.2317,1000.0000,12.6961,0,0,-1,0.0000,14416.6992,153.2317,1000.0000,12.6961,29
1481,14163.0000,623.3435,345.2877,15.0000,14343.1123,-0.0000,882.1260,15.0000,0,0,-1,0.0000,14343.1123,-0.0000,882.1260,15.0000,30
1482,14175.0000,413.5261,20.2365,15.0000,14491.4834,294.7094,1000.0001,15.0000,0,0,-1,0.0000,14491.4834,294.7094,1000.0001,15.0000,27
1483,14183.0000,206.4749,453.1723,15.0000,14357.2402,1000.0001,710.0568,15.0000,0,0,-1,0.0000,14357.2402,1000.0001,710.0568,15.0000,28
1484,14196.0000,1000.0000,504.4566,11.4751,14436.1836,-0.0000,386.3753,11.4751,0,0,-1,0.0000,14436.1836,-0.0000,386.3753,11.4751,28
1485,14206.0000,1000.0000,221.2845,9.4038,14557.6436,-0.0000,961.4772,9.4038,0,0,-1,0.0000,14557.6436,-0.0000,961.4772,9.4038,27
1486,14211.0000,1000.0000,432.6352,13.6099,14476.1465,-0.0000,293.8485,13.6099,0,0,-1,0.0000,14476.1465,-0.0000,293.8485,13.6099,27
1487,14225.0000,0.0000,429.4578,12.6595,14518.1084,999.9999,314.7549,12.6595,0,0,-1,0.0000,14518.1084,999.9999,314.7549,12.6595,28
1488,14235.0000,766.0098,1000.0000,10.3967,14524.7080,511.7794,-0.0000,10.3967,0,0,-1,0.0000,14524.7080,511.7794,-0.0000,10.3967,29
1489,14245.0000,262.0570,929.5619,8.0000,14550.4570,1000.0001,73.2889,8.0000,0,0,-1,0.0000,14550.4570,1000.0001,73.2889,8.0000,30
1490,14250.0000,0.0000,554.6620,11.8175,14492.7480,1000.0000,238.8891,11.8175,0,0,-1,0.0000,14492.7480,1000.0000,238.8891,11.8175,31
1491,14263.0000,378.9380,0.0000,8.5387,14515.4697,913.3902,1000.0000,8.5387,0,0,-1,0.0000,14515.4697,913.3902,1000.0000,8.5387,29
1492,14277.0000,265.7155,625.8317,8.0000,14516.5137,999.9999,90.8997,8.0000,0,0,-1,0.0000,14516.5137,999.9999,90.8997,8.0000,27
1493,14291.0000,1000.0000,785.4193,8.1722,14548.8203,71.4183,-0.0000,8.1722,0,0,-1,0.0000,14548.8203,71.4183,-0.0000,8.1722,28
1494,14301.0000,792.3895,0.0000,14.1372,14645.0938,145.3737,1000.0001,14.1372,0,0,-1,0.0000,14645.0938,145.3737,1000.0001,14.1372,26
1495,14312.0000,946.2547,1000.0000,11.5723,14655.6172,20.0549,-0.0000,11.5723,0,0,-1,0.0000,14655.6172,20.0549,-0.0000,11.5723,25
1496,14318.0000,892.6671,288.2305,15.0000,14566.6895,-0.0000,996.8270,15.0000,0,0,-1,0.0000,14566.6895,-0.0000,996.8270,15.0000,26
1497,14326.0000,801.9670,1000.0000,10.1565,14593.5889,-0.0000,268.8285,10.1565,0,0,-1,0.0000,14593.5889,-0.0000,268.8285,10.1565,26
1498,14337.0000,856.5601,1000.0000,14.1257,14721.4531,-0.0000,197.6733,14.1257,0,0,-1,0.0000,14721.4531,-0.0000,197.6733,14.1257,27
1499,14345.0000,677.8129,0.0000,13.9430,14736.8135,31.6137,1000.0000,13.9430,0,0,-1,0.0000,14736.8135,31.6137,1000.0000,13.9430,27
1500,14357.0000,600.8978,220.8462,8.0000,14632.6699,163.8755,1000.0001,8.0000,0,0,-1,0.0000,14632.6699,163.8755,1000.0001,8.0000,26
1501,14367.0000,657.6558,45.6879,8.0000,14621.2471,242.2491,1000.0000,8.0000,0,0,-1,0.0000,14621.2471,242.2491,1000.0000,8.0000,23
1502,14377.0000,1000.0000,577.7079,8.0893,14377.0000,1000.0000,577.7079,8.0893,0,0,-1,0.0000,14377.0000,1000.0000,577.7079,8.0893,24
1503,14388.0000,670.3420,868.0011,8.0000,14636.7549,88.6963,-0.0000,8.0000,0,0,-1,0.0000,14636.7549,88.6963,-0.0000,8.0000,22
1504,14398.0000,264.5804,0.0000,10.8389,14620.0938,398.3261,1000.0000,10.8389,0,0,-1,0.0000,14620.0938,398.3261,1000.0000,10.8389,23
1505,14403.0000,69.8102,836.7640,8.0000,14698.0137,638.5540,-0.0000,8.0000,0,0,-1,0.0000,14698.0137,638.5540,-0.0000,8.0000,24
1506,14411.0000,0.0000,312.2786,8.0816,14671.9785,999.9999,871.9311,8.0816,0,0,-1,0.0000,14671.9785,999.9999,871.9311,8.0816,25
1507,14423.0000,205.0450,0.0000,10.9692,14689.3975,1000.0000,975.7141,10.9692,0,0,-1,0.0000,14689.3975,1000.0000,975.7141,10.9692,25
1508,14435.0000,1000.0000,50.7659,14.8005,14769.4541,-0.0000,786.4034,14.8005,0,0,-1,0.0000,14769.4541,-0.0000,786.4034,14.8005,26
1509,14446.0000,0.0000,210.6420,14.4409,14738.7617,1000.0000,901.5607,14.4409,0,0,-1,0.0000,14738.7617,1000.0000,901.5607,14.4409,26
1510,14454.0000,118.8076,94.6529,8.0000,14694.9658,514.0501,1000.0000,8.0000,0,0,-1,0.0000,14694.9658,514.0501,1000.0000,8.0000,27
1511,14460.0000,1000.0000,990.9978,9.2783,14713.7236,-0.0000,259.4799,9.2783,0,0,-1,0.0000,14713.7236,-0.0000,259.4799,9.2783,28
1512,14468.0000,100.5166,545.7702,8.0000,14744.5020,999.9999,509.6389,8.0000,0,0,-1,0.0000,14744.5020,999.9999,509.6389,8.0000,29
1513,14474.0000,1000.0000,879.0482,12.6635,14830.8369,124.9491,-0.0000,12.6635,0,0,-1,0.0000,14830.8369,124.9491,-0.0000,12.6635,30
1514,14485.0000,91.0181,0.0000,12.5537,14863.8760,771.5674,1000.0000,12.5537,0,0,-1,0.0000,14863.8760,771.5674,1000.0000,12.5537,30
1515,14491.0000,874.5955,1000.0000,11.3354,14743.4893,199.0803,-0.0000,11.3354,0,0,-1,0.0000,14743.4893,199.0803,-0.0000,11.3354,31
1516,14504.0000,390.4281,345.3390,8.0000,14704.1758,965.9755,1000.0001,8.0000,0,0,-1,0.0000,14704.1758,965.9755,1000.0001,8.0000,29
1517,14516.0000,579.4710,1000.0000,9.1255,14723.1748,432.9276,-0.0000,9.1255,0,0,-1,0.0000,14723.1748,432.9276,-0.0000,9.1255,29
1518,14522.0000,490.0403,0.0000,10.0859,14801.9316,226.0770,1000.0000,10.0859,0,0,-1,0.0000,14801.9316,226.0770,1000.0000,10.0859,28
1519,14527.0000,0.0000,991.3765,10.8166,14772.1094,999.9999,508.5778,10.8166,0,0,-1,0.0000,14772.1094,999.9999,508.5778,10.8166,27
1520,14534.0000,75.1199,501.3391,15.0000,14812.1572,999.9999,824.4017,15.0000,0,0,-1,0.0000,14812.1572,999.9999,824.4017,15.0000,28
1521,14539.0000,1000.0000,298.9957,8.4736,14815.5996,-0.0000,877.6942,8.4736,0,0,-1,0.0000,14815.5996,-0.0000,877.6942,8.4736,29
1522,14552.0000,0.0000,359.5384,13.5654,14775.7090,1000.0001,745.0915,13.5654,0,0,-1,0.0000,14775.7090,1000.0001,745.0915,13.5654,28
1523,14559.0000,967.4635,128.8726,8.0000,14841.3633,-0.0000,485.0542,8.0000,0,0,-1,0.0000,14841.3633,-0.0000,485.0542,8.0000,28
1524,14567.0000,0.0000,346.0162,14.9594,14797.1240,1000.0000,832.0970,14.9594,0,0,-1,0.0000,14797.1240,1000.0000,832.0970,14.9594,28
1525,14574.0000,41.8035,70.6222,8.0000,14844.0811,1000.0000,644.6655,8.0000,0,0,-1,0.0000,14844.0811,1000.0000,644.6655,8.0000,29
1526,14582.0000,1000.0000,532.5059,8.7222,14787.9229,-0.0000,444.6999,8.7222,0,0,-1,0.0000,14787.9229,-0.0000,444.6999,8.7222,30
1527,14596.0000,0.0000,859.3145,13.3223,14918.6016,1000.0000,447.3344,13.3223,0,0,-1,0.0000,14918.6016,1000.0000,447.3344,13.3223,30
1528,14610.0000,535.4777,0.0000,10.9582,14876.5869,155.2003,999.9999,10.9582,0,0,-1,0.0000,14876.5869,155.2003,999.9999,10.9582,31
1529,14615.0000,1000.0000,774.4367,11.7337,14897.6963,-0.0000,154.5523,11.7337,0,0,-1,0.0000,14897.6963,-0.0000,154.5523,11.7337,32
1530,14626.0000,0.0000,920.3258,14.9232,14869.5957,1000.0000,515.1849,14.9232,0,0,-1,0.0000,14869.5957,1000.0000,515.1849,14.9232,31
1531,14634.0000,0.0000,63.1865,10.9651,14913.5693,1000.0001,695.6902,10.9651,0,0,-1,0.0000,14913.5693,1000.0001,695.6902,10.9651,31
1532,14643.0000,167.8140,0.0000,8.7243,14903.1074,538.8211,1000.0000,8.7243,0,0,-1,0.0000,14903.1074,538.8211,1000.0000,8.7243,31
1533,14654.0000,435.3122,811.9327,8.0000,14839.8926,773.3102,-0.0000,8.0000,0,0,-1,0.0000,14839.8926,773.3102,-0.0000,8.0000,31
1534,14668.0000,1000.0000,449.8029,10.5135,14962.0518,-0.0000,415.5970,10.5135,0,0,-1,0.0000,14962.0518,-0.0000,415.5970,10.5135,31
1535,14680.0000,310.0112,140.9555,8.0000,14862.6904,521.0395,999.9999,8.0000,0,0,-1,0.0000,14862.6904,521.0395,999.9999,8.0000,31
1536,14687.0000,407.3420,685.6100,15.0000,14866.8691,773.3719,-0.0000,15.0000,0,0,-1,0.0000,14866.8691,773.3719,-0.0000,15.0000,32
1537,14701.0000,85.1238,274.0586,8.0000,14932.8506,999.9999,785.3322,8.0000,0,0,-1,0.0000,14932.8506,999.9999,785.3322,8.0000,30
1538,14706.0000,683.6239,1000.0000,11.5210,14935.1562,618.7538,-0.0000,11.5210,0,0,-1,0.0000,14935.1562,618.7538,-0.0000,11.5210,30
1539,14713.0000,387.7818,890.4220,15.0000,14960.5547,873.7668,-0.0000,15.0000,0,0,-1,0.0000,14960.5547,873.7668,-0.0000,15.0000,31
1540,14722.0000,629.0354,1000.0000,8.6069,15005.3887,711.7757,-0.0000,8.6069,0,0,-1,0.0000,15005.3887,711.7757,-0.0000,8.6069,30
1541,14732.0000,355.8845,92.9777,15.0000,14943.9414,420.2666,1000.0000,15.0000,0,0,-1,0.0000,14943.9414,420.2666,1000.0000,15.0000,30
1542,14744.0000,754.6204,264.8478,8.0000,15008.9004,-0.0000,983.9015,8.0000,0,0,-1,0.0000,15008.9004,-0.0000,983.9015,8.0000,28
1543,14758.0000,0.0000,290.4507,11.8098,14983.9961,1000.0000,806.5790,11.8098,0,0,-1,0.0000,14983.9961,1000.0000,806.5790,11.8098,28
1544,14769.0000,0.0000,703.1225,11.4946,15141.0742,923.3192,-0.0000,11.4946,0,0,-1,0.0000,15141.0742,923.3192,-0.0000,11.4946,29
1545,14774.0000,437.3056,186.4025,15.0000,14943.6777,414.4067,1000.0000,15.0000,0,0,-1,0.0000,14943.6777,414.4067,1000.0000,15.0000,28
1546,14780.0000,555.9474,1000.0000,11.9176,15001.8184,222.2967,-0.0000,11.9176,0,0,-1,0.0000,15001.8184,222.2967,-0.0000,11.9176,28
1547,14787.0000,651.4933,207.1454,8.0000,15025.6514,147.0033,1000.0000,8.0000,0,0,-1,0.0000,15025.6514,147.0033,1000.0000,8.0000,29
1548,14792.0000,1000.0000,473.5692,10.3482,15007.1416,-0.0000,510.4106,10.3482,0,0,-1,0.0000,15007.1416,-0.0000,510.4106,10.3482,29
1549,14798.0000,199.5017,254.8174,15.0000,15069.3623,1000.0000,683.6028,15.0000,0,0,-1,0.0000,15069.3623,1000.0000,683.6028,15.0000,29
1550,14803.0000,227.3269,0.0000,10.2490,15094.1006,410.0804,1000.0000,10.2490,0,0,-1,0.0000,15094.1006,410.0804,1000.0000,10.2490,29
1551,14817.0000,666.6688,0.0000,14.0919,15052.3779,116.7733,1000.0000,14.0919,0,0,-1,0.0000,15052.3779,116.7733,1000.0000,14.0919,28
1552,14830.0000,1000.0000,33.6729,9.2244,15162.8584,-0.0000,775.1996,9.2244,0,0,-1,0.0000,15162.8584,-0.0000,775.1996,9.2244,29
1553,14837.0000,313.8254,0.0000,10.0632,15105.5713,846.5089,1000.0001,10.0632,0,0,-1,0.0000,15105.5713,846.5089,1000.0001,10.0632,29
1554,14850.0000,441.3501,1000.0000,14.4678,15163.1270,425.4576,-0.0000,14.4678,0,0,-1,0.0000,15163.1270,425.4576,-0.0000,14.4678,27
1555,14858.0000,112.9568,87.2236,8.0000,15119.8604,999.9999,601.6490,8.0000,0,0,-1,0.0000,15119.8604,999.9999,601.6490,8.0000,28
1556,14869.0000,240.7385,0.0000,10.7013,15233.4521,929.8864,1000.0001,10.7013,0,0,-1,0.0000,15233.4521,929.8864,1000.0001,10.7013,26
1557,14882.0000,603.4592,1000.0000,12.1419,15203.4570,387.3849,-0.0000,12.1419,0,0,-1,0.0000,15203.4570,387.3849,-0.0000,12.1419,25
1558,14890.0000,977.9114,307.9969,15.0000,15215.3320,-0.0000,348.1703,15.0000,0,0,-1,0.0000,15215.3320,-0.0000,348.1703,15.0000,26
1559,14903.0000,757.7643,606.2173,15.0000,15108.7402,-0.0000,335.0742,15.0000,0,0,-1,0.0000,15108.7402,-0.0000,335.0742,15.0000,26
1560,14914.0000,841.2615,0.0000,12.1398,15150.9023,-0.0000,622.4958,12.1398,0,0,-1,0.0000,15150.9023,-0.0000,622.4958,12.1398,25
1561,14928.0000,85.5784,1000.0000,10.0636,15190.1953,632.3018,-0.0000,10.0636,0,0,-1,0.0000,15190.1953,632.3018,-0.0000,10.0636,25
1562,14939.0000,711.5389,421.7156,8.0000,15093.5908,-0.0000,537.5562,8.0000,0,0,-1,0.0000,15093.5908,-0.0000,537.5562,8.0000,24
1563,14952.0000,971.7394,1000.0000,9.5008,15204.7354,-0.0000,200.5165,9.5008,0,0,-1,0.0000,15204.7354,-0.0000,200.5165,9.5008,23
1564,14963.0000,1000.0000,124.4069,10.1141,15252.6465,-0.0000,758.3508,10.1141,0,0,-1,0.0000,15252.6465,-0.0000,758.3508,10.1141,22
1565,14976.0000,440.7048,754.7065,8.0000,15186.9248,369.3766,-0.0000,8.0000,0,0,-1,0.0000,15186.9248,369.3766,-0.0000,8.0000,23
1566,14990.0000,0.0000,756.2366,10.1125,15235.5625,840.6534,-0.0000,10.1125,0,0,-1,0.0000,15235.5625,840.6534,-0.0000,10.1125,23
1567,15000.0000,82.7743,0.0000,13.4219,15238.1738,999.9999,564.5594,13.4219,0,0,-1,0.0000,15238.1738,999.9999,564.5594,13.4219,24
1568,15013.0000,1000.0000,608.5908,14.9275,15362.4727,-0.0000,95.8742,14.9275,0,0,-1,0.0000,15362.4727,-0.0000,95.8742,14.9275,21
1569,15025.0000,0.0000,466.2419,11.1536,15347.1797,999.9999,597.0997,11.1536,0,0,-1,0.0000,15347.1797,999.9999,597.0997,11.1536,22
1570,15039.0000,366.0215,972.6472,8.0000,15237.3516,500.7103,-0.0000,8.0000,0,0,-1,0.0000,15237.3516,500.7103,-0.0000,8.0000,22
1571,15053.0000,0.0000,863.5335,12.2249,15334.8057,1000.0001,201.2625,12.2249,0,0,-1,0.0000,15334.8057,1000.0001,201.2625,12.2249,22
1572,15060.0000,1000.0000,804.6523,12.7093,15293.2207,163.7279,-0.0000,12.7093,0,0,-1,0.0000,15293.2207,163.7279,-0.0000,12.7093,23
1573,15069.0000,5.7846,308.1026,15.0000,15420.0996,944.6205,999.9999,15.0000,0,0,-1,0.0000,15420.0996,944.6205,999.9999,15.0000,24
1574,15078.0000,814.6754,0.0000,10.3691,15342.8418,44.8310,1000.0001,10.3691,0,0,-1,0.0000,15342.8418,44.8310,1000.0001,10.3691,24
1575,15089.0000,631.8145,868.2500,15.0000,15303.8047,440.1393,-0.0000,15.0000,0,0,-1,0.0000,15303.8047,440.1393,-0.0000,15.0000,25
1576,15103.0000,812.9121,243.9204,8.0000,15333.6279,264.7781,1000.0001,8.0000,0,0,-1,0.0000,15333.6279,264.7781,1000.0001,8.0000,24
1577,15117.0000,154.5302,1000.0000,14.5879,15471.4609,1000.0000,192.1107,14.5879,0,0,-1,0.0000,15471.4609,1000.0000,192.1107,14.5879,23
1578,15127.0000,1000.0000,131.2594,13.6244,15446.6885,-0.0000,957.7690,13.6244,0,0,-1,0.0000,15446.6885,-0.0000,957.7690,13.6244,23
1579,15138.0000,1000.0000,101.3708,8.3003,15525.0117,-0.0000,732.3365,8.3003,0,0,-1,0.0000,15525.0117,-0.0000,732.3365,8.3003,24
1580,15150.0000,955.2322,0.0000,14.0077,15521.4980,8.3431,1000.0001,14.0077,0,0,-1,0.0000,15521.4980,8.3431,1000.0001,14.0077,24
1581,15155.0000,672.1623,0.0000,11.9307,15384.3252,650.8623,999.9999,11.9307,0,0,-1,0.0000,15384.3252,650.8623,999.9999,11.9307,24
1582,15163.0000,639.8894,913.3050,15.0000,15393.1846,459.1411,-0.0000,15.0000,0,0,-1,0.0000,15393.1846,459.1411,-0.0000,15.0000,24
1583,15168.0000,414.6163,0.0000,10.0355,15472.5762,513.3082,999.9999,10.0355,0,0,-1,0.0000,15472.5762,513.3082,999.9999,10.0355,24
1584,15174.0000,19.9434,1000.0000,9.7723,15420.8096,461.6620,-0.0000,9.7723,0,0,-1,0.0000,15420.8096,461.6620,-0.0000,9.7723,25
1585,15182.0000,130.8083,771.2754,15.0000,15481.2402,904.9116,-0.0000,15.0000,0,0,-1,0.0000,15481.2402,904.9116,-0.0000,15.0000,26
1586,15196.0000,93.8825,186.0347,8.0000,15435.3496,1000.0000,700.7181,8.0000,0,0,-1,0.0000,15435.3496,1000.0000,700.7181,8.0000,25
1587,15208.0000,379.1597,0.0000,8.5185,15511.3350,1000.0000,982.0457,8.5185,0,0,-1,0.0000,15511.3350,1000.0000,982.0457,8.5185,24
1588,15220.0000,427.5186,721.8361,8.0000,15386.8320,681.9675,-0.0000,8.0000,0,0,-1,0.0000,15386.8320,681.9675,-0.0000,8.0000,24
1589,15232.0000,557.8701,0.0000,8.7168,15536.2832,672.8438,1000.0000,8.7168,0,0,-1,0.0000,15536.2832,672.8438,1000.0000,8.7168,25
1590,15244.0000,0.0000,741.1553,8.3798,15567.0459,1000.0000,34.7878,8.3798,0,0,-1,0.0000,15567.0459,1000.0000,34.7878,8.3798,22
1591,15254.0000,613.3428,0.0000,12.7823,15475.7471,580.3904,1000.0001,12.7823,0,0,-1,0.0000,15475.7471,580.3904,1000.0001,12.7823,22
1592,15265.0000,1000.0000,859.3566,13.3733,15620.6357,-0.0000,22.0762,13.3733,0,0,-1,0.0000,15620.6357,-0.0000,22.0762,13.3733,23
1593,15271.0000,1000.0000,710.1800,13.7481,15528.1680,-0.0000,645.4330,13.7481,0,0,-1,0.0000,15528.1680,-0.0000,645.4330,13.7481,24
1594,15282.0000,649.9717,574.2690,15.0000,15509.4785,-0.0000,257.0261,15.0000,0,0,-1,0.0000,15509.4785,-0.0000,257.0261,15.0000,25
1595,15295.0000,0.0000,811.2112,12.9391,15520.7207,650.7740,-0.0000,12.9391,0,0,-1,0.0000,15520.7207,650.7740,-0.0000,12.9391,25
1596,15300.0000,713.2084,186.1327,8.0000,15594.0459,11.0097,999.9999,8.0000,0,0,-1,0.0000,15594.0459,11.0097,999.9999,8.0000,26
1597,15307.0000,0.0000,992.2494,12.4176,15683.4648,922.6664,-0.0000,12.4176,0,0,-1,0.0000,15683.4648,922.6664,-0.0000,12.4176,26
1598,15314.0000,0.0000,683.2831,10.1192,15533.9453,1000.0000,371.1439,10.1192,0,0,-1,0.0000,15533.9453,1000.0000,371.1439,10.1192,27
1599,15323.0000,115.9162,0.0000,9.6154,15570.5342,1000.0000,649.0635,9.6154,0,0,-1,0.0000,15570.5342,1000.0000,649.0635,9.6154,28
1600,15336.0000,0.0000,471.3419,14.0124,15598.6660,1000.0000,709.0446,14.0124,0,0,-1,0.0000,15598.6660,1000.0000,709.0446,14.0124,27
1601,15346.0000,1000.0000,579.7029,14.8216,15576.4863,-0.0000,165.1792,14.8216,0,0,-1,0.0000,15576.4863,-0.0000,165.1792,14.8216,27
1602,15355.0000,1000.0000,462.6881,13.3038,15654.6064,-0.0000,870.4092,13.3038,0,0,-1,0.0000,15654.6064,-0.0000,870.4092,13.3038,27
1603,15368.0000,1000.0000,791.2318,11.4332,15658.3184,-0.0000,478.1662,11.4332,0,0,-1,0.0000,15658.3184,-0.0000,478.1662,11.4332,27
1604,15377.0000,732.4890,1000.0000,12.9260,15587.6123,496.9286,-0.0000,12.9260,0,0,-1,0.0000,15587.6123,496.9286,-0.0000,12.9260,28
1605,15387.0000,1000.0000,99.8959,13.0631,15716.5322,-0.0000,906.1292,13.0631,0,0,-1,0.0000,15716.5322,-0.0000,906.1292,13.0631,27
1606,15401.0000,783.1399,0.0000,10.7377,15722.3926,342.9143,1000.0000,10.7377,0,0,-1,0.0000,15722.3926,342.9143,1000.0000,10.7377,27
1607,15414.0000,0.0000,8.2589,8.0693,15708.0557,969.0877,1000.0001,8.0693,0,0,-1,0.0000,15708.0557,969.0877,1000.0001,8.0693,28
1608,15425.0000,949.0702,0.0000,14.8214,15719.5635,355.2117,1000.0001,14.8214,0,0,-1,0.0000,15719.5635,355.2117,1000.0001,14.8214,27
1609,15438.0000,936.5992,0.0000,8.6754,15734.2422,21.2100,1000.0000,8.6754,0,0,-1,0.0000,15734.2422,21.2100,1000.0000,8.6754,27
1610,15450.0000,471.6611,189.5036,15.0000,15638.6035,366.1722,1000.0001,15.0000,0,0,-1,0.0000,15638.6035,366.1722,1000.0001,15.0000,27
1611,15461.0000,734.5640,1000.0000,11.1487,15739.3262,565.4099,-0.0000,11.1487,0,0,-1,0.0000,15739.3262,565.4099,-0.0000,11.1487,28
1612,15474.0000,1000.0000,884.4845,13.3135,15768.7051,-0.0000,241.0716,13.3135,0,0,-1,0.0000,15768.7051,-0.0000,241.0716,13.3135,27
1613,15483.0000,1000.0000,990.5007,13.7878,15741.8477,-0.0000,488.0793,13.7878,0,0,-1,0.0000,15741.8477,-0.0000,488.0793,13.7878,26
1614,15493.0000,224.0131,1000.0000,9.2384,15832.5586,1000.0000,238.6389,9.2384,0,0,-1,0.0000,15832.5586,1000.0000,238.6389,9.2384,27
1615,15504.0000,1000.0000,18.4505,10.1213,15849.6104,348.1350,1000.0000,10.1213,0,0,-1,0.0000,15849.6104,348.1350,1000.0000,10.1213,28
1616,15509.0000,141.2028,1000.0000,11.9129,15788.7598,693.5450,-0.0000,11.9129,0,0,-1,0.0000,15788.7598,693.5450,-0.0000,11.9129,29
1617,15520.0000,1000.0000,824.4514,12.4792,15886.6260,-0.0000,8.5740,12.4792,0,0,-1,0.0000,15886.6260,-0.0000,8.5740,12.4792,28
1618,15534.0000,420.2130,1000.0000,13.9490,15772.6016,447.3073,-0.0000,13.9490,0,0,-1,0.0000,15772.6016,447.3073,-0.0000,13.9490,24
1619,15543.0000,427.5974,1000.0000,11.1165,15782.2314,893.6155,-0.0000,11.1165,0,0,-1,0.0000,15782.2314,893.6155,-0.0000,11.1165,24
1620,15549.0000,49.9924,1000.0000,13.9121,15894.2354,1000.0001,414.5537,13.9121,0,0,-1,0.0000,15894.2354,1000.0001,414.5537,13.9121,25
1621,15562.0000,1000.0000,903.3472,12.5868,15915.2607,-0.0000,170.2934,12.5868,0,0,-1,0.0000,15915.2607,-0.0000,170.2934,12.5868,26
1622,15571.0000,573.4568,59.0920,15.0000,15828.3594,687.3472,1000.0000,15.0000,0,0,-1,0.0000,15828.3594,687.3472,1000.0000,15.0000,25
1623,15582.0000,1000.0000,714.6793,13.8031,15918.9814,-0.0000,559.5308,13.8031,0,0,-1,0.0000,15918.9814,-0.0000,559.5308,13.8031,25
1624,15594.0000,291.3376,682.3184,15.0000,15794.3096,1000.0000,280.9334,15.0000,0,0,-1,0.0000,15794.3096,1000.0000,280.9334,15.0000,25
1625,15601.0000,342.4445,333.6770,15.0000,15775.3604,1000.0001,743.8235,15.0000,0,0,-1,0.0000,15775.3604,1000.0001,743.8235,15.0000,24
1626,15609.0000,506.4485,722.2949,8.0000,15795.8945,522.0518,-0.0000,8.0000,0,0,-1,0.0000,15795.8945,522.0518,-0.0000,8.0000,25
1627,15619.0000,1000.0000,706.6499,13.4264,15853.1553,-0.0000,175.2988,13.4264,0,0,-1,0.0000,15853.1553,-0.0000,175.2988,13.4264,26
1628,15633.0000,200.5694,186.7340,15.0000,15855.4277,1000.0000,824.8478,15.0000,0,0,-1,0.0000,15855.4277,1000.0000,824.8478,15.0000,26
1629,15640.0000,81.7203,506.4702,8.0000,15863.3428,1000.0001,537.7599,8.0000,0,0,-1,0.0000,15863.3428,1000.0001,537.7599,8.0000,26
1630,15647.0000,977.8741,1000.0000,13.2954,15992.4590,-0.0000,54.2509,13.2954,0,0,-1,0.0000,15992.4590,-0.0000,54.2509,13.2954,27
1631,15661.0000,991.7248,0.0000,13.1854,15947.6836,-0.0000,501.9995,13.1854,0,0,-1,0.0000,15947.6836,-0.0000,501.9995,13.1854,26
1632,15669.0000,348.7364,476.5943,15.0000,15849.2041,999.9999,612.2452,15.0000,0,0,-1,0.0000,15849.2041,999.9999,612.2452,15.0000,27
1633,15676.0000,871.6161,0.0000,8.1658,15977.4277,-0.0000,758.4164,8.1658,0,0,-1,0.0000,15977.4277,-0.0000,758.4164,8.1658,28
1634,15686.0000,318.5829,473.4088,15.0000,15910.4053,999.9999,522.1835,15.0000,0,0,-1,0.0000,15910.4053,999.9999,522.1835,15.0000,28
1635,15694.0000,1000.0000,201.4828,14.8425,15945.0762,-0.0000,553.1112,14.8425,0,0,-1,0.0000,15945.0762,-0.0000,553.1112,14.8425,29
1636,15702.0000,934.8239,38.1821,8.0000,15971.0020,-0.0000,943.5480,8.0000,0,0,-1,0.0000,15971.0020,-0.0000,943.5480,8.0000,30
1637,15716.0000,608.5429,1000.0000,10.1531,15962.0049,253.0602,-0.0000,10.1531,0,0,-1,0.0000,15962.0049,253.0602,-0.0000,10.1531,30
1638,15724.0000,0.0000,308.5878,14.2479,16006.5889,999.9999,362.9128,14.2479,0,0,-1,0.0000,16006.5889,999.9999,362.9128,14.2479,28
1639,15733.0000,646.6482,861.7746,8.0000,16071.2832,-0.0000,64.5523,8.0000,0,0,-1,0.0000,16071.2832,-0.0000,64.5523,8.0000,29
1640,15742.0000,249.5102,0.0000,13.0639,15946.8779,388.8690,1000.0000,13.0639,0,0,-1,0.0000,15946.8779,388.8690,1000.0000,13.0639,27
1641,15755.0000,969.5591,0.0000,10.0268,16038.7773,-0.0000,699.3260,10.0268,0,0,-1,0.0000,16038.7773,-0.0000,699.3260,10.0268,28
1642,15762.0000,249.4865,1000.0000,12.8565,16012.7500,1000.0000,101.7414,12.8565,0,0,-1,0.0000,16012.7500,1000.0000,101.7414,12.8565,29
1643,15776.0000,994.4579,266.1933,15.0000,16007.2852,180.3925,1000.0000,15.0000,0,0,-1,0.0000,16007.2852,180.3925,1000.0000,15.0000,27
1644,15783.0000,1000.0000,17.8585,9.9824,16145.8340,-0.0000,644.5691,9.9824,0,0,-1,0.0000,16145.8340,-0.0000,644.5691,9.9824,27
1645,15794.0000,355.7550,1000.0000,13.8929,16126.5039,384.0041,-0.0000,13.8929,0,0,-1,0.0000,16126.5039,384.0041,-0.0000,13.8929,27
1646,15800.0000,443.0484,72.2637,8.0000,16011.2461,684.3304,1000.0000,8.0000,0,0,-1,0.0000,16011.2461,684.3304,1000.0000,8.0000,26
1647,15806.0000,158.3515,294.1191,15.0000,16021.5508,1000.0000,830.9587,15.0000,0,0,-1,0.0000,16021.5508,1000.0000,830.9587,15.0000,27
1648,15820.0000,1000.0000,465.2735,10.9927,16041.9893,-0.0000,556.7026,10.9927,0,0,-1,0.0000,16041.9893,-0.0000,556.7026,10.9927,28
1649,15828.0000,307.7636,1000.0000,8.8928,16075.1992,1000.0001,37.0052,8.8928,0,0,-1,0.0000,16075.1992,1000.0001,37.0052,8.8928,29
1650,15834.0000,532.6001,757.3130,8.0000,16004.1436,472.7592,-0.0000,8.0000,0,0,-1,0.0000,16004.1436,472.7592,-0.0000,8.0000,28
1651,15839.0000,0.0000,608.6544,12.2312,16080.0430,999.9999,688.6640,12.2312,0,0,-1,0.0000,16080.0430,999.9999,688.6640,12.2312,29
1652,15848.0000,913.4331,519.6934,8.0000,16113.2109,-0.0000,482.8618,8.0000,0,0,-1,0.0000,16113.2109,-0.0000,482.8618,8.0000,30
1653,15861.0000,636.9492,0.0000,14.9669,16243.8848,-0.0000,979.3265,14.9669,0,0,-1,0.0000,16243.8848,-0.0000,979.3265,14.9669,27
1654,15871.0000,492.3191,0.0000,8.3192,16167.5459,813.7862,1000.0001,8.3192,0,0,-1,0.0000,16167.5459,813.7862,1000.0001,8.3192,27
1655,15880.0000,1000.0000,358.5930,12.9834,16108.8916,-0.0000,550.3350,12.9834,0,0,-1,0.0000,16108.8916,-0.0000,550.3350,12.9834,28
1656,15886.0000,976.2383,1000.0000,11.9882,16150.4111,219.8174,-0.0000,11.9882,0,0,-1,0.0000,16150.4111,219.8174,-0.0000,11.9882,29
1657,15894.0000,716.9482,1000.0000,14.1319,16114.5596,564.9099,-0.0000,14.1319,0,0,-1,0.0000,16114.5596,564.9099,-0.0000,14.1319,29
1658,15906.0000,262.4244,157.4820,8.0000,16150.5293,1000.0000,951.4913,8.0000,0,0,-1,0.0000,16150.5293,1000.0000,951.4913,8.0000,29
1659,15920.0000,202.9755,414.5271,8.0000,16096.0674,1000.0000,565.1489,8.0000,0,0,-1,0.0000,16096.0674,1000.0000,565.1489,8.0000,27
1660,15926.0000,357.3670,0.0000,14.1569,16138.5605,566.9702,999.9999,14.1569,0,0,-1,0.0000,16138.5605,566.9702,999.9999,14.1569,28
1661,15933.0000,892.0466,632.0807,15.0000,16280.7793,37.6524,-0.0000,15.0000,0,0,-1,0.0000,16280.7793,37.6524,-0.0000,15.0000,29
1662,15947.0000,855.4754,0.0000,11.8284,16263.8867,471.5364,999.9999,11.8284,0,0,-1,0.0000,16263.8867,471.5364,999.9999,11.8284,28
1663,15954.0000,70.7843,129.3748,8.0000,16200.9580,1000.0000,936.2542,8.0000,0,0,-1,0.0000,16200.9580,1000.0000,936.2542,8.0000,28
1664,15960.0000,0.0000,819.4262,12.5563,16194.9922,673.5983,-0.0000,12.5563,0,0,-1,0.0000,16194.9922,673.5983,-0.0000,12.5563,29
1665,15974.0000,1000.0000,0.5535,14.2834,16226.8242,267.9803,1000.0000,14.2834,0,0,-1,0.0000,16226.8242,267.9803,1000.0000,14.2834,28
1666,15986.0000,359.9786,811.4997,8.0000,16269.7256,1000.0000,18.3467,8.0000,0,0,-1,0.0000,16269.7256,1000.0000,18.3467,8.0000,28
1667,15995.0000,55.4318,1000.0000,11.7177,16295.4004,1000.0000,154.8992,11.7177,0,0,-1,0.0000,16295.4004,1000.0000,154.8992,11.7177,28
1668,16002.0000,373.4961,1000.0000,11.3682,16321.3252,364.0872,-0.0000,11.3682,0,0,-1,0.0000,16321.3252,364.0872,-0.0000,11.3682,29
1669,16009.0000,945.2073,0.0000,10.6416,16303.5840,-0.0000,672.5312,10.6416,0,0,-1,0.0000,16303.5840,-0.0000,672.5312,10.6416,27
1670,16023.0000,497.2265,556.9376,15.0000,16166.4912,551.6848,-0.0000,15.0000,0,0,-1,0.0000,16166.4912,551.6848,-0.0000,15.0000,25
1671,16034.0000,505.9773,1000.0000,11.4939,16267.0029,491.8309,-0.0000,11.4939,0,0,-1,0.0000,16267.0029,491.8309,-0.0000,11.4939,26
1672,16044.0000,2.3991,946.3311,8.0000,16367.2930,1000.0000,126.3174,8.0000,0,0,-1,0.0000,16367.2930,1000.0000,126.3174,8.0000,25
1673,16056.0000,414.8872,931.5888,15.0000,16280.0781,353.8857,-0.0000,15.0000,0,0,-1,0.0000,16280.0781,353.8857,-0.0000,15.0000,26
1674,16067.0000,798.5765,0.0000,9.9506,16362.8496,18.3637,1000.0000,9.9506,0,0,-1,0.0000,16362.8496,18.3637,1000.0000,9.9506,27
1675,16073.0000,0.0000,77.8298,13.5230,16367.6826,834.8652,999.9999,13.5230,0,0,-1,0.0000,16367.6826,834.8652,999.9999,13.5230,27
1676,16081.0000,685.3390,1000.0000,8.6557,16345.3076,659.1581,-0.0000,8.6557,0,0,-1,0.0000,16345.3076,659.1581,-0.0000,8.6557,26
1677,16094.0000,571.4667,0.0000,14.9295,16339.3740,392.6620,1000.0000,14.9295,0,0,-1,0.0000,16339.3740,392.6620,1000.0000,14.9295,27
1678,16107.0000,965.1219,860.7968,8.0000,16404.5078,-0.0000,108.3363,8.0000,0,0,-1,0.0000,16404.5078,-0.0000,108.3363,8.0000,27
1679,16116.0000,892.4420,438.9235,8.0000,16388.3359,-0.0000,384.1405,8.0000,0,0,-1,0.0000,16388.3359,-0.0000,384.1405,8.0000,25
1680,16129.0000,261.2604,688.7081,15.0000,16387.9863,1000.0000,117.7888,15.0000,0,0,-1,0.0000,16387.9863,1000.0000,117.7888,15.0000,25
1681,16139.0000,1000.0000,137.3063,9.7431,16451.0488,-0.0000,659.3839,9.7431,0,0,-1,0.0000,16451.0488,-0.0000,659.3839,9.7431,25
1682,16144.0000,607.1778,311.1519,15.0000,16304.0791,466.9694,1000.0000,15.0000,0,0,-1,0.0000,16304.0791,466.9694,1000.0000,15.0000,26
1683,16151.0000,1000.0000,81.9780,12.1916,16429.9648,-0.0000,658.4731,12.1916,0,0,-1,0.0000,16429.9648,-0.0000,658.4731,12.1916,24
1684,16162.0000,0.0000,2.0618,8.9540,16468.9023,926.0621,1000.0000,8.9540,0,0,-1,0.0000,16468.9023,926.0621,1000.0000,8.9540,25
1685,16168.0000,122.1286,485.2896,8.0000,16427.0156,1000.0001,647.4498,8.0000,0,0,-1,0.0000,16427.0156,1000.0001,647.4498,8.0000,24
1686,16174.0000,1000.0000,681.7477,11.4614,16464.9941,-0.0000,10.6291,11.4614,0,0,-1,0.0000,16464.9941,-0.0000,10.6291,11.4614,25
1687,16179.0000,0.0000,156.8180,9.7499,16435.5117,692.0033,1000.0001,9.7499,0,0,-1,0.0000,16435.5117,692.0033,1000.0001,9.7499,26
1688,16185.0000,794.9709,200.7838,15.0000,16491.9902,-0.0000,912.1319,15.0000,0,0,-1,0.0000,16491.9902,-0.0000,912.1319,15.0000,27
1689,16194.0000,0.0000,872.8140,14.9172,16528.1934,1000.0000,302.4512,14.9172,0,0,-1,0.0000,16528.1934,1000.0000,302.4512,14.9172,28
1690,16203.0000,416.8796,968.0313,8.0000,16501.6914,888.8891,-0.0000,8.0000,0,0,-1,0.0000,16501.6914,888.8891,-0.0000,8.0000,27
1691,16208.0000,466.5895,0.0000,13.7436,16531.9961,765.1312,1000.0001,13.7436,0,0,-1,0.0000,16531.9961,765.1312,1000.0001,13.7436,28
1692,16214.0000,522.2696,276.6951,8.0000,16445.0625,592.7424,1000.0000,8.0000,0,0,-1,0.0000,16445.0625,592.7424,1000.0000,8.0000,29
1693,16224.0000,175.0646,632.6544,8.0000,16408.0293,1000.0001,447.2549,8.0000,0,0,-1,0.0000,16408.0293,1000.0001,447.2549,8.0000,30
1694,16230.0000,121.3657,1000.0000,8.5005,16537.0918,1000.0000,424.5514,8.5005,0,0,-1,0.0000,16537.0918,1000.0000,424.5514,8.5005,30
1695,16243.0000,500.1402,1000.0000,14.6002,16493.0371,822.9103,-0.0000,14.6002,0,0,-1,0.0000,16493.0371,822.9103,-0.0000,14.6002,31
1696,16252.0000,928.0694,0.0000,9.7993,16574.8262,-0.0000,856.8025,9.7993,0,0,-1,0.0000,16574.8262,-0.0000,856.8025,9.7993,31
1697,16261.0000,276.8679,396.8730,15.0000,16472.3750,995.8306,1000.0001,15.0000,0,0,-1,0.0000,16472.3750,995.8306,1000.0001,15.0000,32
1698,16275.0000,196.0625,51.7482,15.0000,16617.3594,1000.0000,852.3608,15.0000,0,0,-1,0.0000,16617.3594,1000.0000,852.3608,15.0000,30
1699,16285.0000,603.3698,0.0000,11.3381,16594.9883,557.1964,999.9999,11.3381,0,0,-1,0.0000,16594.9883,557.1964,999.9999,11.3381,29
1700,16298.0000,1000.0000,375.8539,11.3030,16520.2734,-0.0000,592.8895,11.3030,0,0,-1,0.0000,16520.2734,-0.0000,592.8895,11.3030,29
1701,16306.0000,1000.0000,246.9093,11.0976,16570.0039,-0.0000,827.8497,11.0976,0,0,-1,0.0000,16570.0039,-0.0000,827.8497,11.0976,28
1702,16317.0000,135.2518,246.7270,8.0000,16666.0742,1000.0000,989.9026,8.0000,0,0,-1,0.0000,16666.0742,1000.0000,989.9026,8.0000,29
1703,16326.0000,454.8943,832.1182,15.0000,16602.3145,580.5044,-0.0000,15.0000,0,0,-1,0.0000,16602.3145,580.5044,-0.0000,15.0000,29
1704,16334.0000,1000.0000,771.2910,9.7189,16708.6367,-0.0000,68.1005,9.7189,0,0,-1,0.0000,16708.6367,-0.0000,68.1005,9.7189,30
1705,16345.0000,419.5376,0.0000,12.2385,16717.4355,945.4050,999.9999,12.2385,0,0,-1,0.0000,16717.4355,945.4050,999.9999,12.2385,30
1706,16350.0000,1000.0000,97.6016,12.4818,16739.5273,101.8902,1000.0000,12.4818,0,0,-1,0.0000,16739.5273,101.8902,1000.0000,12.4818,30
1707,16358.0000,367.2465,1000.0000,14.9449,16647.0410,858.5827,-0.0000,14.9449,0,0,-1,0.0000,16647.0410,858.5827,-0.0000,14.9449,31
1708,16365.0000,789.3907,1000.0000,13.0275,16733.4941,279.2328,-0.0000,13.0275,0,0,-1,0.0000,16733.4941,279.2328,-0.0000,13.0275,31
1709,16374.0000,487.6478,595.8393,15.0000,16502.2246,400.1153,-0.0000,15.0000,0,0,-1,0.0000,16502.2246,400.1153,-0.0000,15.0000,30
1710,16381.0000,882.2997,507.8134,8.0000,16590.9980,-0.0000,500.0531,8.0000,0,0,-1,0.0000,16590.9980,-0.0000,500.0531,8.0000,31
1711,16390.0000,106.3523,514.3230,8.0000,16653.5977,1000.0000,653.1066,8.0000,0,0,-1,0.0000,16653.5977,1000.0000,653.1066,8.0000,30
1712,16398.0000,220.4070,303.3309,8.0000,16655.6191,1000.0001,609.4371,8.0000,0,0,-1,0.0000,16655.6191,1000.0001,609.4371,8.0000,31
1713,16403.0000,189.7117,982.0728,15.0000,16704.6855,642.1437,-0.0000,15.0000,0,0,-1,0.0000,16704.6855,642.1437,-0.0000,15.0000,32
1714,16412.0000,1000.0000,542.0549,11.3185,16691.9805,-0.0000,176.0704,11.3185,0,0,-1,0.0000,16691.9805,-0.0000,176.0704,11.3185,31
1715,16421.0000,934.3816,187.3636,8.0000,16651.9688,-0.0000,740.4429,8.0000,0,0,-1,0.0000,16651.9688,-0.0000,740.4429,8.0000,32
1716,16434.0000,618.4582,894.8411,15.0000,16637.7129,373.1101,-0.0000,15.0000,0,0,-1,0.0000,16637.7129,373.1101,-0.0000,15.0000,31
1717,16439.0000,0.0000,313.0410,10.8329,16745.5957,866.7173,1000.0000,10.8329,0,0,-1,0.0000,16745.5957,866.7173,1000.0000,10.8329,31
1718,16445.0000,197.7222,0.0000,10.0029,16669.3711,696.9147,1000.0000,10.0029,0,0,-1,0.0000,16669.3711,696.9147,1000.0000,10.0029,32
1719,16451.0000,1000.0000,66.9262,9.9987,16735.3672,-0.0000,713.3185,9.9987,0,0,-1,0.0000,16735.3672,-0.0000,713.3185,9.9987,32
1720,16457.0000,807.9146,1000.0000,10.2044,16797.5098,469.5576,-0.0000,10.2044,0,0,-1,0.0000,16797.5098,469.5576,-0.0000,10.2044,32
1721,16462.0000,659.2833,433.1752,15.0000,16601.8242,-0.0000,490.8036,15.0000,0,0,-1,0.0000,16601.8242,-0.0000,490.8036,15.0000,33
1722,16470.0000,689.5701,595.9239,15.0000,16620.7617,-0.0000,408.6146,15.0000,0,0,-1,0.0000,16620.7617,-0.0000,408.6146,15.0000,32
1723,16475.0000,1000.0000,852.0815,12.0411,16789.2266,-0.0000,230.1883,12.0411,0,0,-1,0.0000,16789.2266,-0.0000,230.1883,12.0411,32
1724,16481.0000,1000.0000,981.9031,11.0589,16809.0859,-0.0000,118.8875,11.0589,0,0,-1,0.0000,16809.0859,-0.0000,118.8875,11.0589,33
1725,16494.0000,277.5304,1000.0000,14.9887,16789.4961,580.3561,-0.0000,14.9887,0,0,-1,0.0000,16789.4961,580.3561,-0.0000,14.9887,32
1726,16505.0000,528.5794,608.7299,15.0000,16648.8887,152.8453,-0.0000,15.0000,0,0,-1,0.0000,16648.8887,152.8453,-0.0000,15.0000,31
1727,16511.0000,211.6592,832.4904,8.0000,16713.7695,1000.0000,305.1478,8.0000,0,0,-1,0.0000,16713.7695,1000.0000,305.1478,8.0000,32
1728,16522.0000,563.6150,188.8546,15.0000,16710.1465,162.3836,1000.0000,15.0000,0,0,-1,0.0000,16710.1465,162.3836,1000.0000,15.0000,32
1729,16531.0000,100.2430,962.0957,15.0000,16833.3809,971.6375,-0.0000,15.0000,0,0,-1,0.0000,16833.3809,971.6375,-0.0000,15.0000,32
1730,16545.0000,681.7502,757.5969,15.0000,16763.5723,70.6373,-0.0000,15.0000,0,0,-1,0.0000,16763.5723,70.6373,-0.0000,15.0000,31
1731,16554.0000,0.0000,393.3287,8.4224,16789.6406,999.9999,835.5145,8.4224,0,0,-1,0.0000,16789.6406,999.9999,835.5145,8.4224,32
1732,16563.0000,0.0000,669.7153,13.1891,16858.0781,1000.0001,482.6255,13.1891,0,0,-1,0.0000,16858.0781,1000.0001,482.6255,13.1891,33
1733,16575.0000,1000.0000,762.2589,10.5338,16840.0352,-0.0000,616.0682,10.5338,0,0,-1,0.0000,16840.0352,-0.0000,616.0682,10.5338,32
1734,16587.0000,826.6475,77.7642,8.0000,16822.3652,-0.0000,679.7292,8.0000,0,0,-1,0.0000,16822.3652,-0.0000,679.7292,8.0000,33
1735,16593.0000,0.0000,197.9554,12.2418,16846.4199,746.6245,999.9999,12.2418,0,0,-1,0.0000,16846.4199,746.6245,999.9999,12.2418,33
1736,16601.0000,597.7568,0.0000,14.0141,16914.7012,29.7273,1000.0000,14.0141,0,0,-1,0.0000,16914.7012,29.7273,1000.0000,14.0141,33
1737,16608.0000,231.2333,0.0000,12.9669,16957.1758,992.2152,1000.0000,12.9669,0,0,-1,0.0000,16957.1758,992.2152,1000.0000,12.9669,32
1738,16620.0000,455.1350,716.3443,8.0000,16858.5527,856.7350,-0.0000,8.0000,0,0,-1,0.0000,16858.5527,856.7350,-0.0000,8.0000,32
1739,16633.0000,1000.0000,939.8911,9.5762,16914.2559,170.3567,-0.0000,9.5762,0,0,-1,0.0000,16914.2559,170.3567,-0.0000,9.5762,32
1740,16639.0000,346.4494,907.0507,8.0000,16963.8262,825.5289,-0.0000,8.0000,0,0,-1,0.0000,16963.8262,825.5289,-0.0000,8.0000,32
1741,16648.0000,0.0000,228.0323,11.5786,16940.0488,729.8187,1000.0000,11.5786,0,0,-1,0.0000,16940.0488,729.8187,1000.0000,11.5786,32
1742,16654.0000,702.7106,1000.0000,14.0002,16981.3066,70.1137,-0.0000,14.0002,0,0,-1,0.0000,16981.3066,70.1137,-0.0000,14.0002,30
1743,16666.0000,904.5448,0.0000,11.2010,17044.1953,124.0701,1000.0000,11.2010,0,0,-1,0.0000,17044.1953,124.0701,1000.0000,11.2010,30
1744,16677.0000,0.0000,436.7863,12.0829,16894.5098,1000.0001,472.6859,12.0829,0,0,-1,0.0000,16894.5098,1000.0001,472.6859,12.0829,29
1745,16690.0000,0.0000,226.8786,13.3353,17030.6348,934.9014,1000.0000,13.3353,0,0,-1,0.0000,17030.6348,934.9014,1000.0000,13.3353,30
1746,16699.0000,356.8932,905.5294,8.0000,16913.8086,648.3876,-0.0000,8.0000,0,0,-1,0.0000,16913.8086,648.3876,-0.0000,8.0000,30
1747,16705.0000,0.0000,317.7062,9.5751,17053.5547,1000.0000,736.9456,9.5751,0,0,-1,0.0000,17053.5547,1000.0000,736.9456,9.5751,30
1748,16713.0000,0.0000,320.6713,14.3417,17003.9707,1000.0000,898.9334,14.3417,0,0,-1,0.0000,17003.9707,1000.0000,898.9334,14.3417,29
1749,16723.0000,553.7827,1000.0000,13.4934,16968.7891,561.5954,-0.0000,13.4934,0,0,-1,0.0000,16968.7891,561.5954,-0.0000,13.4934,28
1750,16732.0000,0.0000,628.6791,13.7316,16934.4629,1000.0000,672.1772,13.7316,0,0,-1,0.0000,16934.4629,1000.0000,672.1772,13.7316,29
1751,16742.0000,1000.0000,788.9545,12.4507,17009.5547,262.6789,-0.0000,12.4507,0,0,-1,0.0000,17009.5547,262.6789,-0.0000,12.4507,27
1752,16754.0000,310.7698,1000.0000,12.6361,16995.4883,1000.0000,15.6095,12.6361,0,0,-1,0.0000,16995.4883,1000.0000,15.6095,12.6361,27
1753,16760.0000,716.3111,943.8449,8.0000,17017.6973,601.5237,-0.0000,8.0000,0,0,-1,0.0000,17017.6973,601.5237,-0.0000,8.0000,28
1754,16768.0000,304.1646,566.7586,8.0000,17011.1504,1000.0000,279.9962,8.0000,0,0,-1,0.0000,17011.1504,1000.0000,279.9962,8.0000,28
1755,16775.0000,967.4586,15.8181,15.0000,17055.5840,-0.0000,779.4007,15.0000,0,0,-1,0.0000,17055.5840,-0.0000,779.4007,15.0000,29
1756,16781.0000,190.8168,570.9431,8.0000,16983.3945,1000.0000,543.9916,8.0000,0,0,-1,0.0000,16983.3945,1000.0000,543.9916,8.0000,30
1757,16787.0000,568.7868,0.0000,8.6513,16997.6855,402.8077,1000.0000,8.6513,0,0,-1,0.0000,16997.6855,402.8077,1000.0000,8.6513,31
1758,16796.0000,1000.0000,451.6461,13.9352,17013.1816,-0.0000,238.8112,13.9352,0,0,-1,0.0000,17013.1816,-0.0000,238.8112,13.9352,29
1759,16806.0000,282.2699,1000.0000,11.4064,17124.2988,1000.0000,167.6034,11.4064,0,0,-1,0.0000,17124.2988,1000.0000,167.6034,11.4064,29
1760,16819.0000,203.2019,648.0157,8.0000,16992.8164,1000.0001,491.6582,8.0000,0,0,-1,0.0000,16992.8164,1000.0001,491.6582,8.0000,29
1761,16825.0000,0.0000,599.8650,9.7126,17090.0332,999.9999,297.3832,9.7126,0,0,-1,0.0000,17090.0332,999.9999,297.3832,9.7126,29
1762,16832.0000,0.0000,26.0225,10.0974,17160.1230,728.8384,1000.0000,10.0974,0,0,-1,0.0000,17160.1230,728.8384,1000.0000,10.0974,30
1763,16838.0000,679.2986,0.0000,11.3978,17101.8398,659.4216,999.9999,11.3978,0,0,-1,0.0000,17101.8398,659.4216,999.9999,11.3978,30
1764,16847.0000,945.7597,0.0000,9.4601,17177.2617,-0.0000,757.1457,9.4601,0,0,-1,0.0000,17177.2617,-0.0000,757.1457,9.4601,29
1765,16854.0000,373.4940,0.0000,10.6012,17153.7832,854.0677,1000.0000,10.6012,0,0,-1,0.0000,17153.7832,854.0677,1000.0000,10.6012,30
1766,16865.0000,1000.0000,133.6814,14.1221,17210.7285,300.8147,1000.0000,14.1221,0,0,-1,0.0000,17210.7285,300.8147,1000.0000,14.1221,29
1767,16872.0000,1000.0000,124.0824,13.4356,17174.0430,379.1494,1000.0000,13.4356,0,0,-1,0.0000,17174.0430,379.1494,1000.0000,13.4356,30
1768,16882.0000,0.0000,128.0820,9.9718,17197.1816,1000.0000,649.6870,9.9718,0,0,-1,0.0000,17197.1816,1000.0000,649.6870,9.9718,31
1769,16890.0000,1000.0000,455.2617,12.0776,17126.9512,-0.0000,362.6056,12.0776,0,0,-1,0.0000,17126.9512,-0.0000,362.6056,12.0776,32
1770,16900.0000,952.5800,481.7355,15.0000,17125.2930,-0.0000,207.6368,15.0000,0,0,-1,0.0000,17125.2930,-0.0000,207.6368,15.0000,32
1771,16908.0000,517.4089,1000.0000,11.1777,17201.1328,786.4559,-0.0000,11.1777,0,0,-1,0.0000,17201.1328,786.4559,-0.0000,11.1777,33
1772,16919.0000,0.0000,715.7094,8.0555,17135.9238,999.9999,323.0295,8.0555,0,0,-1,0.0000,17135.9238,999.9999,323.0295,8.0555,31
1773,16932.0000,573.4102,46.2820,15.0000,17181.2246,46.1042,1000.0001,15.0000,0,0,-1,0.0000,17181.2246,46.1042,1000.0001,15.0000,32
1774,16938.0000,398.8852,849.0816,15.0000,17140.7598,878.4264,-0.0000,15.0000,0,0,-1,0.0000,17140.7598,878.4264,-0.0000,15.0000,32
1775,16952.0000,98.1959,0.0000,13.1152,17294.4258,924.8687,1000.0000,13.1152,0,0,-1,0.0000,17294.4258,924.8687,1000.0000,13.1152,32
1776,16965.0000,576.2108,1000.0000,14.2723,17239.1309,613.1746,-0.0000,14.2723,0,0,-1,0.0000,17239.1309,613.1746,-0.0000,14.2723,31
1777,16970.0000,0.0000,358.3291,14.5560,17218.7344,1000.0000,552.6761,14.5560,0,0,-1,0.0000,17218.7344,1000.0000,552.6761,14.5560,31
1778,16977.0000,281.1909,653.6201,15.0000,17226.2578,828.1292,-0.0000,15.0000,0,0,-1,0.0000,17226.2578,828.1292,-0.0000,15.0000,32
1779,16985.0000,260.4248,581.1860,15.0000,17244.8145,999.9999,307.2306,15.0000,0,0,-1,0.0000,17244.8145,999.9999,307.2306,15.0000,31
1780,16992.0000,999.8990,1000.0000,14.5626,17306.1816,-0.0000,496.1722,14.5626,0,0,-1,0.0000,17306.1816,-0.0000,496.1722,14.5626,32
1781,16999.0000,0.0000,460.7813,12.1830,17229.1465,999.9999,568.9744,12.1830,0,0,-1,0.0000,17229.1465,999.9999,568.9744,12.1830,30
1782,17004.0000,204.1536,1000.0000,10.4936,17232.8438,558.1362,-0.0000,10.4936,0,0,-1,0.0000,17232.8438,558.1362,-0.0000,10.4936,30
1783,17012.0000,506.3515,10.4136,15.0000,17319.3867,530.8661,1000.0001,15.0000,0,0,-1,0.0000,17319.3867,530.8661,1000.0001,15.0000,29
1784,17021.0000,1000.0000,936.7111,8.5931,17374.6992,-0.0000,458.6369,8.5931,0,0,-1,0.0000,17374.6992,-0.0000,458.6369,8.5931,28
1785,17028.0000,1000.0000,164.3866,8.4528,17334.7090,92.6768,1000.0000,8.4528,0,0,-1,0.0000,17334.7090,92.6768,1000.0000,8.4528,29
1786,17041.0000,666.7999,0.0000,14.4171,17367.4355,426.4268,1000.0000,14.4171,0,0,-1,0.0000,17367.4355,426.4268,1000.0000,14.4171,29
1787,17054.0000,260.1333,0.0000,12.9418,17326.7305,894.9515,999.9999,12.9418,0,0,-1,0.0000,17326.7305,894.9515,999.9999,12.9418,28
1788,17062.0000,1000.0000,602.6633,12.9009,17062.0000,1000.0000,602.6633,12.9009,0,0,-1,0.0000,17062.0000,1000.0000,602.6633,12.9009,28
1789,17074.0000,154.9093,69.2588,15.0000,17319.4570,810.4689,1000.0000,15.0000,0,0,-1,0.0000,17319.4570,810.4689,1000.0000,15.0000,28
1790,17085.0000,908.8015,1000.0000,8.8526,17387.6621,-0.0000,403.3512,8.8526,0,0,-1,0.0000,17387.6621,-0.0000,403.3512,8.8526,29
1791,17090.0000,432.6122,0.0000,10.9291,17414.0176,922.6623,1000.0000,10.9291,0,0,-1,0.0000,17414.0176,922.6623,1000.0000,10.9291,30
1792,17096.0000,167.6758,649.8101,15.0000,17361.9492,845.4263,-0.0000,15.0000,0,0,-1,0.0000,17361.9492,845.4263,-0.0000,15.0000,30
1793,17106.0000,1000.0000,772.1917,13.1651,17365.6465,-0.0000,358.2801,13.1651,0,0,-1,0.0000,17365.6465,-0.0000,358.2801,13.1651,30
1794,17120.0000,1000.0000,162.5875,14.9666,17427.9766,-0.0000,539.3697,14.9666,0,0,-1,0.0000,17427.9766,-0.0000,539.3697,14.9666,31
1795,17131.0000,421.2513,844.4821,15.0000,17380.8613,732.5801,-0.0000,15.0000,0,0,-1,0.0000,17380.8613,732.5801,-0.0000,15.0000,29
1796,17142.0000,405.4008,1000.0000,13.7278,17373.5254,415.9116,-0.0000,13.7278,0,0,-1,0.0000,17373.5254,415.9116,-0.0000,13.7278,28
1797,17156.0000,1000.0000,372.1526,10.2196,17417.7266,-0.0000,645.9369,10.2196,0,0,-1,0.0000,17417.7266,-0.0000,645.9369,10.2196,28
1798,17168.0000,0.0000,504.5777,12.8371,17397.4766,1000.0000,591.2880,12.8371,0,0,-1,0.0000,17397.4766,1000.0000,591.2880,12.8371,28
1799,17181.0000,873.3274,816.6111,15.0000,17438.3711,37.3652,-0.0000,15.0000,0,0,-1,0.0000,17438.3711,37.3652,-0.0000,15.0000,27
1800,17192.0000,705.6625,1000.0000,9.6656,17463.5156,47.2657,-0.0000,9.6656,0,0,-1,0.0000,17463.5156,47.2657,-0.0000,9.6656,27
1801,17204.0000,483.9145,1000.0000,11.5708,17450.4863,338.7979,-0.0000,11.5708,0,0,-1,0.0000,17450.4863,338.7979,-0.0000,11.5708,26
1802,17213.0000,1000.0000,830.4323,10.1287,17450.8535,-0.0000,410.8306,10.1287,0,0,-1,0.0000,17450.8535,-0.0000,410.8306,10.1287,26
1803,17224.0000,936.4228,17.0255,15.0000,17479.1934,466.6702,1000.0000,15.0000,0,0,-1,0.0000,17479.1934,466.6702,1000.0000,15.0000,26
1804,17234.0000,817.1895,452.8990,15.0000,17450.6445,-0.0000,770.4171,15.0000,0,0,-1,0.0000,17450.6445,-0.0000,770.4171,15.0000,24
1805,17247.0000,319.2004,0.0000,9.3087,17495.3066,804.3876,1000.0000,9.3087,0,0,-1,0.0000,17495.3066,804.3876,1000.0000,9.3087,23
1806,17253.0000,480.5851,916.0652,8.0000,17447.1406,707.9120,-0.0000,8.0000,0,0,-1,0.0000,17447.1406,707.9120,-0.0000,8.0000,24
1807,17267.0000,776.8065,584.6647,8.0000,17451.5469,-0.0000,225.8759,8.0000,0,0,-1,0.0000,17451.5469,-0.0000,225.8759,8.0000,25
1808,17280.0000,0.0000,289.6850,9.8544,17674.4336,1000.0000,946.3174,9.8544,0,0,-1,0.0000,17674.4336,1000.0000,946.3174,9.8544,26
1809,17294.0000,0.0000,310.9107,12.0519,17520.5273,889.7180,999.9999,12.0519,0,0,-1,0.0000,17520.5273,889.7180,999.9999,12.0519,27
1810,17303.0000,440.9677,582.8817,8.0000,17465.2070,1000.0000,180.4069,8.0000,0,0,-1,0.0000,17465.2070,1000.0000,180.4069,8.0000,27
1811,17316.0000,0.0000,556.5480,10.8831,17589.8711,1000.0000,693.9600,10.8831,0,0,-1,0.0000,17589.8711,1000.0000,693.9600,10.8831,27
1812,17329.0000,566.4144,1000.0000,14.5663,17574.9883,532.3737,-0.0000,14.5663,0,0,-1,0.0000,17574.9883,532.3737,-0.0000,14.5663,25
1813,17334.0000,665.3577,1000.0000,10.5729,17612.7402,551.9152,-0.0000,10.5729,0,0,-1,0.0000,17612.7402,551.9152,-0.0000,10.5729,26
1814,17339.0000,675.2390,247.6321,8.0000,17598.9824,82.9179,1000.0001,8.0000,0,0,-1,0.0000,17598.9824,82.9179,1000.0001,8.0000,26
1815,17347.0000,257.8588,1000.0000,12.5086,17584.1855,999.9999,235.1741,12.5086,0,0,-1,0.0000,17584.1855,999.9999,235.1741,12.5086,27
1816,17355.0000,1000.0000,187.3576,14.0203,17626.9141,310.8729,1000.0000,14.0203,0,0,-1,0.0000,17626.9141,310.8729,1000.0000,14.0203,28
1817,17360.0000,295.4207,0.0000,13.7826,17576.3535,373.3479,999.9999,13.7826,0,0,-1,0.0000,17576.3535,373.3479,999.9999,13.7826,29
1818,17370.0000,0.0000,284.5421,12.6415,17674.1816,1000.0000,912.3448,12.6415,0,0,-1,0.0000,17674.1816,1000.0000,912.3448,12.6415,27
1819,17382.0000,696.2537,989.9666,8.0000,17687.7441,160.0332,-0.0000,8.0000,0,0,-1,0.0000,17687.7441,160.0332,-0.0000,8.0000,25
1820,17395.0000,740.9816,927.0402,8.0000,17676.3926,71.2994,-0.0000,8.0000,0,0,-1,0.0000,17676.3926,71.2994,-0.0000,8.0000,25
1821,17405.0000,0.0000,7.8325,9.6534,17728.7246,854.2271,999.9999,9.6534,0,0,-1,0.0000,17728.7246,854.2271,999.9999,9.6534,25
1822,17412.0000,1000.0000,955.6601,10.8339,17675.7949,-0.0000,195.8502,10.8339,0,0,-1,0.0000,17675.7949,-0.0000,195.8502,10.8339,26
1823,17419.0000,703.2094,1000.0000,8.0925,17763.8711,159.3232,-0.0000,8.0925,0,0,-1,0.0000,17763.8711,159.3232,-0.0000,8.0925,25
1824,17430.0000,1000.0000,614.6603,10.3545,17732.2852,-0.0000,529.2677,10.3545,0,0,-1,0.0000,17732.2852,-0.0000,529.2677,10.3545,25
1825,17442.0000,851.2108,420.8315,15.0000,17672.4961,-0.0000,952.8091,15.0000,0,0,-1,0.0000,17672.4961,-0.0000,952.8091,15.0000,25
1826,17451.0000,513.7784,0.0000,13.5407,17728.7285,133.5011,999.9999,13.5407,0,0,-1,0.0000,17728.7285,133.5011,999.9999,13.5407,22
1827,17459.0000,709.7469,0.0000,12.9050,17723.8652,362.3828,1000.0001,12.9050,0,0,-1,0.0000,17723.8652,362.3828,1000.0001,12.9050,22
1828,17467.0000,647.2749,0.0000,12.9807,17705.1191,470.0372,1000.0000,12.9807,0,0,-1,0.0000,17705.1191,470.0372,1000.0000,12.9807,21
1829,17478.0000,392.0142,35.1439,15.0000,17693.7129,739.1979,1000.0000,15.0000,0,0,-1,0.0000,17693.7129,739.1979,1000.0000,15.0000,22
1830,17484.0000,732.7502,822.4329,8.0000,17711.6562,452.4399,-0.0000,8.0000,0,0,-1,0.0000,17711.6562,452.4399,-0.0000,8.0000,22
1831,17491.0000,0.0000,243.7103,11.8016,17763.9707,1000.0000,925.1949,11.8016,0,0,-1,0.0000,17763.9707,1000.0000,925.1949,11.8016,23
1832,17500.0000,808.5135,409.8767,8.0000,17763.5957,-0.0000,789.2360,8.0000,0,0,-1,0.0000,17763.5957,-0.0000,789.2360,8.0000,23
1833,17512.0000,16.5633,1000.0000,12.5481,17787.1992,590.0800,-0.0000,12.5481,0,0,-1,0.0000,17787.1992,590.0800,-0.0000,12.5481,24
1834,17518.0000,373.8750,660.5624,15.0000,17709.9961,1000.0000,202.5913,15.0000,0,0,-1,0.0000,17709.9961,1000.0000,202.5913,15.0000,25
1835,17527.0000,856.7262,726.0300,8.0000,17774.6367,-0.0000,453.2045,8.0000,0,0,-1,0.0000,17774.6367,-0.0000,453.2045,8.0000,25
1836,17539.0000,890.6064,656.8297,8.0000,17761.1406,-0.0000,10.0119,8.0000,0,0,-1,0.0000,17761.1406,-0.0000,10.0119,8.0000,26
1837,17545.0000,457.0372,1000.0000,8.1577,17797.3066,633.6578,-0.0000,8.1577,0,0,-1,0.0000,17797.3066,633.6578,-0.0000,8.1577,27
1838,17554.0000,562.8654,0.0000,12.4809,17788.2793,493.7679,999.9999,12.4809,0,0,-1,0.0000,17788.2793,493.7679,999.9999,12.4809,28
1839,17566.0000,497.0592,1000.0000,8.7930,17902.8926,281.4034,-0.0000,8.7930,0,0,-1,0.0000,17902.8926,281.4034,-0.0000,8.7930,29
1840,17579.0000,800.5674,0.0000,9.3513,17958.5742,200.8194,1000.0001,9.3513,0,0,-1,0.0000,17958.5742,200.8194,1000.0001,9.3513,28
1841,17587.0000,717.2021,0.0000,14.4184,17815.1621,390.3321,999.9999,14.4184,0,0,-1,0.0000,17815.1621,390.3321,999.9999,14.4184,28
1842,17600.0000,0.0000,40.7246,12.3113,17824.6230,1000.0000,522.8486,12.3113,0,0,-1,0.0000,17824.6230,1000.0000,522.8486,12.3113,27
1843,17605.0000,545.3470,183.5484,15.0000,17875.8574,480.6469,1000.0000,15.0000,0,0,-1,0.0000,17875.8574,480.6469,1000.0000,15.0000,28
1844,17613.0000,462.3195,0.0000,13.0693,17911.3848,875.7840,1000.0001,13.0693,0,0,-1,0.0000,17911.3848,875.7840,1000.0001,13.0693,28
1845,17619.0000,299.8672,65.7669,8.0000,17817.8105,621.8693,999.9999,8.0000,0,0,-1,0.0000,17817.8105,621.8693,999.9999,8.0000,29
1846,17627.0000,0.0000,967.1188,12.8603,17905.7012,1000.0001,228.4835,12.8603,0,0,-1,0.0000,17905.7012,1000.0001,228.4835,12.8603,29
1847,17639.0000,1000.0000,666.7081,9.7424,17951.6602,-0.0000,290.9192,9.7424,0,0,-1,0.0000,17951.6602,-0.0000,290.9192,9.7424,30
1848,17653.0000,1000.0000,187.1286,12.3236,17878.3906,-0.0000,511.6101,12.3236,0,0,-1,0.0000,17878.3906,-0.0000,511.6101,12.3236,31
1849,17661.0000,223.2564,0.0000,9.7448,18000.1660,610.4189,1000.0001,9.7448,0,0,-1,0.0000,18000.1660,610.4189,1000.0001,9.7448,32
1850,17672.0000,199.0518,0.0000,9.7879,17933.8789,481.6232,999.9999,9.7879,0,0,-1,0.0000,17933.8789,481.6232,999.9999,9.7879,33
1851,17679.0000,505.0026,1000.0000,13.9417,17889.1113,762.3369,-0.0000,13.9417,0,0,-1,0.0000,17889.1113,762.3369,-0.0000,13.9417,29
1852,17693.0000,762.4329,106.0963,8.0000,18007.9570,47.6312,1000.0000,8.0000,0,0,-1,0.0000,18007.9570,47.6312,1000.0000,8.0000,29
1853,17702.0000,1000.0000,676.9619,8.1923,17946.0137,-0.0000,544.9050,8.1923,0,0,-1,0.0000,17946.0137,-0.0000,544.9050,8.1923,29
1854,17715.0000,1000.0000,608.1276,10.3052,17937.3711,-0.0000,501.4339,10.3052,0,0,-1,0.0000,17937.3711,-0.0000,501.4339,10.3052,27
1855,17726.0000,37.4542,1000.0000,13.4238,18055.1328,584.0283,-0.0000,13.4238,0,0,-1,0.0000,18055.1328,584.0283,-0.0000,13.4238,27
1856,17737.0000,0.0000,55.6019,10.2565,18144.9004,1000.0000,997.2530,10.2565,0,0,-1,0.0000,18144.9004,1000.0000,997.2530,10.2565,25
1857,17751.0000,287.9809,0.0000,10.7761,18022.0254,484.5878,1000.0001,10.7761,0,0,-1,0.0000,18022.0254,484.5878,1000.0001,10.7761,26
1858,17757.0000,0.0000,405.5862,8.3470,17977.8984,1000.0001,738.9426,8.3470,0,0,-1,0.0000,17977.8984,1000.0001,738.9426,8.3470,27
1859,17770.0000,709.0922,427.1375,15.0000,17955.5449,-0.0000,631.9033,15.0000,0,0,-1,0.0000,17955.5449,-0.0000,631.9033,15.0000,24
1860,17782.0000,0.0000,584.8557,9.8768,18042.5625,1000.0001,515.4755,9.8768,0,0,-1,0.0000,18042.5625,1000.0001,515.4755,9.8768,24
1861,17792.0000,454.1178,0.0000,11.2026,18065.9219,423.8641,1000.0000,11.2026,0,0,-1,0.0000,18065.9219,423.8641,1000.0000,11.2026,23
1862,17801.0000,505.6978,273.2451,15.0000,18044.9961,749.0480,999.9999,15.0000,0,0,-1,0.0000,18044.9961,749.0480,999.9999,15.0000,23
1863,17806.0000,213.4448,295.9608,15.0000,18028.8398,1000.0001,572.4146,15.0000,0,0,-1,0.0000,18028.8398,1000.0001,572.4146,15.0000,24
1864,17819.0000,59.2669,1000.0000,11.9706,18147.8867,1000.0000,62.2853,11.9706,0,0,-1,0.0000,18147.8867,1000.0000,62.2853,11.9706,23
1865,17830.0000,308.3903,176.8442,15.0000,18005.9922,501.3317,1000.0000,15.0000,0,0,-1,0.0000,18005.9922,501.3317,1000.0000,15.0000,23
1866,17837.0000,617.0775,1000.0000,9.0651,18113.6562,295.2065,-0.0000,9.0651,0,0,-1,0.0000,18113.6562,295.2065,-0.0000,9.0651,24
1867,17848.0000,479.3805,1000.0000,9.0675,18052.1523,583.1728,-0.0000,9.0675,0,0,-1,0.0000,18052.1523,583.1728,-0.0000,9.0675,25
1868,17855.0000,0.0000,908.2067,10.9041,18131.0957,1000.0001,408.8674,10.9041,0,0,-1,0.0000,18131.0957,1000.0001,408.8674,10.9041,26
1869,17862.0000,1000.0000,276.3191,10.9165,18104.8848,-0.0000,665.6788,10.9165,0,0,-1,0.0000,18104.8848,-0.0000,665.6788,10.9165,27
1870,17873.0000,620.3766,1000.0000,13.7327,18097.4102,662.1245,-0.0000,13.7327,0,0,-1,0.0000,18097.4102,662.1245,-0.0000,13.7327,28
1871,17884.0000,106.9255,1000.0000,13.8382,18143.4922,684.7584,-0.0000,13.8382,0,0,-1,0.0000,18143.4922,684.7584,-0.0000,13.8382,27
1872,17894.0000,820.7360,0.0000,11.7869,18278.1992,-0.0000,892.6243,11.7869,0,0,-1,0.0000,18278.1992,-0.0000,892.6243,11.7869,27
1873,17900.0000,87.8205,39.1673,8.0000,18254.4062,543.3837,1000.0001,8.0000,0,0,-1,0.0000,18254.4062,543.3837,1000.0001,8.0000,28
1874,17905.0000,295.0277,0.0000,13.3608,18240.0176,852.4516,1000.0001,13.3608,0,0,-1,0.0000,18240.0176,852.4516,1000.0001,13.3608,28
1875,17912.0000,809.7744,0.0000,8.4840,18267.4102,129.7408,1000.0000,8.4840,0,0,-1,0.0000,18267.4102,129.7408,1000.0000,8.4840,27
1876,17917.0000,990.8408,0.0000,11.1623,18217.2695,-0.0000,553.0398,11.1623,0,0,-1,0.0000,18217.2695,-0.0000,553.0398,11.1623,28
1877,17929.0000,0.0000,788.4991,8.2878,18284.8965,1000.0000,254.3499,8.2878,0,0,-1,0.0000,18284.8965,1000.0000,254.3499,8.2878,29
1878,17942.0000,1000.0000,130.2275,14.0818,18274.7988,409.7456,1000.0000,14.0818,0,0,-1,0.0000,18274.7988,409.7456,1000.0000,14.0818,28
1879,17954.0000,355.0999,1000.0000,14.6112,18278.7266,493.5602,-0.0000,14.6112,0,0,-1,0.0000,18278.7266,493.5602,-0.0000,14.6112,27
1880,17966.0000,0.0000,140.1225,8.3593,18349.6191,766.3912,1000.0000,8.3593,0,0,-1,0.0000,18349.6191,766.3912,1000.0000,8.3593,26
1881,17980.0000,0.0000,503.7447,9.5393,18245.8965,999.9999,585.7789,9.5393,0,0,-1,0.0000,18245.8965,999.9999,585.7789,9.5393,26
1882,17989.0000,0.0000,644.3814,12.1477,18194.8691,1000.0001,494.1423,12.1477,0,0,-1,0.0000,18194.8691,1000.0001,494.1423,12.1477,27
1883,18002.0000,1000.0000,750.8423,10.6607,18315.2676,-0.0000,295.9854,10.6607,0,0,-1,0.0000,18315.2676,-0.0000,295.9854,10.6607,27
1884,18014.0000,0.0000,845.0024,10.4860,18270.7695,1000.0000,537.6106,10.4860,0,0,-1,0.0000,18270.7695,1000.0000,537.6106,10.4860,26
1885,18027.0000,531.0485,0.0000,8.2348,18227.6270,462.0432,999.9999,8.2348,0,0,-1,0.0000,18227.6270,462.0432,999.9999,8.2348,26
1886,18040.0000,1000.0000,401.2290,9.3331,18269.0898,-0.0000,922.3342,9.3331,0,0,-1,0.0000,18269.0898,-0.0000,922.3342,9.3331,26
1887,18045.0000,107.1970,464.1142,15.0000,18296.8633,1000.0000,366.7649,15.0000,0,0,-1,0.0000,18296.8633,1000.0000,366.7649,15.0000,25
1888,18054.0000,137.2690,893.6304,8.0000,18309.8613,581.0180,-0.0000,8.0000,0,0,-1,0.0000,18309.8613,581.0180,-0.0000,8.0000,25
1889,18062.0000,1000.0000,258.2771,13.3479,18315.0176,-0.0000,875.3082,13.3479,0,0,-1,0.0000,18315.0176,-0.0000,875.3082,13.3479,25
1890,18074.0000,742.2523,200.2173,15.0000,18291.3867,267.3258,1000.0000,15.0000,0,0,-1,0.0000,18291.3867,267.3258,1000.0000,15.0000,25
1891,18082.0000,365.2814,0.0000,14.1770,18398.1348,321.8934,1000.0001,14.1770,0,0,-1,0.0000,18398.1348,321.8934,1000.0001,14.1770,26
1892,18088.0000,328.0775,866.2275,8.0000,18372.4102,667.5599,-0.0000,8.0000,0,0,-1,0.0000,18372.4102,667.5599,-0.0000,8.0000,27
1893,18096.0000,799.0641,1000.0000,11.8618,18420.2637,462.9234,-0.0000,11.8618,0,0,-1,0.0000,18420.2637,462.9234,-0.0000,11.8618,28
1894,18110.0000,621.7415,340.2292,8.0000,18303.2422,-0.0000,852.3727,8.0000,0,0,-1,0.0000,18303.2422,-0.0000,852.3727,8.0000,27
1895,18119.0000,854.3982,137.3622,8.0000,18404.7070,269.4685,1000.0000,8.0000,0,0,-1,0.0000,18404.7070,269.4685,1000.0000,8.0000,27
1896,18132.0000,299.8758,1000.0000,13.0961,18414.2754,504.2310,-0.0000,13.0961,0,0,-1,0.0000,18414.2754,504.2310,-0.0000,13.0961,27
1897,18146.0000,279.6855,0.0000,13.3346,18355.0059,455.9772,1000.0000,13.3346,0,0,-1,0.0000,18355.0059,455.9772,1000.0000,13.3346,26
1898,18152.0000,0.0000,484.7556,13.0131,18362.6074,1000.0000,797.4987,13.0131,0,0,-1,0.0000,18362.6074,1000.0000,797.4987,13.0131,26
1899,18164.0000,0.0000,48.6931,12.6686,18530.6309,951.4514,1000.0000,12.6686,0,0,-1,0.0000,18530.6309,951.4514,1000.0000,12.6686,27
1900,18174.0000,956.3171,362.2987,15.0000,18429.9199,-0.0000,901.6837,15.0000,0,0,-1,0.0000,18429.9199,-0.0000,901.6837,15.0000,28
1901,18182.0000,1000.0000,64.8677,12.3133,18503.5332,-0.0000,921.3702,12.3133,0,0,-1,0.0000,18503.5332,-0.0000,921.3702,12.3133,29
1902,18192.0000,101.8796,297.1721,15.0000,18459.5078,1000.0000,606.5909,15.0000,0,0,-1,0.0000,18459.5078,1000.0000,606.5909,15.0000,30
1903,18200.0000,95.7786,732.0988,8.0000,18397.0645,999.9999,547.5546,8.0000,0,0,-1,0.0000,18397.0645,999.9999,547.5546,8.0000,30
1904,18206.0000,662.4892,847.3566,8.0000,18471.4824,267.0592,-0.0000,8.0000,1,1,0,0.0000,36674.1953,267.0592,-0.0000,8.0000,31
1905,18215.0000,905.7015,3.9846,8.0000,18566.8203,554.7338,1000.0000,8.0000,0,0,-1,0.0000,18566.8203,554.7338,1000.0000,8.0000,32
1906,18223.0000,0.0000,731.3373,9.5231,18463.0371,999.9999,332.2112,9.5231,0,0,-1,0.0000,18463.0371,999.9999,332.2112,9.5231,32
1907,18233.0000,967.4810,574.7776,8.0000,18233.0000,967.4810,574.7776,8.0000,0,0,-1,0.0000,18233.0000,967.4810,574.7776,8.0000,32
1908,18240.0000,1000.0000,166.3942,8.7952,18502.9648,-0.0000,742.8920,8.7952,0,0,-1,0.0000,18502.9648,-0.0000,742.8920,8.7952,32
1909,18245.0000,0.0000,440.9016,8.8005,18496.4551,1000.0000,669.7886,8.8005,0,0,-1,0.0000,18496.4551,1000.0000,669.7886,8.8005,32
1910,18254.0000,603.3298,0.0000,11.8695,18569.2910,6.7093,999.9999,11.8695,0,0,-1,0.0000,18569.2910,6.7093,999.9999,11.8695,32
1911,18267.0000,827.7883,1000.0000,8.5209,18541.1816,575.1522,-0.0000,8.5209,0,0,-1,0.0000,18541.1816,575.1522,-0.0000,8.5209,32
1912,18277.0000,983.8911,358.2278,15.0000,18538.3594,-0.0000,655.5150,15.0000,0,0,-1,0.0000,18538.3594,-0.0000,655.5150,15.0000,29
1913,18288.0000,1000.0000,408.0617,9.0539,18515.2246,-0.0000,585.8042,9.0539,0,0,-1,0.0000,18515.2246,-0.0000,585.8042,9.0539,27
1914,18299.0000,842.6411,0.0000,11.7677,18669.2090,252.0302,1000.0001,11.7677,0,0,-1,0.0000,18669.2090,252.0302,1000.0001,11.7677,26
1915,18304.0000,74.7348,501.2309,15.0000,18560.4980,1000.0000,224.7697,15.0000,0,0,-1,0.0000,18560.4980,1000.0000,224.7697,15.0000,26
1916,18318.0000,251.2767,0.0000,12.2043,18582.7852,541.6078,999.9999,12.2043,0,0,-1,0.0000,18582.7852,541.6078,999.9999,12.2043,24
1917,18332.0000,97.9875,0.0000,8.7065,18682.8281,1000.0000,652.8411,8.7065,0,0,-1,0.0000,18682.8281,1000.0000,652.8411,8.7065,25
1918,18340.0000,718.6462,0.0000,14.4790,18644.7266,524.4089,1000.0000,14.4790,0,0,-1,0.0000,18644.7266,524.4089,1000.0000,14.4790,26
1919,18345.0000,1000.0000,888.0084,10.4938,18689.2422,181.6290,-0.0000,10.4938,0,0,-1,0.0000,18689.2422,181.6290,-0.0000,10.4938,27
1920,18353.0000,0.0000,695.9555,9.2646,18688.2520,999.9999,319.3562,9.2646,0,0,-1,0.0000,18688.2520,999.9999,319.3562,9.2646,27
1921,18361.0000,1000.0000,13.6034,9.7250,18666.4277,-0.0000,582.7729,9.7250,0,0,-1,0.0000,18666.4277,-0.0000,582.7729,9.7250,27
1922,18369.0000,943.4812,0.0000,10.5355,18640.8711,-0.0000,926.7668,10.5355,0,0,-1,0.0000,18640.8711,-0.0000,926.7668,10.5355,27
1923,18374.0000,177.2842,1000.0000,13.2537,18635.1172,407.3492,-0.0000,13.2537,0,0,-1,0.0000,18635.1172,407.3492,-0.0000,13.2537,27
1924,18385.0000,224.1820,797.2029,15.0000,18591.8945,1000.0000,159.0485,15.0000,0,0,-1,0.0000,18591.8945,1000.0000,159.0485,15.0000,28
1925,18390.0000,376.2657,493.3258,15.0000,18596.9258,1000.0000,356.2266,15.0000,0,0,-1,0.0000,18596.9258,1000.0000,356.2266,15.0000,29
1926,18395.0000,465.1089,614.1243,8.0000,18530.9492,510.1022,-0.0000,8.0000,0,0,-1,0.0000,18530.9492,510.1022,-0.0000,8.0000,30
1927,18401.0000,500.3229,978.8402,15.0000,18625.5527,731.9225,-0.0000,15.0000,0,0,-1,0.0000,18625.5527,731.9225,-0.0000,15.0000,29
1928,18409.0000,500.5061,0.0000,8.7850,18714.9609,375.8207,1000.0000,8.7850,0,0,-1,0.0000,18714.9609,375.8207,1000.0000,8.7850,29
1929,18416.0000,1000.0000,113.3209,10.0729,18762.8262,-0.0000,738.3865,10.0729,0,0,-1,0.0000,18762.8262,-0.0000,738.3865,10.0729,29
1930,18426.0000,1000.0000,487.7057,10.0492,18630.3418,-0.0000,325.9822,10.0492,0,0,-1,0.0000,18630.3418,-0.0000,325.9822,10.0492,29
1931,18431.0000,983.4593,533.2315,8.0000,18648.7949,-0.0000,499.5253,8.0000,0,0,-1,0.0000,18648.7949,-0.0000,499.5253,8.0000,29
1932,18439.0000,155.3067,1000.0000,11.1800,18806.7129,806.3343,-0.0000,11.1800,0,0,-1,0.0000,18806.7129,806.3343,-0.0000,11.1800,30
1933,18453.0000,318.2782,144.3911,7.8476,18712.3438,642.6689,999.9999,8.0000,1,1,1,0.0000,18712.3438,642.6689,999.9999,7.8476,31
1934,18465.0000,1000.0000,738.2333,8.6403,18789.4727,-0.0000,170.6957,8.6403,0,0,-1,0.0000,18789.4727,-0.0000,170.6957,8.6403,30
1935,18472.0000,1000.0000,990.7209,13.8306,18875.5449,-0.0000,303.8619,13.8306,0,0,-1,0.0000,18875.5449,-0.0000,303.8619,13.8306,31
1936,18485.0000,1000.0000,388.1358,14.9190,18830.1055,-0.0000,818.6965,14.9190,0,0,-1,0.0000,18830.1055,-0.0000,818.6965,14.9190,32
1937,18491.0000,112.2484,469.7226,8.0000,18722.6230,1000.0000,409.1943,8.0000,0,0,-1,0.0000,18722.6230,1000.0000,409.1943,8.0000,33
1938,18503.0000,751.3909,889.9379,15.0000,18747.9102,-0.0000,154.5829,15.0000,0,0,-1,0.0000,18747.9102,-0.0000,154.5829,15.0000,32
1939,18510.0000,239.3380,0.0000,10.0296,18811.0039,508.8567,1000.0000,10.0296,0,0,-1,0.0000,18811.0039,508.8567,1000.0000,10.0296,32
1940,18519.0000,0.0000,174.9070,11.1432,18793.8340,970.8549,1000.0000,11.1432,0,0,-1,0.0000,18793.8340,970.8549,1000.0000,11.1432,32
1941,18526.0000,512.2978,850.1117,8.0000,18721.3867,251.8739,-0.0000,8.0000,0,0,-1,0.0000,18721.3867,251.8739,-0.0000,8.0000,33
1942,18538.0000,943.3712,1000.0000,14.6476,18815.2773,361.3566,-0.0000,14.6476,0,0,-1,0.0000,18815.2773,361.3566,-0.0000,14.6476,32
1943,18545.0000,187.3342,212.9847,8.0000,18737.9062,1000.0001,574.3323,8.0000,0,0,-1,0.0000,18737.9062,1000.0001,574.3323,8.0000,31
1944,18559.0000,0.0000,683.7370,13.1545,18835.9355,999.9999,565.0509,13.1545,0,0,-1,0.0000,18835.9355,999.9999,565.0509,13.1545,32
1945,18568.0000,705.5840,1000.0000,11.7105,18831.4922,491.6853,-0.0000,11.7105,0,0,-1,0.0000,18831.4922,491.6853,-0.0000,11.7105,31
1946,18576.0000,448.5460,187.6728,8.0000,18749.9473,459.8588,999.9999,8.0000,0,0,-1,0.0000,18749.9473,459.8588,999.9999,8.0000,31
1947,18585.0000,0.0000,392.2902,11.0577,18807.0195,1000.0000,361.7034,11.0577,0,0,-1,0.0000,18807.0195,1000.0000,361.7034,11.0577,31
1948,18597.0000,645.2139,1000.0000,8.9665,18813.4434,637.5964,-0.0000,8.9665,0,0,-1,0.0000,18813.4434,637.5964,-0.0000,8.9665,30
1949,18607.0000,0.0000,909.9489,8.7870,18977.2148,989.6334,-0.0000,8.9394,1,1,1,0.0000,18977.2148,989.6334,-0.0000,8.7870,31
1950,18621.0000,621.9693,787.2828,8.0000,18887.7910,106.5200,-0.0000,8.0000,0,0,-1,0.0000,18887.7910,106.5200,-0.0000,8.0000,32
1951,18631.0000,68.2242,103.0872,8.0000,18961.4082,1000.0000,670.2631,8.0000,0,0,-1,0.0000,18961.4082,1000.0000,670.2631,8.0000,31
1952,18644.0000,81.3431,0.0000,11.6472,18876.2266,663.4855,999.9999,11.6472,0,0,-1,0.0000,18876.2266,663.4855,999.9999,11.6472,30
1953,18654.0000,346.3234,832.4928,15.0000,18907.6582,738.5495,-0.0000,15.0000,0,0,-1,0.0000,18907.6582,738.5495,-0.0000,15.0000,29
1954,18663.0000,745.3682,0.0000,8.8006,18923.1309,174.5968,999.9999,8.8006,0,0,-1,0.0000,18923.1309,174.5968,999.9999,8.8006,30
1955,18672.0000,932.5104,925.2256,15.0000,19007.3242,-0.0000,205.1508,15.0000,0,0,-1,0.0000,19007.3242,-0.0000,205.1508,15.0000,29
1956,18683.0000,915.4070,1000.0000,8.4664,18922.8008,435.4969,-0.0000,8.4664,0,0,-1,0.0000,18922.8008,435.4969,-0.0000,8.4664,29
1957,18688.0000,100.3954,0.0000,11.4378,19015.3418,1000.0000,829.1388,11.4378,0,0,-1,0.0000,19015.3418,1000.0000,829.1388,11.4378,30
1958,18700.0000,273.2509,15.6860,15.0000,18914.3633,500.7576,999.9999,15.0000,0,0,-1,0.0000,18914.3633,500.7576,999.9999,15.0000,29
1959,18709.0000,562.5041,1000.0000,8.2528,18982.3320,272.6792,-0.0000,8.2528,0,0,-1,0.0000,18982.3320,272.6792,-0.0000,8.2528,30
1960,18714.0000,1000.0000,684.6842,13.2875,18959.4492,-0.0000,341.1649,13.2875,0,0,-1,0.0000,18959.4492,-0.0000,341.1649,13.2875,30
1961,18724.0000,549.9637,809.5052,15.0000,18967.6992,344.9333,-0.0000,15.0000,0,0,-1,0.0000,18967.6992,344.9333,-0.0000,15.0000,28
1962,18729.0000,385.7822,613.9939,8.0000,18908.0117,986.9579,-0.0000,8.0000,0,0,-1,0.0000,18908.0117,986.9579,-0.0000,8.0000,29
1963,18736.0000,99.5882,1000.0000,12.9760,19096.7324,1000.0000,70.0138,12.9760,0,0,-1,0.0000,19096.7324,1000.0000,70.0138,12.9760,30
1964,18748.0000,494.8272,1000.0000,13.8455,19049.2070,835.6114,-0.0000,13.8455,0,0,-1,0.0000,19049.2070,835.6114,-0.0000,13.8455,29
1965,18759.0000,1000.0000,146.1860,13.5608,19051.7930,37.1746,1000.0000,13.5608,0,0,-1,0.0000,19051.7930,37.1746,1000.0000,13.5608,29
1966,18765.0000,1000.0000,863.5739,11.7453,19052.5918,15.4564,-0.0000,11.7453,0,0,-1,0.0000,19052.5918,15.4564,-0.0000,11.7453,29
1967,18778.0000,0.0000,689.6790,10.5723,19029.6016,999.9999,335.7781,10.5723,0,0,-1,0.0000,19029.6016,999.9999,335.7781,10.5723,30
1968,18785.0000,764.4064,0.0000,13.1672,19044.4512,274.1035,1000.0001,13.1672,0,0,-1,0.0000,19044.4512,274.1035,1000.0001,13.1672,31
1969,18790.0000,119.5122,1000.0000,14.0249,19165.8848,1000.0000,43.5855,14.0249,0,0,-1,0.0000,19165.8848,1000.0000,43.5855,14.0249,31
1970,18801.0000,533.7556,1000.0000,14.4966,19036.8184,303.0779,-0.0000,14.4966,0,0,-1,0.0000,19036.8184,303.0779,-0.0000,14.4966,31
1971,18810.0000,134.9058,480.0142,15.0000,19002.4980,1000.0000,656.6933,15.0000,0,0,-1,0.0000,19002.4980,1000.0000,656.6933,15.0000,30
1972,18818.0000,375.0542,887.9617,8.0000,19076.5566,385.7183,-0.0000,8.0000,0,0,-1,0.0000,19076.5566,385.7183,-0.0000,8.0000,28
1973,18823.0000,727.9852,1000.0000,11.0159,19115.3594,187.1035,-0.0000,11.0159,0,0,-1,0.0000,19115.3594,187.1035,-0.0000,11.0159,29
1974,18833.0000,1000.0000,922.1126,8.1110,19163.8594,-0.0000,453.2164,8.1110,0,0,-1,0.0000,19163.8594,-0.0000,453.2164,8.1110,28
1975,18838.0000,260.5587,747.5681,8.0000,19065.1758,1000.0000,154.3463,8.0000,0,0,-1,0.0000,19065.1758,1000.0000,154.3463,8.0000,28
1976,18849.0000,302.1803,172.0006,7.8476,19043.2910,482.4539,1000.0000,8.0000,1,1,1,0.0000,19043.2910,482.4539,1000.0000,7.8476,29
1977,18859.0000,632.4083,1000.0000,11.8479,19108.1289,296.0247,-0.0000,11.8479,0,0,-1,0.0000,19108.1289,296.0247,-0.0000,11.8479,30
1978,18866.0000,275.1727,110.8341,15.0000,19156.4961,916.0685,1000.0000,15.0000,0,0,-1,0.0000,19156.4961,916.0685,1000.0000,15.0000,31
1979,18880.0000,702.3134,372.9346,15.0000,19053.8145,-0.0000,781.6965,15.0000,0,0,-1,0.0000,19053.8145,-0.0000,781.6965,15.0000,30
1980,18889.0000,258.6194,368.8454,15.0000,19163.1348,1000.0000,919.2557,15.0000,0,0,-1,0.0000,19163.1348,1000.0000,919.2557,15.0000,30
1981,18899.0000,503.4629,0.0000,10.3970,19158.2266,535.8956,1000.0000,10.3970,0,0,-1,0.0000,19158.2266,535.8956,1000.0000,10.3970,31
1982,18909.0000,1000.0000,53.5094,14.1318,19257.3184,123.2432,1000.0000,14.1318,0,0,-1,0.0000,19257.3184,123.2432,1000.0000,14.1318,30
1983,18919.0000,623.9503,0.0000,11.1416,19145.0781,627.5818,999.9999,11.1416,0,0,-1,0.0000,19145.0781,627.5818,999.9999,11.1416,30
1984,18930.0000,552.0372,929.7126,15.0000,19227.2129,502.9865,-0.0000,15.0000,0,0,-1,0.0000,19227.2129,502.9865,-0.0000,15.0000,29
1985,18935.0000,0.0000,192.7691,8.3798,19177.2207,1000.0000,788.7820,8.3798,0,0,-1,0.0000,19177.2207,1000.0000,788.7820,8.3798,30
1986,18940.0000,234.6888,854.2784,8.0000,19239.1719,966.6322,-0.0000,8.0000,0,0,-1,0.0000,19239.1719,966.6322,-0.0000,8.0000,31
1987,18946.0000,645.9391,678.1448,8.0000,19191.9043,43.0484,-0.0000,8.0000,0,0,-1,0.0000,19191.9043,43.0484,-0.0000,8.0000,32
1988,18956.0000,469.2092,758.6835,15.0000,19150.2480,765.6116,-0.0000,15.0000,0,0,-1,0.0000,19150.2480,765.6116,-0.0000,15.0000,33
1989,18965.0000,872.3881,1000.0000,8.2348,19194.8633,458.0887,-0.0000,8.2348,0,0,-1,0.0000,19194.8633,458.0887,-0.0000,8.2348,32
1990,18978.0000,747.8073,301.5145,8.0000,19160.4648,320.3952,1000.0000,8.0000,0,0,-1,0.0000,19160.4648,320.3952,1000.0000,8.0000,31
1991,18992.0000,6.1089,0.0000,10.1949,19239.9590,1000.0001,472.4434,10.1949,0,0,-1,0.0000,19239.9590,1000.0001,472.4434,10.1949,31
1992,19002.0000,136.5567,611.0913,15.0000,19194.7441,1000.0000,285.2117,15.0000,0,0,-1,0.0000,19194.7441,1000.0000,285.2117,15.0000,32
1993,19011.0000,357.6981,0.0000,10.2032,19329.9199,999.9999,986.9899,10.2032,0,0,-1,0.0000,19329.9199,999.9999,986.9899,10.2032,31
1994,19025.0000,247.1096,192.6705,15.0000,19261.0996,1000.0000,900.7776,15.0000,0,0,-1,0.0000,19261.0996,1000.0000,900.7776,15.0000,31
1995,19038.0000,362.3483,0.0000,11.9682,19289.4316,675.5546,1000.0000,11.9682,0,0,-1,0.0000,19289.4316,675.5546,1000.0000,11.9682,30
1996,19049.0000,490.0085,0.0000,9.6846,19270.1367,583.4156,1000.0000,9.6846,0,0,-1,0.0000,19270.1367,583.4156,1000.0000,9.6846,29
1997,19063.0000,1000.0000,485.2845,14.4617,19345.2676,-0.0000,836.7789,14.4617,0,0,-1,0.0000,19345.2676,-0.0000,836.7789,14.4617,26
1998,19075.0000,0.0000,883.1553,10.4682,19473.8340,878.0287,-0.0000,10.4682,0,0,-1,0.0000,19473.8340,878.0287,-0.0000,10.4682,26
1999,19083.0000,295.3898,0.0000,14.8035,19384.3887,401.0094,1000.0001,14.8035,0,0,-1,0.0000,19384.3887,401.0094,1000.0001,14.8035,26
2000,19096.0000,766.2053,30.4805,8.0000,19363.1992,-0.0000,910.2538,8.0000,0,0,-1,0.0000,19363.1992,-0.0000,910.2538,8.0000,27
2001,19107.0000,373.5998,1000.0000,10.2593,19341.9473,376.4074,-0.0000,10.2593,0,0,-1,0.0000,19341.9473,376.4074,-0.0000,10.2593,27
2002,19115.0000,661.7718,165.4292,15.0000,19375.3262,249.0808,1000.0000,15.0000,0,0,-1,0.0000,19375.3262,249.0808,1000.0000,15.0000,27
2003,19127.0000,400.6115,943.3740,15.0000,19373.5371,774.1630,-0.0000,15.0000,0,0,-1,0.0000,19373.5371,774.1630,-0.0000,15.0000,27
2004,19132.0000,150.2631,841.0150,15.0000,19401.6641,660.1266,-0.0000,15.0000,0,0,-1,0.0000,19401.6641,660.1266,-0.0000,15.0000,28
2005,19139.0000,804.2428,1000.0000,9.0960,19526.2734,-0.0000,113.9190,9.0960,0,0,-1,0.0000,19526.2734,-0.0000,113.9190,9.0960,29
2006,19147.0000,421.7820,751.2108,15.0000,19354.3906,532.3882,-0.0000,15.0000,0,0,-1,0.0000,19354.3906,532.3882,-0.0000,15.0000,29
2007,19156.0000,741.4952,1000.0000,11.4142,19402.1348,-0.0000,87.9336,11.4142,0,0,-1,0.0000,19402.1348,-0.0000,87.9336,11.4142,29
2008,19162.0000,35.0136,0.0000,13.8198,19525.0996,927.9348,1000.0001,13.8198,0,0,-1,0.0000,19525.0996,927.9348,1000.0001,13.8198,27
2009,19176.0000,876.9803,817.5192,15.0000,19393.0332,-0.0000,435.1764,15.0000,0,0,-1,0.0000,19393.0332,-0.0000,435.1764,15.0000,25
2010,19184.0000,727.3063,73.4478,8.0000,19450.8848,575.2961,1000.0000,8.0000,0,0,-1,0.0000,19450.8848,575.2961,1000.0000,8.0000,25
2011,19192.0000,66.6331,340.8030,8.0000,19526.4121,1000.0000,931.3693,8.0000,0,0,-1,0.0000,19526.4121,1000.0000,931.3693,8.0000,25
2012,19204.0000,172.9401,27.2661,8.0000,19413.4980,1000.0000,647.5123,8.0000,0,0,-1,0.0000,19413.4980,1000.0000,647.5123,8.0000,24
2013,19215.0000,806.4907,0.0000,9.8884,19447.3906,473.3916,1000.0000,9.8884,0,0,-1,0.0000,19447.3906,473.3916,1000.0000,9.8884,25
2014,19228.0000,262.1135,0.0000,9.5615,19458.1270,1000.0000,868.0709,9.5615,0,0,-1,0.0000,19458.1270,1000.0000,868.0709,9.5615,25
2015,19235.0000,1000.0000,853.6102,9.8335,19544.0938,35.1626,-0.0000,9.8335,0,0,-1,0.0000,19544.0938,35.1626,-0.0000,9.8335,26
2016,19244.0000,1000.0000,19.6098,12.8252,19557.8262,-0.0000,672.8384,12.8252,0,0,-1,0.0000,19557.8262,-0.0000,672.8384,12.8252,25
2017,19256.0000,301.8120,662.8819,15.0000,19445.5215,1000.0000,142.4187,15.0000,0,0,-1,0.0000,19445.5215,1000.0000,142.4187,15.0000,26
2018,19267.0000,563.3701,27.1974,8.0000,19497.3945,541.7581,1000.0000,8.0000,0,0,-1,0.0000,19497.3945,541.7581,1000.0000,8.0000,25
2019,19277.0000,0.0000,84.1655,14.7003,19595.4395,1000.0000,740.8856,14.7003,0,0,-1,0.0000,19595.4395,1000.0000,740.8856,14.7003,25
2020,19288.0000,79.8756,221.4159,15.0000,19524.8867,1000.0000,790.6816,15.0000,0,0,-1,0.0000,19524.8867,1000.0000,790.6816,15.0000,26
2021,19300.0000,663.5759,0.0000,12.4001,19579.6211,496.9926,999.9999,12.4001,0,0,-1,0.0000,19579.6211,496.9926,999.9999,12.4001,26
2022,19307.0000,932.3204,929.8179,8.0000,19552.0820,226.2633,-0.0000,8.0000,0,0,-1,0.0000,19552.0820,226.2633,-0.0000,8.0000,27
2023,19320.0000,212.7452,971.7654,15.0000,19587.7598,1000.0000,173.2815,15.0000,0,0,-1,0.0000,19587.7598,1000.0000,173.2815,15.0000,28
2024,19326.0000,58.9365,832.8219,15.0000,19724.6289,1000.0000,42.5935,15.0000,0,0,-1,0.0000,19724.6289,1000.0000,42.5935,15.0000,29
2025,19335.0000,796.8455,1000.0000,10.5520,19649.8105,486.2074,-0.0000,10.5520,0,0,-1,0.0000,19649.8105,486.2074,-0.0000,10.5520,29
2026,19342.0000,437.4838,149.9897,15.0000,19587.8906,329.9172,1000.0000,15.0000,0,0,-1,0.0000,19587.8906,329.9172,1000.0000,15.0000,29
2027,19348.0000,179.7110,744.6441,15.0000,19568.0898,999.9999,155.7039,15.0000,0,0,-1,0.0000,19568.0898,999.9999,155.7039,15.0000,29
2028,19353.0000,651.5225,56.4610,8.0000,19616.6992,-0.0000,994.8585,8.0000,0,0,-1,0.0000,19616.6992,-0.0000,994.8585,8.0000,30
2029,19367.0000,1000.0000,888.4545,12.1776,19633.4980,-0.0000,541.5026,12.1776,0,0,-1,0.0000,19633.4980,-0.0000,541.5026,12.1776,29
2030,19376.0000,79.2461,129.6349,8.0000,19606.9805,820.5770,1000.0001,8.0000,0,0,-1,0.0000,19606.9805,820.5770,1000.0001,8.0000,28
2031,19389.0000,1000.0000,882.8384,9.4635,19755.9082,218.7110,-0.0000,9.4635,0,0,-1,0.0000,19755.9082,218.7110,-0.0000,9.4635,28
2032,19398.0000,787.9108,0.0000,14.6457,19739.6309,376.7406,999.9999,14.6457,0,0,-1,0.0000,19739.6309,376.7406,999.9999,14.6457,28
2033,19410.0000,1000.0000,651.8640,13.0432,19737.0234,-0.0000,479.0642,13.0432,0,0,-1,0.0000,19737.0234,-0.0000,479.0642,13.0432,27
2034,19417.0000,0.0000,194.2226,10.1804,19648.1152,1000.0000,447.7645,10.1804,0,0,-1,0.0000,19648.1152,1000.0000,447.7645,10.1804,27
2035,19423.0000,0.0000,490.3760,13.2952,19686.1387,1000.0000,346.6440,13.2952,0,0,-1,0.0000,19686.1387,1000.0000,346.6440,13.2952,28
2036,19434.0000,122.5289,11.5340,15.0000,19714.5996,999.9999,946.2416,15.0000,0,0,-1,0.0000,19714.5996,999.9999,946.2416,15.0000,29
2037,19445.0000,739.4217,0.0000,13.6974,19751.7852,160.9152,1000.0000,13.6974,0,0,-1,0.0000,19751.7852,160.9152,1000.0000,13.6974,30
2038,19452.0000,891.8984,1000.0000,9.1730,19876.0352,-0.0000,92.3191,9.1730,0,0,-1,0.0000,19876.0352,-0.0000,92.3191,9.1730,28
2039,19462.0000,362.2810,370.4298,15.0000,19719.9434,1000.0000,950.5850,15.0000,0,0,-1,0.0000,19719.9434,1000.0000,950.5850,15.0000,28
2040,19475.0000,523.9793,998.1820,8.0000,19721.4590,346.3677,-0.0000,8.0000,0,0,-1,0.0000,19721.4590,346.3677,-0.0000,8.0000,28
2041,19483.0000,296.9694,0.0000,8.7562,19721.3203,753.3860,1000.0001,8.7562,0,0,-1,0.0000,19721.3203,753.3860,1000.0001,8.7562,29
2042,19492.0000,272.4189,0.0000,12.1971,19827.5801,999.9999,806.9789,12.1971,0,0,-1,0.0000,19827.5801,999.9999,806.9789,12.1971,30
2043,19503.0000,0.0000,497.7904,14.1495,19718.2910,1000.0000,462.9823,14.1495,0,0,-1,0.0000,19718.2910,1000.0000,462.9823,14.1495,30
2044,19515.0000,955.5839,360.2482,15.0000,19761.8223,-0.0000,731.2798,15.0000,0,0,-1,0.0000,19761.8223,-0.0000,731.2798,15.0000,31
2045,19524.0000,200.0679,0.0000,14.7498,19789.2285,1000.0000,958.0913,14.7498,0,0,-1,0.0000,19789.2285,1000.0000,958.0913,14.7498,32
2046,19531.0000,95.0640,918.8348,15.0000,19866.4922,1000.0000,228.1733,15.0000,0,0,-1,0.0000,19866.4922,1000.0000,228.1733,15.0000,29
2047,19545.0000,808.3229,0.0000,12.6581,19859.4824,527.5106,999.9999,12.6581,0,0,-1,0.0000,19859.4824,527.5106,999.9999,12.6581,29
2048,19553.0000,0.0000,561.1105,10.9750,19794.2188,1000.0001,708.6312,10.9750,0,0,-1,0.0000,19794.2188,1000.0001,708.6312,10.9750,29
2049,19561.0000,1000.0000,968.0931,13.4804,19863.1074,222.5260,-0.0000,13.4804,0,0,-1,0.0000,19863.1074,222.5260,-0.0000,13.4804,29
2050,19573.0000,585.4312,35.6443,15.0000,19817.8203,665.9954,1000.0000,15.0000,0,0,-1,0.0000,19817.8203,665.9954,1000.0000,15.0000,29
2051,19584.0000,954.2797,369.4419,15.0000,19824.7617,-0.0000,577.3214,15.0000,0,0,-1,0.0000,19824.7617,-0.0000,577.3214,15.0000,29
2052,19595.0000,0.0000,288.4352,10.3482,19914.0273,999.9999,593.3796,10.3482,0,0,-1,0.0000,19914.0273,999.9999,593.3796,10.3482,28
2053,19602.0000,455.0710,0.0000,9.6598,19830.7227,189.0668,1000.0001,9.6598,0,0,-1,0.0000,19830.7227,189.0668,1000.0001,9.6598,28
2054,19615.0000,1000.0000,552.7175,11.3235,19851.5215,-0.0000,531.4786,11.3235,0,0,-1,0.0000,19851.5215,-0.0000,531.4786,11.3235,28
2055,19620.0000,1000.0000,677.5676,10.6984,19883.2910,-0.0000,466.2250,10.6984,0,0,-1,0.0000,19883.2910,-0.0000,466.2250,10.6984,28
2056,19633.0000,615.3312,514.3111,8.0000,19768.1523,-0.0000,357.2234,8.0000,0,0,-1,0.0000,19768.1523,-0.0000,357.2234,8.0000,29
2057,19645.0000,1000.0000,414.0004,14.7077,19875.1289,-0.0000,285.0141,14.7077,0,0,-1,0.0000,19875.1289,-0.0000,285.0141,14.7077,29
2058,19652.0000,740.5488,410.0069,8.0000,19834.1445,-0.0000,818.2896,8.0000,0,0,-1,0.0000,19834.1445,-0.0000,818.2896,8.0000,28
2059,19659.0000,1000.0000,834.6492,9.5134,19979.5312,-0.0000,200.0920,9.5134,0,0,-1,0.0000,19979.5312,-0.0000,200.0920,9.5134,29
2060,19672.0000,96.6585,393.5961,15.0000,19873.6484,1000.0000,441.4630,15.0000,0,0,-1,0.0000,19873.6484,1000.0000,441.4630,15.0000,30
2061,19683.0000,1000.0000,666.4135,13.6129,20038.3828,-0.0000,111.7854,13.6129,0,0,-1,0.0000,20038.3828,-0.0000,111.7854,13.6129,31
2062,19696.0000,265.5992,642.4175,8.0000,19882.4121,1000.0000,83.9628,8.0000,0,0,-1,0.0000,19882.4121,1000.0000,83.9628,8.0000,31
2063,19702.0000,429.1274,491.3416,8.0000,19819.0352,999.9999,589.0399,8.0000,0,0,-1,0.0000,19819.0352,999.9999,589.0399,8.0000,32
2064,19713.0000,568.6605,0.0000,13.1466,19941.3730,400.5187,1000.0001,13.1466,0,0,-1,0.0000,19941.3730,400.5187,1000.0001,13.1466,33
2065,19720.0000,0.0000,769.5034,14.4262,19958.2578,999.9999,414.7209,14.4262,0,0,-1,0.0000,19958.2578,999.9999,414.7209,14.4262,31
2066,19729.0000,0.0000,166.3314,9.2429,20059.9902,999.9999,686.4536,9.2429,0,0,-1,0.0000,20059.9902,999.9999,686.4536,9.2429,29
2067,19734.0000,415.0774,994.4448,8.0000,20009.8281,894.3439,-0.0000,8.0000,0,0,-1,0.0000,20009.8281,894.3439,-0.0000,8.0000,30
2068,19741.0000,654.1487,75.5640,15.0000,19981.4941,34.4310,1000.0000,15.0000,0,0,-1,0.0000,19981.4941,34.4310,1000.0000,15.0000,29
2069,19747.0000,764.6438,916.3833,8.0000,19975.9297,-0.0000,161.4980,8.0000,0,0,-1,0.0000,19975.9297,-0.0000,161.4980,8.0000,30
2070,19759.0000,452.0858,0.0000,12.6195,20081.7461,680.0933,999.9999,12.6195,0,0,-1,0.0000,20081.7461,680.0933,999.9999,12.6195,29
2071,19773.0000,0.0000,625.9398,9.3438,19999.3691,999.9999,346.6586,9.3438,0,0,-1,0.0000,19999.3691,999.9999,346.6586,9.3438,28
2072,19786.0000,621.1301,599.6091,15.0000,20011.8301,117.3187,-0.0000,15.0000,0,0,-1,0.0000,20011.8301,117.3187,-0.0000,15.0000,29
2073,19792.0000,367.5240,1000.0000,11.9073,20084.7676,651.7617,-0.0000,11.9073,0,0,-1,0.0000,20084.7676,651.7617,-0.0000,11.9073,29
2074,19799.0000,948.8104,824.6616,15.0000,20034.8750,-0.0000,533.3760,15.0000,0,0,-1,0.0000,20034.8750,-0.0000,533.3760,15.0000,29
2075,19813.0000,582.2858,727.1206,8.0000,20022.5391,216.2113,-0.0000,8.0000,0,0,-1,0.0000,20022.5391,216.2113,-0.0000,8.0000,30
2076,19818.0000,689.2643,955.5276,8.0000,20058.5391,174.8727,-0.0000,8.0000,0,0,-1,0.0000,20058.5391,174.8727,-0.0000,8.0000,30
2077,19823.0000,1000.0000,217.1107,14.2427,20046.3164,-0.0000,392.9937,14.2427,0,0,-1,0.0000,20046.3164,-0.0000,392.9937,14.2427,30
2078,19837.0000,0.0000,391.0694,9.6859,20126.3770,1000.0000,469.2029,9.6859,0,0,-1,0.0000,20126.3770,1000.0000,469.2029,9.6859,27
2079,19849.0000,348.3873,1000.0000,13.9109,20124.1582,998.0467,-0.0000,13.9109,0,0,-1,0.0000,20124.1582,998.0467,-0.0000,13.9109,28
2080,19863.0000,0.0000,434.9448,10.8804,20174.8750,999.9999,679.7101,10.8804,0,0,-1,0.0000,20174.8750,999.9999,679.7101,10.8804,27
2081,19877.0000,219.7988,0.0000,12.7935,20150.4102,978.0008,1000.0000,12.7935,0,0,-1,0.0000,20150.4102,978.0008,1000.0000,12.7935,23
2082,19885.0000,0.0000,51.3506,8.4335,20225.4531,896.1255,1000.0001,8.4335,0,0,-1,0.0000,20225.4531,896.1255,1000.0001,8.4335,22
2083,19897.0000,1000.0000,472.8019,10.3410,20183.7676,-0.0000,321.4546,10.3410,0,0,-1,0.0000,20183.7676,-0.0000,321.4546,10.3410,23
2084,19909.0000,124.7045,1000.0000,10.2808,20248.7422,503.3454,-0.0000,10.2808,0,0,-1,0.0000,20248.7422,503.3454,-0.0000,10.2808,24
2085,19919.0000,371.0935,326.7616,8.0000,20102.7012,1000.0000,988.5585,8.0000,0,0,-1,0.0000,20102.7012,1000.0000,988.5585,8.0000,24
2086,19930.0000,902.7341,0.0000,8.6733,20217.1602,422.7314,1000.0001,8.6733,0,0,-1,0.0000,20217.1602,422.7314,1000.0001,8.6733,25
2087,19940.0000,362.6295,152.9297,15.0000,20178.8809,691.9520,1000.0001,15.0000,0,0,-1,0.0000,20178.8809,691.9520,1000.0001,15.0000,26
2088,19954.0000,511.8338,669.4321,8.0000,20110.2910,300.5822,-0.0000,8.0000,0,0,-1,0.0000,20110.2910,300.5822,-0.0000,8.0000,26
2089,19967.0000,1000.0000,689.5959,13.5972,20243.9355,-0.0000,586.6065,13.5972,0,0,-1,0.0000,20243.9355,-0.0000,586.6065,13.5972,26
2090,19978.0000,1000.0000,110.0835,11.7592,20269.5859,264.3130,999.9999,11.7592,0,0,-1,0.0000,20269.5859,264.3130,999.9999,11.7592,26
2091,19984.0000,786.9106,818.2148,8.0000,20235.2168,168.7022,-0.0000,8.0000,0,0,-1,0.0000,20235.2168,168.7022,-0.0000,8.0000,25
2092,19996.0000,446.3499,0.0000,12.7202,20251.0332,934.4252,1000.0001,12.7202,0,0,-1,0.0000,20251.0332,934.4252,1000.0001,12.7202,26
2093,20007.0000,246.8201,1000.0000,12.3005,20230.6230,448.1023,-0.0000,12.3005,0,0,-1,0.0000,20230.6230,448.1023,-0.0000,12.3005,26
2094,20020.0000,873.0836,389.8606,15.0000,20232.1641,-0.0000,802.2336,15.0000,0,0,-1,0.0000,20232.1641,-0.0000,802.2336,15.0000,25
2095,20028.0000,852.1597,1000.0000,14.2997,20340.0488,470.3561,-0.0000,14.2997,0,0,-1,0.0000,20340.0488,470.3561,-0.0000,14.2997,25
2096,20037.0000,930.8416,1000.0000,9.3580,20312.2812,532.4539,-0.0000,9.3580,0,0,-1,0.0000,20312.2812,532.4539,-0.0000,9.3580,25
2097,20042.0000,700.6827,0.0000,11.5876,20301.3066,379.8448,1000.0000,11.5876,0,0,-1,0.0000,20301.3066,379.8448,1000.0000,11.5876,25
2098,20054.0000,327.2925,0.0000,10.2817,20278.0664,446.2809,1000.0001,10.2817,0,0,-1,0.0000,20278.0664,446.2809,1000.0001,10.2817,25
2099,20067.0000,657.3345,1000.0000,11.7511,20306.9648,521.3780,-0.0000,11.7511,0,0,-1,0.0000,20306.9648,521.3780,-0.0000,11.7511,24
2100,20073.0000,0.0000,880.4396,8.4618,20307.0859,999.9999,421.8766,8.4618,0,0,-1,0.0000,20307.0859,999.9999,421.8766,8.4618,25
2101,20082.0000,0.0000,284.8022,14.8183,20314.6230,1000.0000,376.6514,14.8183,0,0,-1,0.0000,20314.6230,1000.0000,376.6514,14.8183,25
2102,20091.0000,728.3506,0.0000,11.1551,20353.4727,307.5888,999.9999,11.1551,0,0,-1,0.0000,20353.4727,307.5888,999.9999,11.1551,25
2103,20102.0000,0.0000,896.2410,13.9225,20494.2930,806.9214,-0.0000,13.9225,0,0,-1,0.0000,20494.2930,806.9214,-0.0000,13.9225,26
2104,20112.0000,312.5662,743.9865,8.0000,20329.4121,833.0532,-0.0000,8.0000,0,0,-1,0.0000,20329.4121,833.0532,-0.0000,8.0000,25
2105,20122.0000,0.0000,252.8453,11.5976,20408.4785,917.1023,1000.0000,11.5976,0,0,-1,0.0000,20408.4785,917.1023,1000.0000,11.5976,26
2106,20129.0000,168.8736,604.8680,15.0000,20431.9688,1000.0000,11.0193,15.0000,0,0,-1,0.0000,20431.9688,1000.0000,11.0193,15.0000,25
2107,20139.0000,1.4275,0.0000,13.7950,20486.5547,1000.0000,594.7009,13.7950,0,0,-1,0.0000,20486.5547,1000.0000,594.7009,13.7950,26
2108,20149.0000,983.9186,5.5044,8.0000,20570.8164,19.8438,1000.0000,8.0000,0,0,-1,0.0000,20570.8164,19.8438,1000.0000,8.0000,27
2109,20156.0000,1000.0000,807.8946,8.3191,20495.4980,-0.0000,28.5064,8.3191,0,0,-1,0.0000,20495.4980,-0.0000,28.5064,8.3191,27
2110,20166.0000,0.0000,301.9322,8.1509,20434.1348,1000.0000,854.4945,8.1509,0,0,-1,0.0000,20434.1348,1000.0000,854.4945,8.1509,28
2111,20180.0000,994.7704,349.9574,8.0000,20543.4062,-0.0000,868.5447,8.0000,0,0,-1,0.0000,20543.4062,-0.0000,868.5447,8.0000,27
2112,20185.0000,0.0000,117.7797,14.8396,20445.7402,959.1674,999.9999,14.8396,0,0,-1,0.0000,20445.7402,959.1674,999.9999,14.8396,27
2113,20199.0000,0.0000,290.6587,11.0561,20406.8105,1000.0001,365.0027,11.0561,0,0,-1,0.0000,20406.8105,1000.0001,365.0027,11.0561,28
2114,20208.0000,541.3381,1000.0000,10.3612,20434.4688,596.4203,-0.0000,10.3612,0,0,-1,0.0000,20434.4688,596.4203,-0.0000,10.3612,29
2115,20214.0000,0.0000,371.7323,10.0731,20532.5840,999.9999,509.9290,10.0731,0,0,-1,0.0000,20532.5840,999.9999,509.9290,10.0731,30
2116,20228.0000,628.2809,793.9223,15.0000,20473.6582,513.8514,-0.0000,15.0000,0,0,-1,0.0000,20473.6582,513.8514,-0.0000,15.0000,29
2117,20242.0000,659.9847,0.0000,9.3872,20476.6250,238.2792,1000.0000,9.3872,0,0,-1,0.0000,20476.6250,238.2792,1000.0000,9.3872,27
2118,20255.0000,1000.0000,721.4240,14.0413,20526.6191,-0.0000,491.9544,14.0413,0,0,-1,0.0000,20526.6191,-0.0000,491.9544,14.0413,25
2119,20269.0000,812.4741,0.0000,14.8150,20557.0332,-0.0000,652.0034,14.8150,0,0,-1,0.0000,20557.0332,-0.0000,652.0034,14.8150,26
2120,20277.0000,289.1277,0.0000,10.5588,20565.5742,381.4066,999.9999,10.5588,0,0,-1,0.0000,20565.5742,381.4066,999.9999,10.5588,26
2121,20289.0000,1000.0000,486.6089,13.5927,20599.8750,-0.0000,869.8209,13.5927,0,0,-1,0.0000,20599.8750,-0.0000,869.8209,13.5927,26
2122,20299.0000,0.0000,201.2714,11.1293,20559.8652,778.5936,1000.0000,11.1293,0,0,-1,0.0000,20559.8652,778.5936,1000.0000,11.1293,27
2123,20304.0000,121.0795,865.8391,15.0000,20567.0488,1000.0000,107.6885,15.0000,0,0,-1,0.0000,20567.0488,1000.0000,107.6885,15.0000,27
2124,20311.0000,0.0000,10.8596,13.3626,20669.4922,559.7519,1000.0000,13.3626,0,0,-1,0.0000,20669.4922,559.7519,1000.0000,13.3626,26
2125,20324.0000,1000.0000,643.5777,12.9006,20588.0137,-0.0000,635.6246,12.9006,0,0,-1,0.0000,20588.0137,-0.0000,635.6246,12.9006,25
2126,20338.0000,294.6690,1000.0000,12.9594,20613.2012,976.6765,-0.0000,12.9594,0,0,-1,0.0000,20613.2012,976.6765,-0.0000,12.9594,25
2127,20348.0000,1000.0000,768.9944,10.7644,20563.9277,-0.0000,608.6595,10.7644,0,0,-1,0.0000,20563.9277,-0.0000,608.6595,10.7644,25
2128,20354.0000,0.0000,612.6959,11.8052,20644.6816,1000.0001,371.3666,11.8052,0,0,-1,0.0000,20644.6816,1000.0001,371.3666,11.8052,25
2129,20364.0000,536.7207,398.5130,8.0000,20535.3750,372.0497,1000.0001,8.0000,0,0,-1,0.0000,20535.3750,372.0497,1000.0001,8.0000,26
2130,20373.0000,703.4146,0.0000,8.4931,20577.5625,518.2778,1000.0001,8.4931,0,0,-1,0.0000,20577.5625,518.2778,1000.0001,8.4931,27
2131,20386.0000,362.5256,329.2877,8.0000,20629.4121,999.9999,912.2602,8.0000,0,0,-1,0.0000,20629.4121,999.9999,912.2602,8.0000,28
2132,20391.0000,479.2443,440.7269,8.0000,20544.5488,790.6868,999.9999,8.0000,0,0,-1,0.0000,20544.5488,790.6868,999.9999,8.0000,29
2133,20402.0000,0.0000,154.6400,14.7028,20691.4277,1000.0000,566.1285,14.7028,0,0,-1,0.0000,20691.4277,1000.0000,566.1285,14.7028,30
2134,20407.0000,460.4275,0.0000,8.6582,20664.2188,273.9932,1000.0000,8.6582,0,0,-1,0.0000,20664.2188,273.9932,1000.0000,8.6582,30
2135,20420.0000,1000.0000,842.3195,10.2369,20755.2910,-0.0000,111.8282,10.2369,0,0,-1,0.0000,20755.2910,-0.0000,111.8282,10.2369,30
2136,20431.0000,269.6808,620.1290,15.0000,20624.8086,1000.0001,475.4434,15.0000,0,0,-1,0.0000,20624.8086,1000.0001,475.4434,15.0000,31
2137,20440.0000,587.0654,160.1381,15.0000,20638.5762,520.1014,1000.0001,15.0000,0,0,-1,0.0000,20638.5762,520.1014,1000.0001,15.0000,29
2138,20454.0000,1000.0000,622.6075,8.1519,20670.1562,-0.0000,619.7083,8.1519,0,0,-1,0.0000,20670.1562,-0.0000,619.7083,8.1519,29
2139,20459.0000,178.6821,607.9470,8.0000,20694.9980,1000.0001,155.9508,8.0000,0,0,-1,0.0000,20694.9980,1000.0001,155.9508,8.0000,30
2140,20472.0000,735.5414,1000.0000,13.7517,20811.5996,495.4669,-0.0000,13.7517,0,0,-1,0.0000,20811.5996,495.4669,-0.0000,13.7517,31
2141,20486.0000,0.0000,945.4318,9.3353,20716.9355,535.0822,-0.0000,9.3353,0,0,-1,0.0000,20716.9355,535.0822,-0.0000,9.3353,30
2142,20495.0000,730.1484,640.1515,8.0000,20734.5781,-0.0000,449.0669,8.0000,0,0,-1,0.0000,20734.5781,-0.0000,449.0669,8.0000,29
2143,20500.0000,502.2372,18.5162,8.0000,20708.0273,415.3995,1000.0000,8.0000,0,0,-1,0.0000,20708.0273,415.3995,1000.0000,8.0000,29
2144,20505.0000,86.6341,0.0000,12.6759,20791.7285,994.8425,999.9999,12.6759,0,0,-1,0.0000,20791.7285,994.8425,999.9999,12.6759,30
2145,20510.0000,0.0000,393.0832,14.2189,20743.8203,999.9999,828.7501,14.2189,0,0,-1,0.0000,20743.8203,999.9999,828.7501,14.2189,31
2146,20520.0000,0.0000,192.7491,11.9425,20807.9648,1000.0000,760.6248,11.9425,0,0,-1,0.0000,20807.9648,1000.0000,760.6248,11.9425,32
2147,20534.0000,0.0000,304.1160,8.5344,20739.5176,1000.0000,387.0320,8.5344,0,0,-1,0.0000,20739.5176,1000.0000,387.0320,8.5344,31
2148,20539.0000,151.2163,1000.0000,11.0293,20891.2129,758.3298,-0.0000,11.0293,0,0,-1,0.0000,20891.2129,758.3298,-0.0000,11.0293,31
2149,20550.0000,79.6379,854.9435,8.0000,20778.0762,636.8301,-0.0000,8.0000,0,0,-1,0.0000,20778.0762,636.8301,-0.0000,8.0000,30
2150,20557.0000,488.2915,1000.0000,8.0749,20848.8145,781.6897,-0.0000,8.0749,0,0,-1,0.0000,20848.8145,781.6897,-0.0000,8.0749,31
2151,20571.0000,895.1588,108.8305,15.0000,20847.4395,-0.0000,834.6919,15.0000,0,0,-1,0.0000,20847.4395,-0.0000,834.6919,15.0000,26
2152,20578.0000,113.4465,1000.0000,10.0782,20857.6699,930.1033,-0.0000,10.0782,0,0,-1,0.0000,20857.6699,930.1033,-0.0000,10.0782,26
2153,20587.0000,53.1365,0.0000,10.7356,20837.3828,1000.0000,672.6281,10.7356,0,0,-1,0.0000,20837.3828,1000.0000,672.6281,10.7356,27
2154,20595.0000,1000.0000,233.0810,14.6035,20908.4668,-0.0000,794.8245,14.6035,0,0,-1,0.0000,20908.4668,-0.0000,794.8245,14.6035,27
2155,20608.0000,1000.0000,233.7542,9.2153,20929.9805,-0.0000,997.6097,9.2153,0,0,-1,0.0000,20929.9805,-0.0000,997.6097,9.2153,27
2156,20620.0000,676.4451,31.3799,8.0000,20838.4629,436.6516,999.9999,8.0000,0,0,-1,0.0000,20838.4629,436.6516,999.9999,8.0000,27
2157,20628.0000,645.3584,611.0335,8.0000,20863.9766,-0.0000,194.4470,8.0000,0,0,-1,0.0000,20863.9766,-0.0000,194.4470,8.0000,27
2158,20634.0000,180.9437,0.0000,10.5104,20955.4062,706.4023,999.9999,10.5104,0,0,-1,0.0000,20955.4062,706.4023,999.9999,10.5104,27
2159,20645.0000,300.3230,338.7761,8.0000,20813.7539,758.7740,999.9999,8.0000,0,0,-1,0.0000,20813.7539,758.7740,999.9999,8.0000,26
2160,20656.0000,893.3189,0.0000,9.7123,20882.1719,515.4526,1000.0001,9.7123,0,0,-1,0.0000,20882.1719,515.4526,1000.0001,9.7123,27
2161,20669.0000,127.5048,1000.0000,14.7149,20966.2949,1000.0001,210.6078,14.7149,0,0,-1,0.0000,20966.2949,1000.0001,210.6078,14.7149,27
2162,20682.0000,129.0531,860.0858,15.0000,20935.2051,1000.0001,464.1822,15.0000,0,0,-1,0.0000,20935.2051,1000.0001,464.1822,15.0000,26
2163,20696.0000,1000.0000,312.8110,14.3254,21039.2891,-0.0000,721.4008,14.3254,0,0,-1,0.0000,21039.2891,-0.0000,721.4008,14.3254,25
2164,20702.0000,1000.0000,880.9453,14.3686,20934.8281,321.9500,-0.0000,14.3686,0,0,-1,0.0000,20934.8281,321.9500,-0.0000,14.3686,26
2165,20716.0000,0.0000,138.4994,14.2274,20995.7344,1000.0001,745.0892,14.2274,0,0,-1,0.0000,20995.7344,1000.0001,745.0892,14.2274,26
2166,20730.0000,0.0000,524.6439,9.6436,20938.5566,1000.0001,496.4039,9.6436,0,0,-1,0.0000,20938.5566,1000.0001,496.4039,9.6436,26
2167,20744.0000,967.9235,0.0000,10.3100,21027.8125,268.8875,1000.0000,10.3100,0,0,-1,0.0000,21027.8125,268.8875,1000.0000,10.3100,24
2168,20757.0000,808.3787,1000.0000,10.3970,21018.3965,9.2085,-0.0000,10.3970,0,0,-1,0.0000,21018.3965,9.2085,-0.0000,10.3970,24
2169,20766.0000,1000.0000,954.3658,9.6787,21067.7188,-0.0000,326.7275,9.6787,0,0,-1,0.0000,21067.7188,-0.0000,326.7275,9.6787,25
2170,20771.0000,0.0000,461.3112,12.9207,21031.9121,999.9999,336.7537,12.9207,0,0,-1,0.0000,21031.9121,999.9999,336.7537,12.9207,26
2171,20784.0000,1000.0000,350.1172,11.7163,21054.7109,-0.0000,823.6846,11.7163,0,0,-1,0.0000,21054.7109,-0.0000,823.6846,11.7163,26
2172,20794.0000,454.3325,0.0000,10.6819,21020.6973,594.1154,1000.0000,10.6819,0,0,-1,0.0000,21020.6973,594.1154,1000.0000,10.6819,26
2173,20805.0000,0.0000,542.7073,14.8566,21118.6660,999.9999,404.8809,14.8566,0,0,-1,0.0000,21118.6660,999.9999,404.8809,14.8566,27
2174,20816.0000,1000.0000,786.7271,14.2174,21150.8984,76.9478,-0.0000,14.2174,0,0,-1,0.0000,21150.8984,76.9478,-0.0000,14.2174,25
2175,20826.0000,642.7638,0.0000,9.5321,21064.5625,127.0094,1000.0001,9.5321,0,0,-1,0.0000,21064.5625,127.0094,1000.0001,9.5321,26
2176,20836.0000,786.0289,211.2186,15.0000,21106.7305,-0.0000,841.8725,15.0000,0,0,-1,0.0000,21106.7305,-0.0000,841.8725,15.0000,27
2177,20848.0000,1000.0000,787.9498,9.9024,21063.4922,-0.0000,568.0280,9.9024,0,0,-1,0.0000,21063.4922,-0.0000,568.0280,9.9024,25
2178,20853.0000,125.7423,1000.0000,11.8099,21130.8574,472.1820,-0.0000,11.8099,0,0,-1,0.0000,21130.8574,472.1820,-0.0000,11.8099,25
2179,20860.0000,568.7527,878.9486,8.0000,21119.7441,226.1175,-0.0000,8.0000,0,0,-1,0.0000,21119.7441,226.1175,-0.0000,8.0000,25
2180,20866.0000,779.5912,0.0000,10.1905,21126.7832,517.4667,1000.0000,10.1905,0,0,-1,0.0000,21126.7832,517.4667,1000.0000,10.1905,25
2181,20876.0000,0.0000,51.7156,13.5537,21247.5898,630.8539,1000.0001,13.5537,0,0,-1,0.0000,21247.5898,630.8539,1000.0001,13.5537,26
2182,20888.0000,0.0000,331.8136,8.3419,21118.0039,999.9999,377.5584,8.3419,0,0,-1,0.0000,21118.0039,999.9999,377.5584,8.3419,26
2183,20895.0000,0.0000,705.9419,11.6263,21166.4141,999.9999,490.2273,11.6263,0,0,-1,0.0000,21166.4141,999.9999,490.2273,11.6263,26
2184,20908.0000,867.9643,292.3480,15.0000,21159.7656,-0.0000,451.9759,15.0000,0,0,-1,0.0000,21159.7656,-0.0000,451.9759,15.0000,27
2185,20913.0000,439.1160,498.1442,15.0000,21098.9160,999.9999,684.4953,15.0000,0,0,-1,0.0000,21098.9160,999.9999,684.4953,15.0000,27
2186,20919.0000,65.8909,817.7150,15.0000,21244.7754,758.3606,-0.0000,15.0000,0,0,-1,0.0000,21244.7754,758.3606,-0.0000,15.0000,28
2187,20930.0000,154.1486,1000.0000,14.3266,21201.8418,571.3973,-0.0000,14.3266,0,0,-1,0.0000,21201.8418,571.3973,-0.0000,14.3266,28
2188,20940.0000,1000.0000,184.4113,9.2593,21313.4590,-0.0000,968.7219,9.2593,0,0,-1,0.0000,21313.4590,-0.0000,968.7219,9.2593,26
2189,20953.0000,606.1620,0.0000,10.2290,21184.8105,422.0583,1000.0000,10.2290,0,0,-1,0.0000,21184.8105,422.0583,1000.0000,10.2290,27
2190,20964.0000,675.3727,0.0000,8.3103,21220.9258,-0.0000,954.2874,8.3103,0,0,-1,0.0000,21220.9258,-0.0000,954.2874,8.3103,27
2191,20975.0000,704.0885,391.8477,15.0000,21200.8086,-0.0000,760.7682,15.0000,0,0,-1,0.0000,21200.8086,-0.0000,760.7682,15.0000,27
2192,20980.0000,440.9707,1000.0000,13.6629,21256.6641,220.6717,-0.0000,13.6629,0,0,-1,0.0000,21256.6641,220.6717,-0.0000,13.6629,28
2193,20993.0000,907.3352,0.0000,11.3049,21231.2129,447.6010,999.9999,11.3049,0,0,-1,0.0000,21231.2129,447.6010,999.9999,11.3049,29
2194,21003.0000,575.1774,0.0000,11.9010,21239.3086,627.9485,1000.0001,11.9010,0,0,-1,0.0000,21239.3086,627.9485,1000.0001,11.9010,29
2195,21008.0000,0.0000,549.6149,10.3408,21284.9668,1000.0000,640.6329,10.3408,0,0,-1,0.0000,21284.9668,1000.0000,640.6329,10.3408,30
2196,21014.0000,861.8164,1000.0000,9.5562,21383.6758,-0.0000,161.1736,9.5562,0,0,-1,0.0000,21383.6758,-0.0000,161.1736,9.5562,31
2197,21027.0000,0.0000,27.6836,13.2690,21315.2109,1000.0000,591.4059,13.2690,0,0,-1,0.0000,21315.2109,1000.0000,591.4059,13.2690,30
2198,21034.0000,865.9202,1000.0000,11.9082,21306.0508,-0.0000,21.1635,11.9082,0,0,-1,0.0000,21306.0508,-0.0000,21.1635,11.9082,29
2199,21039.0000,725.2312,438.9046,15.0000,21220.5879,-0.0000,945.5465,15.0000,0,0,-1,0.0000,21220.5879,-0.0000,945.5465,15.0000,30
2200,21050.0000,0.0000,617.4640,10.6893,21295.8613,1000.0000,544.7628,10.6893,0,0,-1,0.0000,21295.8613,1000.0000,544.7628,10.6893,30
2201,21060.0000,998.9648,236.8168,8.0000,21379.4277,-0.0000,664.6751,8.0000,0,0,-1,0.0000,21379.4277,-0.0000,664.6751,8.0000,30
2202,21069.0000,0.0000,609.5503,10.7853,21427.7871,1000.0001,115.0557,10.7853,0,0,-1,0.0000,21427.7871,1000.0001,115.0557,10.7853,28
2203,21077.0000,755.0117,0.0000,8.4900,21317.9277,419.5374,999.9999,8.4900,0,0,-1,0.0000,21317.9277,419.5374,999.9999,8.4900,29
2204,21091.0000,1000.0000,153.4823,11.0321,21466.5762,104.5817,1000.0000,11.0321,0,0,-1,0.0000,21466.5762,104.5817,1000.0000,11.0321,30
2205,21104.0000,701.9832,1000.0000,8.6206,21396.6211,-0.0000,154.8803,8.6206,0,0,-1,0.0000,21396.6211,-0.0000,154.8803,8.6206,30
2206,21111.0000,1000.0000,770.6050,13.2585,21382.6875,-0.0000,581.2907,13.2585,0,0,-1,0.0000,21382.6875,-0.0000,581.2907,13.2585,30
2207,21119.0000,506.9326,1000.0000,14.7818,21451.5176,202.5834,-0.0000,14.7818,0,0,-1,0.0000,21451.5176,202.5834,-0.0000,14.7818,29
2208,21126.0000,877.5096,395.0993,8.0000,21377.3496,-0.0000,530.4718,8.0000,0,0,-1,0.0000,21377.3496,-0.0000,530.4718,8.0000,29
2209,21131.0000,1000.0000,370.1127,9.1474,21448.6211,-0.0000,515.6168,9.1474,0,0,-1,0.0000,21448.6211,-0.0000,515.6168,9.1474,28
2210,21139.0000,96.4063,134.2213,15.0000,21533.8809,1000.0000,911.8083,15.0000,0,0,-1,0.0000,21533.8809,1000.0000,911.8083,15.0000,29
2211,21151.0000,710.6464,451.8552,15.0000,21319.5938,-0.0000,837.1521,15.0000,0,0,-1,0.0000,21319.5938,-0.0000,837.1521,15.0000,29
2212,21165.0000,93.3112,0.0000,9.4564,21387.9473,490.0196,1000.0001,9.4564,0,0,-1,0.0000,21387.9473,490.0196,1000.0001,9.4564,29
2213,21170.0000,844.8080,8.7941,8.0000,21417.5742,313.4224,1000.0000,8.0000,0,0,-1,0.0000,21417.5742,313.4224,1000.0000,8.0000,29
2214,21181.0000,388.8264,1000.0000,11.9609,21418.8086,548.5406,-0.0000,11.9609,0,0,-1,0.0000,21418.8086,548.5406,-0.0000,11.9609,30
2215,21191.0000,924.6746,1000.0000,11.6291,21567.0488,368.6131,-0.0000,11.6291,0,0,-1,0.0000,21567.0488,368.6131,-0.0000,11.6291,30
2216,21200.0000,0.0000,666.9032,11.7938,21404.2441,1000.0000,530.3384,11.7938,0,0,-1,0.0000,21404.2441,1000.0000,530.3384,11.7938,31
2217,21214.0000,18.6877,103.0189,8.0000,21550.9766,999.9999,589.3040,8.0000,0,0,-1,0.0000,21550.9766,999.9999,589.3040,8.0000,30
2218,21220.0000,389.8952,1000.0000,8.2436,21434.3145,450.4951,-0.0000,8.2436,0,0,-1,0.0000,21434.3145,450.4951,-0.0000,8.2436,31
2219,21233.0000,516.0518,1000.0000,8.1346,21539.2344,637.8314,-0.0000,8.1346,0,0,-1,0.0000,21539.2344,637.8314,-0.0000,8.1346,29
2220,21239.0000,652.4132,63.8807,8.0000,21466.7480,-0.0000,919.8453,8.0000,0,0,-1,0.0000,21466.7480,-0.0000,919.8453,8.0000,30
2221,21248.0000,918.8467,0.0000,11.4919,21552.5020,288.5925,999.9999,11.4919,0,0,-1,0.0000,21552.5020,288.5925,999.9999,11.4919,28
2222,21262.0000,290.4132,0.0000,12.5253,21554.4043,1000.0001,991.4717,12.5253,0,0,-1,0.0000,21554.4043,1000.0001,991.4717,12.5253,28
2223,21273.0000,831.2208,193.3951,15.0000,21595.4062,19.2632,999.9999,15.0000,0,0,-1,0.0000,21595.4062,19.2632,999.9999,15.0000,29
2224,21283.0000,45.0022,42.6775,15.0000,21557.8945,1000.0000,634.5194,15.0000,0,0,-1,0.0000,21557.8945,1000.0000,634.5194,15.0000,30
2225,21296.0000,949.2523,430.7844,15.0000,21493.7383,-0.0000,576.7175,15.0000,0,0,-1,0.0000,21493.7383,-0.0000,576.7175,15.0000,29
2226,21301.0000,993.0536,1000.0000,12.5036,21642.7461,208.4809,-0.0000,12.5036,0,0,-1,0.0000,21642.7461,208.4809,-0.0000,12.5036,30
2227,21309.0000,610.0912,0.0000,11.0031,21537.4824,598.4266,999.9999,11.0031,0,0,-1,0.0000,21537.4824,598.4266,999.9999,11.0031,30
2228,21314.0000,507.3416,490.2917,8.0000,21437.9395,325.0377,1000.0000,8.0000,0,0,-1,0.0000,21437.9395,325.0377,1000.0000,8.0000,30
2229,21324.0000,835.4214,824.0580,15.0000,21527.1602,419.4203,-0.0000,15.0000,0,0,-1,0.0000,21527.1602,419.4203,-0.0000,15.0000,28
2230,21338.0000,500.0818,1000.0000,12.2232,21590.4043,598.4860,-0.0000,12.2232,0,0,-1,0.0000,21590.4043,598.4860,-0.0000,12.2232,29
2231,21351.0000,997.4575,0.0000,13.0624,21612.0664,-0.0000,663.2462,13.0624,0,0,-1,0.0000,21612.0664,-0.0000,663.2462,13.0624,30
2232,21359.0000,0.0000,595.0483,12.6247,21680.2988,1000.0000,291.6408,12.6247,0,0,-1,0.0000,21680.2988,1000.0000,291.6408,12.6247,31
2233,21367.0000,717.9222,1000.0000,9.6484,21706.5156,439.2627,-0.0000,9.6484,0,0,-1,0.0000,21706.5156,439.2627,-0.0000,9.6484,32
2234,21379.0000,0.0000,201.8410,10.8686,21703.2871,814.9507,1000.0000,10.8686,0,0,-1,0.0000,21703.2871,814.9507,1000.0000,10.8686,32
2235,21384.0000,1000.0000,468.0365,9.2954,21611.3203,-0.0000,225.9867,9.2954,0,0,-1,0.0000,21611.3203,-0.0000,225.9867,9.2954,30
2236,21391.0000,768.0680,1000.0000,13.2110,21667.4668,136.6843,-0.0000,13.2110,0,0,-1,0.0000,21667.4668,136.6843,-0.0000,13.2110,30
2237,21405.0000,122.7277,780.5027,15.0000,21630.9375,1000.0001,269.2028,15.0000,0,0,-1,0.0000,21630.9375,1000.0001,269.2028,15.0000,29
2238,21413.0000,1000.0000,826.4532,14.2934,21678.8848,21.7285,-0.0000,14.2934,0,0,-1,0.0000,21678.8848,21.7285,-0.0000,14.2934,30
2239,21425.0000,13.0657,180.1469,8.0000,21660.9375,999.9999,579.3359,8.0000,0,0,-1,0.0000,21660.9375,999.9999,579.3359,8.0000,29
2240,21434.0000,917.9886,35.3244,8.0000,21778.2754,-0.0000,578.8043,8.0000,0,0,-1,0.0000,21778.2754,-0.0000,578.8043,8.0000,29
2241,21447.0000,583.5189,1000.0000,9.4297,21702.1152,553.3906,-0.0000,9.4297,0,0,-1,0.0000,21702.1152,553.3906,-0.0000,9.4297,28
2242,21453.0000,728.6310,1000.0000,10.9535,21680.5742,381.5428,-0.0000,10.9535,0,0,-1,0.0000,21680.5742,381.5428,-0.0000,10.9535,27
2243,21460.0000,354.6760,644.8030,8.0000,21640.1289,850.5849,-0.0000,8.0000,0,0,-1,0.0000,21640.1289,850.5849,-0.0000,8.0000,28
2244,21472.0000,866.8101,224.2192,15.0000,21687.8789,-0.0000,809.8597,15.0000,0,0,-1,0.0000,21687.8789,-0.0000,809.8597,15.0000,27
2245,21484.0000,616.7808,0.0000,11.0760,21726.9082,287.3203,1000.0000,11.0760,0,0,-1,0.0000,21726.9082,287.3203,1000.0000,11.0760,28
2246,21491.0000,751.8251,375.2228,8.0000,21755.6504,-0.0000,689.2396,8.0000,0,0,-1,0.0000,21755.6504,-0.0000,689.2396,8.0000,29
2247,21504.0000,296.5990,386.7815,15.0000,21695.1836,999.9999,825.0152,15.0000,0,0,-1,0.0000,21695.1836,999.9999,825.0152,15.0000,29
2248,21517.0000,0.0000,685.7595,9.7964,21756.9531,1000.0000,488.4353,9.7964,0,0,-1,0.0000,21756.9531,1000.0000,488.4353,9.7964,30
2249,21522.0000,157.6943,530.7274,15.0000,21712.2773,999.9999,415.3704,15.0000,0,0,-1,0.0000,21712.2773,999.9999,415.3704,15.0000,31
2250,21529.0000,1000.0000,403.8174,10.8880,21793.9375,-0.0000,597.3061,10.8880,0,0,-1,0.0000,21793.9375,-0.0000,597.3061,10.8880,31
2251,21542.0000,0.0000,60.8625,11.3722,21807.0234,553.0486,1000.0000,11.3722,0,0,-1,0.0000,21807.0234,553.0486,1000.0000,11.3722,29
2252,21554.0000,172.4099,439.9147,8.0000,21810.8945,1000.0000,905.2894,8.0000,0,0,-1,0.0000,21810.8945,1000.0000,905.2894,8.0000,28
2253,21561.0000,376.3072,163.3858,15.0000,21818.8965,412.4244,999.9999,15.0000,0,0,-1,0.0000,21818.8965,412.4244,999.9999,15.0000,27
2254,21573.0000,359.2851,0.0000,13.5261,21776.3125,348.2554,1000.0001,13.5261,0,0,-1,0.0000,21776.3125,348.2554,1000.0001,13.5261,27
2255,21584.0000,738.0963,182.0026,8.0000,21791.6836,261.3125,1000.0000,8.0000,0,0,-1,0.0000,21791.6836,261.3125,1000.0000,8.0000,28
2256,21596.0000,1000.0000,779.6627,13.7920,21954.8320,-0.0000,38.5190,13.7920,0,0,-1,0.0000,21954.8320,-0.0000,38.5190,13.7920,27
2257,21604.0000,0.0000,337.4507,13.4294,21866.4531,1000.0000,405.5801,13.4294,0,0,-1,0.0000,21866.4531,1000.0000,405.5801,13.4294,28
2258,21618.0000,0.0000,841.3689,14.1896,21894.8867,1000.0000,560.5017,14.1896,0,0,-1,0.0000,21894.8867,1000.0000,560.5017,14.1896,27
2259,21626.0000,11.8691,1000.0000,14.4218,21961.8633,1000.0000,292.7909,14.4218,0,0,-1,0.0000,21961.8633,1000.0000,292.7909,14.4218,28
2260,21635.0000,297.7155,863.8062,8.0000,21969.0684,863.8188,-0.0000,8.0000,0,0,-1,0.0000,21969.0684,863.8188,-0.0000,8.0000,28
2261,21649.0000,49.1404,1000.0000,8.0936,21892.2422,1000.0000,301.5200,8.0936,0,0,-1,0.0000,21892.2422,1000.0000,301.5200,8.0936,27
2262,21662.0000,82.1239,1000.0000,13.9908,21991.3867,585.7134,-0.0000,13.9908,0,0,-1,0.0000,21991.3867,585.7134,-0.0000,13.9908,27
2263,21676.0000,0.0000,907.2982,10.4895,22063.3633,1000.0000,290.7965,10.4895,0,0,-1,0.0000,22063.3633,1000.0000,290.7965,10.4895,27
2264,21682.0000,506.5346,0.0000,12.5967,21952.4512,694.5919,999.9999,12.5967,0,0,-1,0.0000,21952.4512,694.5919,999.9999,12.5967,25
2265,21692.0000,256.5878,0.0000,14.8424,21971.2754,422.5191,1000.0000,14.8424,0,0,-1,0.0000,21971.2754,422.5191,1000.0000,14.8424,25
2266,21702.0000,218.4540,0.0000,11.3317,22057.5508,1000.0000,999.0286,11.3317,0,0,-1,0.0000,22057.5508,1000.0000,999.0286,11.3317,25
2267,21716.0000,372.9907,863.5766,15.0000,21937.4688,555.8673,-0.0000,15.0000,0,0,-1,0.0000,21937.4688,555.8673,-0.0000,15.0000,22
2268,21729.0000,0.0000,958.3154,9.3750,22078.9512,1000.0000,210.6493,9.3750,0,0,-1,0.0000,22078.9512,1000.0000,210.6493,9.3750,22
2269,21735.0000,1000.0000,176.4192,12.6430,21998.7676,-0.0000,768.9974,12.6430,0,0,-1,0.0000,21998.7676,-0.0000,768.9974,12.6430,23
2270,21741.0000,1000.0000,588.5469,11.4741,21986.4551,-0.0000,225.4630,11.4741,0,0,-1,0.0000,21986.4551,-0.0000,225.4630,11.4741,24
2271,21752.0000,971.0561,170.9890,15.0000,21989.4141,-0.0000,646.5831,15.0000,0,0,-1,0.0000,21989.4141,-0.0000,646.5831,15.0000,25
2272,21760.0000,966.7714,876.5198,8.0000,22008.3379,-0.0000,275.5298,8.0000,0,0,-1,0.0000,22008.3379,-0.0000,275.5298,8.0000,24
2273,21770.0000,611.1985,1000.0000,14.1571,22039.5918,590.7231,-0.0000,14.1571,0,0,-1,0.0000,22039.5918,590.7231,-0.0000,14.1571,25
2274,21777.0000,0.0000,134.8580,9.6571,22097.7480,1000.0000,837.6187,9.6571,0,0,-1,0.0000,22097.7480,1000.0000,837.6187,9.6571,25
2275,21783.0000,729.3162,1000.0000,12.1249,22030.6562,307.1578,-0.0000,12.1249,0,0,-1,0.0000,22030.6562,307.1578,-0.0000,12.1249,25
2276,21796.0000,21.4184,985.9731,15.0000,22194.7402,965.8547,-0.0000,15.0000,0,0,-1,0.0000,22194.7402,965.8547,-0.0000,15.0000,24
2277,21808.0000,553.7653,1000.0000,10.5333,22073.9434,452.0529,-0.0000,10.5333,0,0,-1,0.0000,22073.9434,452.0529,-0.0000,10.5333,24
2278,21813.0000,789.4172,351.2600,15.0000,21997.5918,-0.0000,811.6321,15.0000,0,0,-1,0.0000,21997.5918,-0.0000,811.6321,15.0000,24
2279,21818.0000,1000.0000,875.3669,14.2565,22188.4961,-0.0000,242.6514,14.2565,0,0,-1,0.0000,22188.4961,-0.0000,242.6514,14.2565,25
2280,21830.0000,425.2808,476.3497,8.0000,21985.6680,1000.0000,504.9052,8.0000,0,0,-1,0.0000,21985.6680,1000.0000,504.9052,8.0000,25
2281,21839.0000,710.0372,747.4320,15.0000,22041.7871,-0.0000,81.3718,15.0000,0,0,-1,0.0000,22041.7871,-0.0000,81.3718,15.0000,26
2282,21844.0000,751.9490,448.9314,8.0000,22049.2383,-0.0000,890.5485,8.0000,0,0,-1,0.0000,22049.2383,-0.0000,890.5485,8.0000,27
2283,21858.0000,1000.0000,674.7462,9.3893,22100.1758,-0.0000,100.1358,9.3893,0,0,-1,0.0000,22100.1758,-0.0000,100.1358,9.3893,28
2284,21867.0000,300.3364,1000.0000,9.0410,22128.8926,926.5418,-0.0000,9.0410,0,0,-1,0.0000,22128.8926,926.5418,-0.0000,9.0410,28
2285,21877.0000,1000.0000,976.9997,10.5211,22138.2988,265.7714,-0.0000,10.5211,0,0,-1,0.0000,22138.2988,265.7714,-0.0000,10.5211,29
2286,21889.0000,1000.0000,113.0494,9.1458,22215.7812,-0.0000,539.6647,9.1458,0,0,-1,0.0000,22215.7812,-0.0000,539.6647,9.1458,30
2287,21896.0000,1000.0000,533.6677,12.3234,21896.0000,1000.0000,533.6677,12.3234,0,0,-1,0.0000,21896.0000,1000.0000,533.6677,12.3234,29
2288,21909.0000,808.6232,401.6633,8.0000,22113.5996,-0.0000,599.6208,8.0000,0,0,-1,0.0000,22113.5996,-0.0000,599.6208,8.0000,29
2289,21917.0000,946.1656,802.3067,8.0000,22243.8633,-0.0000,328.8171,8.0000,0,0,-1,0.0000,22243.8633,-0.0000,328.8171,8.0000,30
2290,21928.0000,458.3435,0.0000,14.2574,22208.3750,528.6706,1000.0001,14.2574,0,0,-1,0.0000,22208.3750,528.6706,1000.0001,14.2574,31
2291,21933.0000,352.8135,789.8317,15.0000,22157.1523,997.6852,-0.0000,15.0000,0,0,-1,0.0000,22157.1523,997.6852,-0.0000,15.0000,32
2292,21942.0000,0.0000,863.0058,11.0478,22224.0566,755.2468,-0.0000,11.0478,0,0,-1,0.0000,22224.0566,755.2468,-0.0000,11.0478,32
2293,21953.0000,831.7888,536.2039,8.0000,21953.0000,831.7888,536.2039,8.0000,0,0,-1,0.0000,21953.0000,831.7888,536.2039,8.0000,32
2294,21960.0000,510.6664,883.0097,8.0000,22171.7793,601.0321,-0.0000,8.0000,0,0,-1,0.0000,22171.7793,601.0321,-0.0000,8.0000,31
2295,21972.0000,523.3608,0.0000,8.7707,22196.3203,741.8417,1000.0000,8.7707,0,0,-1,0.0000,22196.3203,741.8417,1000.0000,8.7707,29
2296,21982.0000,96.6676,0.0000,14.4546,22223.0918,999.9999,677.7182,14.4546,0,0,-1,0.0000,22223.0918,999.9999,677.7182,14.4546,30
2297,21989.0000,1000.0000,741.9403,13.2871,22269.0078,-0.0000,415.5667,13.2871,0,0,-1,0.0000,22269.0078,-0.0000,415.5667,13.2871,29
2298,21999.0000,0.0000,392.6378,8.8645,22221.9023,999.9999,288.2715,8.8645,0,0,-1,0.0000,22221.9023,999.9999,288.2715,8.8645,26
2299,22013.0000,752.4315,0.0000,13.1513,22376.9551,163.7583,1000.0001,13.1513,0,0,-1,0.0000,22376.9551,163.7583,1000.0001,13.1513,26
2300,22020.0000,841.4683,0.0000,10.2125,22254.7148,554.2788,1000.0001,10.2125,0,0,-1,0.0000,22254.7148,554.2788,1000.0001,10.2125,27
2301,22027.0000,320.7701,0.0000,10.5332,22299.6641,757.9595,1000.0000,10.5332,0,0,-1,0.0000,22299.6641,757.9595,1000.0000,10.5332,28
2302,22034.0000,457.0326,1000.0000,11.3455,22329.7305,877.3517,-0.0000,11.3455,0,0,-1,0.0000,22329.7305,877.3517,-0.0000,11.3455,28
2303,22045.0000,226.0263,205.0462,8.0000,22240.7305,1000.0001,738.5922,8.0000,0,0,-1,0.0000,22240.7305,1000.0001,738.5922,8.0000,27
2304,22051.0000,279.8337,183.6818,8.0000,22295.0469,1000.0000,730.9691,8.0000,0,0,-1,0.0000,22295.0469,1000.0000,730.9691,8.0000,27
2305,22060.0000,344.0432,1000.0000,14.7093,22290.3691,773.8326,-0.0000,14.7093,0,0,-1,0.0000,22290.3691,773.8326,-0.0000,14.7093,27
2306,22074.0000,1000.0000,627.8486,10.6272,22408.7480,-0.0000,427.8014,10.6272,0,0,-1,0.0000,22408.7480,-0.0000,427.8014,10.6272,26
2307,22083.0000,688.3021,1000.0000,13.6695,22395.7285,473.3252,-0.0000,13.6695,0,0,-1,0.0000,22395.7285,473.3252,-0.0000,13.6695,26
2308,22088.0000,9.6623,163.8059,15.0000,22357.7500,661.5988,1000.0001,15.0000,0,0,-1,0.0000,22357.7500,661.5988,1000.0001,15.0000,27
2309,22100.0000,59.6473,1000.0000,9.1475,22445.8711,1000.0000,369.9235,9.1475,0,0,-1,0.0000,22445.8711,1000.0000,369.9235,9.1475,27
2310,22107.0000,0.0000,702.0114,13.9123,22495.5723,1000.0000,23.0337,13.9123,0,0,-1,0.0000,22495.5723,1000.0000,23.0337,13.9123,27
2311,22114.0000,1000.0000,883.5624,14.6965,22363.7148,202.1766,-0.0000,14.6965,0,0,-1,0.0000,22363.7148,202.1766,-0.0000,14.6965,27
2312,22123.0000,658.5746,793.4084,8.0000,22310.5723,363.3374,-0.0000,8.0000,0,0,-1,0.0000,22310.5723,363.3374,-0.0000,8.0000,28
2313,22129.0000,97.7705,0.0000,13.4863,22405.8535,652.3479,1000.0000,13.4863,0,0,-1,0.0000,22405.8535,652.3479,1000.0000,13.4863,28
2314,22141.0000,829.5776,423.0058,15.0000,22405.9355,-0.0000,904.9030,15.0000,0,0,-1,0.0000,22405.9355,-0.0000,904.9030,15.0000,28
2315,22146.0000,0.0000,860.5903,11.4175,22485.9473,682.4435,-0.0000,11.4175,0,0,-1,0.0000,22485.9473,682.4435,-0.0000,11.4175,29
2316,22155.0000,0.0000,860.2633,10.0047,22491.1836,1000.0001,109.2270,10.0047,0,0,-1,0.0000,22491.1836,1000.0001,109.2270,10.0047,30
2317,22161.0000,0.0000,33.7840,8.9819,22491.8164,679.7941,1000.0000,8.9819,0,0,-1,0.0000,22491.8164,679.7941,1000.0000,8.9819,30
2318,22172.0000,63.1569,13.3981,15.0000,22468.7090,580.2855,1000.0000,15.0000,0,0,-1,0.0000,22468.7090,580.2855,1000.0000,15.0000,30
2319,22180.0000,0.0000,858.4669,12.7863,22443.3945,1000.0000,222.1510,12.7863,0,0,-1,0.0000,22443.3945,1000.0000,222.1510,12.7863,31
2320,22185.0000,759.0925,1000.0000,8.0397,22414.4414,-0.0000,213.9082,8.0397,0,0,-1,0.0000,22414.4414,-0.0000,213.9082,8.0397,32
2321,22197.0000,14.8155,1000.0000,10.3092,22578.1191,935.8956,-0.0000,10.3092,0,0,-1,0.0000,22578.1191,935.8956,-0.0000,10.3092,30
2322,22205.0000,0.0000,970.2946,11.7969,22638.9961,1000.0000,40.2517,11.7969,0,0,-1,0.0000,22638.9961,1000.0000,40.2517,11.7969,31
2323,22213.0000,0.0000,225.6582,10.2019,22498.1523,1000.0000,422.4590,10.2019,0,0,-1,0.0000,22498.1523,1000.0000,422.4590,10.2019,31
2324,22220.0000,782.8156,0.0000,12.8498,22459.7832,-0.0000,834.0207,12.8498,0,0,-1,0.0000,22459.7832,-0.0000,834.0207,12.8498,31
2325,22229.0000,664.3578,591.9881,15.0000,22448.7969,125.3357,-0.0000,15.0000,0,0,-1,0.0000,22448.7969,125.3357,-0.0000,15.0000,29
2326,22242.0000,890.3290,579.3972,8.0000,22538.7676,-0.0000,364.6116,8.0000,0,0,-1,0.0000,22538.7676,-0.0000,364.6116,8.0000,29
2327,22255.0000,411.6719,1000.0000,12.1315,22574.3516,446.0887,-0.0000,12.1315,0,0,-1,0.0000,22574.3516,446.0887,-0.0000,12.1315,28
2328,22261.0000,330.6385,0.0000,12.5559,22580.5039,775.4733,1000.0000,12.5559,0,0,-1,0.0000,22580.5039,775.4733,1000.0000,12.5559,29
2329,22269.0000,1000.0000,594.6642,11.5644,22269.0000,1000.0000,594.6642,11.5644,0,0,-1,0.0000,22269.0000,1000.0000,594.6642,11.5644,30
2330,22281.0000,0.0000,911.1194,14.1790,22560.5742,1000.0001,456.4479,14.1790,0,0,-1,0.0000,22560.5742,1000.0001,456.4479,14.1790,29
2331,22295.0000,163.9525,135.1902,8.0000,22501.4199,999.9999,598.0891,8.0000,0,0,-1,0.0000,22501.4199,999.9999,598.0891,8.0000,29
2332,22300.0000,832.2096,40.1595,15.0000,22625.7734,48.9490,1000.0001,15.0000,0,0,-1,0.0000,22625.7734,48.9490,1000.0001,15.0000,28
2333,22311.0000,888.7759,1000.0000,10.0158,22562.7598,-0.0000,227.8918,10.0158,0,0,-1,0.0000,22562.7598,-0.0000,227.8918,10.0158,28
2334,22318.0000,0.0000,594.7778,10.7999,22592.2207,1000.0000,747.7009,10.7999,0,0,-1,0.0000,22592.2207,1000.0000,747.7009,10.7999,29
2335,22331.0000,369.9517,751.8456,8.0000,22510.5723,697.3157,-0.0000,8.0000,0,0,-1,0.0000,22510.5723,697.3157,-0.0000,8.0000,29
2336,22336.0000,1000.0000,28.7385,14.6817,22754.5449,-0.0000,915.0891,14.6817,0,0,-1,0.0000,22754.5449,-0.0000,915.0891,14.6817,30
2337,22349.0000,165.7272,1000.0000,10.9815,22614.5898,1000.0000,76.6086,10.9815,0,0,-1,0.0000,22614.5898,1000.0000,76.6086,10.9815,31
2338,22361.0000,362.3203,247.4365,8.0000,22586.1895,516.0685,1000.0000,8.0000,0,0,-1,0.0000,22586.1895,516.0685,1000.0000,8.0000,31
2339,22372.0000,0.0000,674.3052,9.2428,22614.2266,1000.0000,16.6950,9.2428,0,0,-1,0.0000,22614.2266,1000.0000,16.6950,9.2428,31
2340,22380.0000,877.7277,476.0905,15.0000,22587.7949,-0.0000,816.7011,15.0000,0,0,-1,0.0000,22587.7949,-0.0000,816.7011,15.0000,31
2341,22393.0000,873.9914,409.5640,8.0000,22593.3594,-0.0000,788.3597,8.0000,0,0,-1,0.0000,22593.3594,-0.0000,788.3597,8.0000,32
2342,22400.0000,0.0000,28.4446,12.0747,22781.9805,788.4316,1000.0000,12.0747,0,0,-1,0.0000,22781.9805,788.4316,1000.0000,12.0747,32
2343,22411.0000,848.5656,347.1768,15.0000,22605.4219,-0.0000,712.9127,15.0000,0,0,-1,0.0000,22605.4219,-0.0000,712.9127,15.0000,30
2344,22420.0000,1000.0000,450.3038,8.7259,22658.0488,-0.0000,759.5804,8.7259,0,0,-1,0.0000,22658.0488,-0.0000,759.5804,8.7259,30
2345,22434.0000,243.1797,760.5295,15.0000,22636.8887,1000.0000,268.5560,15.0000,0,0,-1,0.0000,22636.8887,1000.0000,268.5560,15.0000,31
2346,22447.0000,1000.0000,956.9894,8.9601,22873.5645,77.2677,-0.0000,8.9601,0,0,-1,0.0000,22873.5645,77.2677,-0.0000,8.9601,30
2347,22458.0000,310.5952,0.0000,12.7579,22747.3750,1000.0000,920.6021,12.7579,0,0,-1,0.0000,22747.3750,1000.0000,920.6021,12.7579,30
2348,22470.0000,0.0000,256.6897,9.2089,22788.6602,999.9999,740.6965,9.2089,0,0,-1,0.0000,22788.6602,999.9999,740.6965,9.2089,29
2349,22476.0000,0.0000,16.1491,10.1323,22822.0566,971.4279,1000.0000,10.1323,0,0,-1,0.0000,22822.0566,971.4279,1000.0000,10.1323,30
2350,22489.0000,1000.0000,41.7019,9.7306,22824.2383,231.8736,1000.0000,9.7306,0,0,-1,0.0000,22824.2383,231.8736,1000.0000,9.7306,30
2351,22496.0000,47.8824,1000.0000,9.4437,22747.9062,520.6863,-0.0000,9.4437,0,0,-1,0.0000,22747.9062,520.6863,-0.0000,9.4437,28
2352,22506.0000,860.1318,1000.0000,13.4617,22801.5977,-0.0000,411.7854,13.4617,0,0,-1,0.0000,22801.5977,-0.0000,411.7854,13.4617,27
2353,22513.0000,958.1119,0.0000,10.9712,22933.7812,-0.0000,901.4852,10.9712,0,0,-1,0.0000,22933.7812,-0.0000,901.4852,10.9712,27
2354,22526.0000,1000.0000,842.6376,10.7973,22797.3457,-0.0000,182.3755,10.7973,0,0,-1,0.0000,22797.3457,-0.0000,182.3755,10.7973,28
2355,22537.0000,0.0000,569.5732,12.5114,22890.5000,1000.0000,192.8468,12.5114,0,0,-1,0.0000,22890.5000,1000.0000,192.8468,12.5114,29
2356,22545.0000,0.4988,404.0362,15.0000,22814.6934,1000.0000,263.8049,15.0000,0,0,-1,0.0000,22814.6934,1000.0000,263.8049,15.0000,29
2357,22556.0000,511.0272,1000.0000,12.3569,22824.1816,423.9403,-0.0000,12.3569,0,0,-1,0.0000,22824.1816,423.9403,-0.0000,12.3569,30
2358,22565.0000,51.1976,233.7855,8.0000,22826.0137,958.4082,1000.0000,8.0000,0,0,-1,0.0000,22826.0137,958.4082,1000.0000,8.0000,29
2359,22575.0000,0.0000,207.6790,14.0112,22852.0859,686.6730,1000.0001,14.0112,0,0,-1,0.0000,22852.0859,686.6730,1000.0001,14.0112,29
2360,22583.0000,642.6424,580.8625,15.0000,22743.9648,-0.0000,360.0747,15.0000,0,0,-1,0.0000,22743.9648,-0.0000,360.0747,15.0000,28
2361,22591.0000,968.3580,630.7006,15.0000,22591.0000,968.3580,630.7006,15.0000,0,0,-1,0.0000,22591.0000,968.3580,630.7006,15.0000,27
2362,22600.0000,0.0000,115.8755,8.5811,22844.3887,760.0021,1000.0000,8.5811,0,0,-1,0.0000,22844.3887,760.0021,1000.0000,8.5811,25
2363,22608.0000,0.0000,670.6174,9.3064,22866.6699,1000.0000,604.8200,9.3064,0,0,-1,0.0000,22866.6699,1000.0000,604.8200,9.3064,25
2364,22621.0000,920.9169,191.9906,15.0000,22831.2988,259.3458,1000.0000,15.0000,0,0,-1,0.0000,22831.2988,259.3458,1000.0000,15.0000,24
2365,22631.0000,1000.0000,728.4197,8.8886,22945.1484,-0.0000,335.1945,8.8886,0,0,-1,0.0000,22945.1484,-0.0000,335.1945,8.8886,24
2366,22644.0000,739.4800,0.0000,10.0913,22947.8477,301.1312,999.9999,10.0913,0,0,-1,0.0000,22947.8477,301.1312,999.9999,10.0913,23
2367,22651.0000,867.3591,379.9262,8.0000,22918.3691,-0.0000,662.6176,8.0000,0,0,-1,0.0000,22918.3691,-0.0000,662.6176,8.0000,24
2368,22660.0000,735.8920,0.0000,13.5254,22943.5371,-0.0000,816.8098,13.5254,0,0,-1,0.0000,22943.5371,-0.0000,816.8098,13.5254,24
2369,22668.0000,241.7537,1000.0000,11.5578,22944.3711,572.6644,-0.0000,11.5578,0,0,-1,0.0000,22944.3711,572.6644,-0.0000,11.5578,25
2370,22680.0000,0.0000,301.4088,8.1916,22928.1797,794.4553,1000.0000,8.1916,0,0,-1,0.0000,22928.1797,794.4553,1000.0000,8.1916,26
2371,22694.0000,0.0000,513.8372,10.3123,22954.7812,1000.0001,512.0367,10.3123,0,0,-1,0.0000,22954.7812,1000.0001,512.0367,10.3123,27
2372,22699.0000,79.6037,0.0000,13.7390,23108.6914,898.2786,1000.0001,13.7390,0,0,-1,0.0000,23108.6914,898.2786,1000.0001,13.7390,28
2373,22710.0000,782.3228,1000.0000,13.6194,22936.6602,554.2898,-0.0000,13.6194,0,0,-1,0.0000,22936.6602,554.2898,-0.0000,13.6194,29
2374,22724.0000,1000.0000,545.4868,13.4531,23005.8047,-0.0000,497.6661,13.4531,0,0,-1,0.0000,23005.8047,-0.0000,497.6661,13.4531,30
2375,22738.0000,133.8776,185.1121,15.0000,22934.2891,999.9999,639.4488,15.0000,0,0,-1,0.0000,22934.2891,999.9999,639.4488,15.0000,31
2376,22745.0000,0.0000,576.2086,11.2806,22961.5391,1000.0000,387.4150,11.2806,0,0,-1,0.0000,22961.5391,1000.0000,387.4150,11.2806,31
2377,22756.0000,504.7823,1000.0000,10.3653,23040.9297,389.9983,-0.0000,10.3653,0,0,-1,0.0000,23040.9297,389.9983,-0.0000,10.3653,29
2378,22767.0000,521.5474,0.0000,11.1206,23077.8379,163.3103,999.9999,11.1206,0,0,-1,0.0000,23077.8379,163.3103,999.9999,11.1206,30
2379,22781.0000,937.8430,0.0000,8.8219,23068.8945,121.8907,1000.0000,8.8219,0,0,-1,0.0000,23068.8945,121.8907,1000.0000,8.8219,31
2380,22793.0000,717.1430,1000.0000,12.0748,23038.0781,60.5259,-0.0000,12.0748,0,0,-1,0.0000,23038.0781,60.5259,-0.0000,12.0748,30
2381,22802.0000,586.9426,1000.0000,12.8148,23016.1074,540.9894,-0.0000,12.8148,0,0,-1,0.0000,23016.1074,540.9894,-0.0000,12.8148,29
2382,22811.0000,224.4317,998.6149,8.0000,23088.2812,660.3016,-0.0000,8.0000,0,0,-1,0.0000,23088.2812,660.3016,-0.0000,8.0000,30
2383,22820.0000,580.9990,1000.0000,12.3750,23025.9199,654.9924,-0.0000,12.3750,0,0,-1,0.0000,23025.9199,654.9924,-0.0000,12.3750,30
2384,22833.0000,490.9827,826.4083,8.0000,23008.0391,272.1042,-0.0000,8.0000,0,0,-1,0.0000,23008.0391,272.1042,-0.0000,8.0000,26
2385,22844.0000,1000.0000,418.7047,10.1059,23082.9434,-0.0000,738.2244,10.1059,0,0,-1,0.0000,23082.9434,-0.0000,738.2244,10.1059,27
2386,22850.0000,117.0818,1000.0000,12.5475,23088.9395,704.8799,-0.0000,12.5475,0,0,-1,0.0000,23088.9395,704.8799,-0.0000,12.5475,27
2387,22864.0000,681.4268,0.0000,12.4132,23082.3906,655.5698,1000.0000,12.4132,0,0,-1,0.0000,23082.3906,655.5698,1000.0000,12.4132,27
2388,22878.0000,0.0000,288.2675,12.4175,23135.9863,1000.0000,381.8942,12.4175,0,0,-1,0.0000,23135.9863,1000.0000,381.8942,12.4175,26
2389,22889.0000,764.7767,1000.0000,10.5752,23236.3066,182.9486,-0.0000,10.5752,0,0,-1,0.0000,23236.3066,182.9486,-0.0000,10.5752,27
2390,22902.0000,209.4737,0.0000,10.3771,23166.5586,1000.0000,894.4480,10.3771,0,0,-1,0.0000,23166.5586,1000.0000,894.4480,10.3771,27
2391,22910.0000,519.3405,927.1028,8.0000,23205.1602,245.3689,-0.0000,8.0000,0,0,-1,0.0000,23205.1602,245.3689,-0.0000,8.0000,28
2392,22921.0000,831.1453,597.2294,8.0000,23120.3750,-0.0000,411.7606,8.0000,0,0,-1,0.0000,23120.3750,-0.0000,411.7606,8.0000,28
2393,22934.0000,400.5041,666.4236,8.0000,23179.8770,1000.0000,67.8326,8.0000,0,0,-1,0.0000,23179.8770,1000.0000,67.8326,8.0000,27
2394,22944.0000,1000.0000,48.0058,11.2394,23200.3145,253.1513,1000.0000,11.2394,0,0,-1,0.0000,23200.3145,253.1513,1000.0000,11.2394,25
2395,22954.0000,1000.0000,938.2585,8.7813,23208.2031,176.9813,-0.0000,8.7813,0,0,-1,0.0000,23208.2031,176.9813,-0.0000,8.7813,23
2396,22963.0000,851.8429,0.0000,14.7183,23249.5176,338.3279,1000.0001,14.7183,0,0,-1,0.0000,23249.5176,338.3279,1000.0001,14.7183,22
2397,22973.0000,178.7618,125.6159,7.8476,23194.9297,667.3627,1000.0000,8.0000,1,1,1,0.0000,23194.9297,667.3627,1000.0000,7.8476,23
2398,22986.0000,0.0000,891.1259,8.2682,23343.5703,789.2957,-0.0000,8.2682,0,0,-1,0.0000,23343.5703,789.2957,-0.0000,8.2682,24
2399,22997.0000,101.6397,22.4167,15.0000,23254.8223,1000.0000,751.2020,15.0000,0,0,-1,0.0000,23254.8223,1000.0000,751.2020,15.0000,25
2400,23004.0000,1000.0000,385.5781,13.4217,23229.2910,-0.0000,682.9648,13.4217,0,0,-1,0.0000,23229.2910,-0.0000,682.9648,13.4217,26
2401,23016.0000,881.2028,1000.0000,14.9764,23347.3809,-0.0000,230.1394,14.9764,0,0,-1,0.0000,23347.3809,-0.0000,230.1394,14.9764,25
2402,23021.0000,1000.0000,289.5254,13.3093,23392.9980,-0.0000,871.1777,13.3093,0,0,-1,0.0000,23392.9980,-0.0000,871.1777,13.3093,25
2403,23028.0000,117.3026,0.0000,10.9616,23330.4531,565.6531,1000.0000,10.9616,0,0,-1,0.0000,23330.4531,565.6531,1000.0000,10.9616,25
2404,23033.0000,1000.0000,343.7331,14.4031,23305.5078,-0.0000,539.0739,14.4031,0,0,-1,0.0000,23305.5078,-0.0000,539.0739,14.4031,26
2405,23045.0000,143.0483,415.8648,15.0000,23252.9473,1000.0000,841.3901,15.0000,0,0,-1,0.0000,23252.9473,1000.0000,841.3901,15.0000,25
2406,23054.0000,593.3569,0.0000,14.0188,23354.7930,420.8447,1000.0001,14.0188,0,0,-1,0.0000,23354.7930,420.8447,1000.0001,14.0188,26
2407,23066.0000,434.2669,1000.0000,10.3463,23332.8965,346.2601,-0.0000,10.3463,0,0,-1,0.0000,23332.8965,346.2601,-0.0000,10.3463,27
2408,23074.0000,1000.0000,294.3275,9.7315,23328.2559,-0.0000,921.6368,9.7315,0,0,-1,0.0000,23328.2559,-0.0000,921.6368,9.7315,27
2409,23081.0000,755.3752,557.0910,8.0000,23276.1621,-0.0000,195.4386,8.0000,0,0,-1,0.0000,23276.1621,-0.0000,195.4386,8.0000,27
2410,23087.0000,1000.0000,714.8522,13.3581,23463.4141,-0.0000,177.9771,13.3581,0,0,-1,0.0000,23463.4141,-0.0000,177.9771,13.3581,26
2411,23101.0000,151.4305,996.6347,15.0000,23401.8301,915.3466,-0.0000,15.0000,0,0,-1,0.0000,23401.8301,915.3466,-0.0000,15.0000,25
2412,23110.0000,179.1523,122.8060,15.0000,23371.3926,960.6193,1000.0000,15.0000,0,0,-1,0.0000,23371.3926,960.6193,1000.0000,15.0000,25
2413,23124.0000,1000.0000,392.5571,13.3554,23433.3379,-0.0000,998.3353,13.3554,0,0,-1,0.0000,23433.3379,-0.0000,998.3353,13.3554,25
2414,23129.0000,1000.0000,625.1039,10.5290,23363.0195,-0.0000,141.8780,10.5290,0,0,-1,0.0000,23363.0195,-0.0000,141.8780,10.5290,26
2415,23143.0000,202.4087,0.0000,14.7795,23406.3418,767.4650,999.9999,14.7795,0,0,-1,0.0000,23406.3418,767.4650,999.9999,14.7795,26
2416,23148.0000,0.0000,796.1409,13.8632,23490.1758,1000.0000,301.4081,13.8632,0,0,-1,0.0000,23490.1758,1000.0000,301.4081,13.8632,27
2417,23156.0000,433.6478,52.5634,15.0000,23393.1113,242.5324,1000.0001,15.0000,0,0,-1,0.0000,23393.1113,242.5324,1000.0001,15.0000,28
2418,23170.0000,294.3574,0.0000,13.3611,23400.8262,692.7295,999.9999,13.3611,0,0,-1,0.0000,23400.8262,692.7295,999.9999,13.3611,28
2419,23180.0000,410.6620,401.0708,15.0000,23413.9863,1000.0000,982.4708,15.0000,0,0,-1,0.0000,23413.9863,1000.0000,982.4708,15.0000,28
2420,23194.0000,832.9183,38.9635,15.0000,23423.8262,534.9957,999.9999,15.0000,0,0,-1,0.0000,23423.8262,534.9957,999.9999,15.0000,29
2421,23206.0000,1000.0000,61.3851,8.3436,23454.9590,-0.0000,730.1727,8.3436,0,0,-1,0.0000,23454.9590,-0.0000,730.1727,8.3436,27
2422,23219.0000,109.8215,0.0000,14.6712,23519.1406,1000.0000,975.8809,14.6712,0,0,-1,0.0000,23519.1406,1000.0000,975.8809,14.6712,27
2423,23233.0000,183.7236,0.0000,9.2871,23552.2695,726.1294,999.9999,9.2871,0,0,-1,0.0000,23552.2695,726.1294,999.9999,9.2871,27
2424,23244.0000,542.9479,545.7065,8.0000,23375.9922,286.4718,-0.0000,8.0000,0,0,-1,0.0000,23375.9922,286.4718,-0.0000,8.0000,27
2425,23253.0000,571.6751,928.3246,15.0000,23526.4531,652.5513,-0.0000,15.0000,0,0,-1,0.0000,23526.4531,652.5513,-0.0000,15.0000,26
2426,23258.0000,355.6443,193.7852,8.0000,23550.3223,1000.0000,833.6597,8.0000,0,0,-1,0.0000,23550.3223,1000.0000,833.6597,8.0000,26
2427,23268.0000,433.9467,545.2930,8.0000,23403.9766,1000.0000,270.8812,8.0000,0,0,-1,0.0000,23403.9766,1000.0000,270.8812,8.0000,27
2428,23273.0000,1000.0000,755.2603,11.2104,23619.4375,-0.0000,313.8544,11.2104,0,0,-1,0.0000,23619.4375,-0.0000,313.8544,11.2104,28
2429,23279.0000,1000.0000,827.9456,14.0812,23540.3965,-0.0000,27.9205,14.0812,0,0,-1,0.0000,23540.3965,-0.0000,27.9205,14.0812,28
2430,23286.0000,870.5586,0.0000,13.9526,23602.7852,-0.0000,620.4307,13.9526,0,0,-1,0.0000,23602.7852,-0.0000,620.4307,13.9526,29
2431,23295.0000,481.6066,444.1454,15.0000,23477.8379,592.5700,1000.0001,15.0000,0,0,-1,0.0000,23477.8379,592.5700,1000.0001,15.0000,30
2432,23309.0000,533.6920,736.4398,15.0000,23476.3184,385.1577,-0.0000,15.0000,0,0,-1,0.0000,23476.3184,385.1577,-0.0000,15.0000,30
2433,23318.0000,679.2205,1000.0000,13.8013,23519.2266,623.0530,-0.0000,13.8013,0,0,-1,0.0000,23519.2266,623.0530,-0.0000,13.8013,31
2434,23328.0000,819.2115,0.0000,12.1485,23712.7324,153.5736,1000.0000,12.1485,0,0,-1,0.0000,23712.7324,153.5736,1000.0000,12.1485,32
2435,23336.0000,526.4982,0.0000,8.8263,23573.4082,133.3193,1000.0001,8.8263,0,0,-1,0.0000,23573.4082,133.3193,1000.0001,8.8263,30
2436,23342.0000,49.7069,0.0000,12.7255,23638.6172,1000.0000,629.4977,12.7255,0,0,-1,0.0000,23638.6172,1000.0000,629.4977,12.7255,31
2437,23355.0000,540.2385,283.9904,15.0000,23541.2656,465.9464,1000.0000,15.0000,0,0,-1,0.0000,23541.2656,465.9464,1000.0000,15.0000,29
2438,23360.0000,541.8469,0.0000,9.2954,23571.6406,516.9674,1000.0000,9.2954,0,0,-1,0.0000,23571.6406,516.9674,1000.0000,9.2954,30
2439,23369.0000,999.3423,1000.0000,10.3678,23691.4512,118.9306,-0.0000,10.3678,0,0,-1,0.0000,23691.4512,118.9306,-0.0000,10.3678,30
2440,23383.0000,0.0000,123.4653,12.7480,23697.7695,1000.0000,490.0293,12.7480,0,0,-1,0.0000,23697.7695,1000.0000,490.0293,12.7480,29
2441,23397.0000,478.9293,1000.0000,14.8659,23698.1602,336.9370,-0.0000,14.8659,0,0,-1,0.0000,23698.1602,336.9370,-0.0000,14.8659,28
2442,23411.0000,505.5960,675.3010,15.0000,23577.1406,721.6453,-0.0000,15.0000,0,0,-1,0.0000,23577.1406,721.6453,-0.0000,15.0000,25
2443,23420.0000,667.4832,755.7202,15.0000,23669.1035,6.9217,-0.0000,15.0000,0,0,-1,0.0000,23669.1035,6.9217,-0.0000,15.0000,25
2444,23430.0000,0.0000,627.9496,12.9589,23757.8203,1000.0000,165.6812,12.9589,0,0,-1,0.0000,23757.8203,1000.0000,165.6812,12.9589,25
2445,23438.0000,640.8089,730.8626,8.0000,23600.6777,395.9680,-0.0000,8.0000,0,0,-1,0.0000,23600.6777,395.9680,-0.0000,8.0000,25
2446,23444.0000,1000.0000,93.4914,9.1223,23735.1191,-0.0000,988.2179,9.1223,0,0,-1,0.0000,23735.1191,-0.0000,988.2179,9.1223,26
2447,23452.0000,67.6976,223.0210,8.0000,23784.1250,1000.0001,986.9332,8.0000,0,0,-1,0.0000,23784.1250,1000.0001,986.9332,8.0000,27
2448,23465.0000,0.0000,667.0049,14.4569,23767.0293,1000.0001,406.3564,14.4569,0,0,-1,0.0000,23767.0293,1000.0001,406.3564,14.4569,26
2449,23470.0000,830.8598,178.1616,15.0000,23739.4180,185.4790,1000.0000,15.0000,0,0,-1,0.0000,23739.4180,185.4790,1000.0000,15.0000,27
2450,23482.0000,96.2070,0.0000,8.4231,23809.0098,927.8724,1000.0000,8.4231,0,0,-1,0.0000,23809.0098,927.8724,1000.0000,8.4231,26
2451,23496.0000,0.0000,464.5989,8.4704,23735.8047,1000.0000,415.5410,8.4704,0,0,-1,0.0000,23735.8047,1000.0000,415.5410,8.4704,26
2452,23506.0000,323.7344,296.1799,15.0000,23761.2109,983.8054,1000.0000,15.0000,0,0,-1,0.0000,23761.2109,983.8054,1000.0000,15.0000,27
2453,23512.0000,257.4473,1000.0000,13.2508,23834.1035,780.7067,-0.0000,13.2508,0,0,-1,0.0000,23834.1035,780.7067,-0.0000,13.2508,28
2454,23519.0000,628.3013,1000.0000,12.0450,23771.9922,240.7554,-0.0000,12.0450,0,0,-1,0.0000,23771.9922,240.7554,-0.0000,12.0450,29
2455,23524.0000,586.3970,1000.0000,11.2670,23792.4258,38.0144,-0.0000,11.2670,0,0,-1,0.0000,23792.4258,38.0144,-0.0000,11.2670,28
2456,23533.0000,245.0031,813.1218,8.0000,23776.7598,574.0624,-0.0000,8.0000,0,0,-1,0.0000,23776.7598,574.0624,-0.0000,8.0000,28
2457,23544.0000,0.0000,947.3176,11.6794,23879.5156,1000.0001,424.7537,11.6794,0,0,-1,0.0000,23879.5156,1000.0001,424.7537,11.6794,27
2458,23557.0000,0.0000,83.9398,9.5686,23774.4688,1000.0000,445.7858,9.5686,0,0,-1,0.0000,23774.4688,1000.0000,445.7858,9.5686,26
2459,23564.0000,341.3078,598.5685,15.0000,23766.4883,999.9999,126.5864,15.0000,0,0,-1,0.0000,23766.4883,999.9999,126.5864,15.0000,27
2460,23569.0000,0.0000,31.9409,14.6387,23941.1289,1000.0000,581.4881,14.6387,0,0,-1,0.0000,23941.1289,1000.0000,581.4881,14.6387,28
2461,23579.0000,157.2106,0.0000,9.9594,23847.6855,732.5242,1000.0001,9.9594,0,0,-1,0.0000,23847.6855,732.5242,1000.0001,9.9594,26
2462,23588.0000,244.6131,1000.0000,13.0260,23894.4609,864.7268,-0.0000,13.0260,0,0,-1,0.0000,23894.4609,864.7268,-0.0000,13.0260,27
2463,23595.0000,0.0000,135.6077,8.1036,23915.1016,1000.0000,896.0544,8.1036,0,0,-1,0.0000,23915.1016,1000.0000,896.0544,8.1036,28
2464,23609.0000,402.3222,479.9818,8.0000,23805.9883,999.9999,468.6985,8.0000,0,0,-1,0.0000,23805.9883,999.9999,468.6985,8.0000,27
2465,23620.0000,706.0052,956.1489,15.0000,23907.0742,12.3205,-0.0000,15.0000,0,0,-1,0.0000,23907.0742,12.3205,-0.0000,15.0000,27
2466,23630.0000,494.7874,367.6143,15.0000,23788.8770,671.5497,999.9999,15.0000,0,0,-1,0.0000,23788.8770,671.5497,999.9999,15.0000,28
2467,23636.0000,573.1565,712.1575,8.0000,23810.4590,388.6366,-0.0000,8.0000,0,0,-1,0.0000,23810.4590,388.6366,-0.0000,8.0000,29
2468,23648.0000,1000.0000,566.6688,11.3950,23870.5391,-0.0000,484.1938,11.3950,0,0,-1,0.0000,23870.5391,-0.0000,484.1938,11.3950,29
2469,23657.0000,964.6820,1000.0000,14.6479,24000.6113,-0.0000,181.1683,14.6479,0,0,-1,0.0000,24000.6113,-0.0000,181.1683,14.6479,30
2470,23666.0000,1000.0000,574.4879,8.6162,23666.0000,1000.0000,574.4879,8.6162,0,0,-1,0.0000,23666.0000,1000.0000,574.4879,8.6162,31
2471,23679.0000,400.2442,120.7805,15.0000,23878.4648,755.7242,1000.0000,15.0000,0,0,-1,0.0000,23878.4648,755.7242,1000.0000,15.0000,30
2472,23688.0000,399.1454,1000.0000,8.2101,23921.2930,367.0885,-0.0000,8.2101,0,0,-1,0.0000,23921.2930,367.0885,-0.0000,8.2101,31
2473,23695.0000,642.5955,1000.0000,9.7879,23913.2578,435.7507,-0.0000,9.7879,0,0,-1,0.0000,23913.2578,435.7507,-0.0000,9.7879,31
2474,23708.0000,0.0000,73.6193,11.6754,23971.7422,1000.0000,918.0236,11.6754,0,0,-1,0.0000,23971.7422,1000.0000,918.0236,11.6754,30
2475,23714.0000,0.0000,59.1924,11.6482,24008.9805,517.1228,1000.0000,11.6482,0,0,-1,0.0000,24008.9805,517.1228,1000.0000,11.6482,30
2476,23727.0000,0.0000,652.3724,8.8253,24016.8438,1000.0001,274.6924,8.8253,0,0,-1,0.0000,24016.8438,1000.0001,274.6924,8.8253,31
2477,23734.0000,0.0000,680.6066,8.3989,24049.8672,970.8793,-0.0000,8.3989,0,0,-1,0.0000,24049.8672,970.8793,-0.0000,8.3989,32
2478,23740.0000,0.0000,751.0279,11.8713,24069.5352,852.9107,-0.0000,11.8713,0,0,-1,0.0000,24069.5352,852.9107,-0.0000,11.8713,30
2479,23750.0000,688.8334,70.2798,15.0000,23992.3301,155.1704,1000.0000,15.0000,0,0,-1,0.0000,23992.3301,155.1704,1000.0000,15.0000,31
2480,23757.0000,943.6337,0.0000,12.5019,23979.1230,512.3209,999.9999,12.5019,0,0,-1,0.0000,23979.1230,512.3209,999.9999,12.5019,32
2481,23765.0000,318.3119,1000.0000,9.1873,24012.7305,671.2993,-0.0000,9.1873,0,0,-1,0.0000,24012.7305,671.2993,-0.0000,9.1873,31
2482,23774.0000,0.0000,644.1929,12.5034,24068.9961,999.9999,272.0298,12.5034,0,0,-1,0.0000,24068.9961,999.9999,272.0298,12.5034,29
2483,23785.0000,198.9152,0.0000,14.0653,24020.6309,707.7201,1000.0001,14.0653,0,0,-1,0.0000,24020.6309,707.7201,1000.0001,14.0653,27
2484,23794.0000,295.3005,669.2719,15.0000,23955.4180,1000.0001,397.3081,15.0000,0,0,-1,0.0000,23955.4180,1000.0001,397.3081,15.0000,26
2485,23805.0000,408.4060,0.0000,8.6716,24044.8223,555.7974,1000.0000,8.6716,0,0,-1,0.0000,24044.8223,555.7974,1000.0000,8.6716,27
2486,23817.0000,0.0000,683.5234,9.2948,24072.4219,1000.0001,114.0353,9.2948,0,0,-1,0.0000,24072.4219,1000.0001,114.0353,9.2948,25
2487,23825.0000,797.3442,543.1821,8.0000,24053.9199,-0.0000,272.0891,8.0000,0,0,-1,0.0000,24053.9199,-0.0000,272.0891,8.0000,26
2488,23835.0000,928.1274,892.1768,15.0000,24124.2090,-0.0000,256.3247,15.0000,0,0,-1,0.0000,24124.2090,-0.0000,256.3247,15.0000,26
2489,23844.0000,195.3866,252.6614,15.0000,24064.1191,1000.0000,752.0034,15.0000,0,0,-1,0.0000,24064.1191,1000.0000,752.0034,15.0000,27
2490,23856.0000,780.8242,1000.0000,8.2261,24096.3574,-0.0000,304.2936,8.2261,0,0,-1,0.0000,24096.3574,-0.0000,304.2936,8.2261,27
2491,23868.0000,337.0576,0.0000,12.1591,24188.0898,743.4600,999.9999,12.1591,0,0,-1,0.0000,24188.0898,743.4600,999.9999,12.1591,28
2492,23875.0000,397.8213,99.4450,15.0000,24142.9141,452.0742,999.9999,15.0000,0,0,-1,0.0000,24142.9141,452.0742,999.9999,15.0000,28
2493,23883.0000,378.3578,0.0000,11.9593,24133.1816,618.7508,1000.0000,11.9593,0,0,-1,0.0000,24133.1816,618.7508,1000.0000,11.9593,27
2494,23891.0000,36.6870,847.6360,15.0000,24125.6523,1000.0000,230.3347,15.0000,0,0,-1,0.0000,24125.6523,1000.0000,230.3347,15.0000,28
2495,23900.0000,448.0381,0.0000,10.8931,24127.4414,519.0262,999.9999,10.8931,0,0,-1,0.0000,24127.4414,519.0262,999.9999,10.8931,28
2496,23910.0000,1000.0000,323.4609,8.4838,24180.6348,-0.0000,458.1785,8.4838,0,0,-1,0.0000,24180.6348,-0.0000,458.1785,8.4838,28
2497,23918.0000,66.2241,1000.0000,9.6952,24345.6895,1000.0000,113.9098,9.6952,0,0,-1,0.0000,24345.6895,1000.0000,113.9098,9.6952,27
2498,23930.0000,344.2610,292.8673,8.0000,24117.3555,1000.0000,832.4884,8.0000,0,0,-1,0.0000,24117.3555,1000.0000,832.4884,8.0000,27
2499,23936.0000,853.4523,956.4871,15.0000,24238.3926,-0.0000,365.1333,15.0000,0,0,-1,0.0000,24238.3926,-0.0000,365.1333,15.0000,28
2500,23941.0000,0.0000,581.0311,10.6236,24150.6465,999.9999,497.0204,10.6236,0,0,-1,0.0000,24150.6465,999.9999,497.0204,10.6236,29
2501,23953.0000,1000.0000,239.7806,12.5615,24339.9277,-0.0000,989.6890,12.5615,0,0,-1,0.0000,24339.9277,-0.0000,989.6890,12.5615,29
2502,23959.0000,597.7809,508.9731,15.0000,24093.4648,-0.0000,475.6209,15.0000,0,0,-1,0.0000,24093.4648,-0.0000,475.6209,15.0000,29
2503,23964.0000,0.0000,124.8223,14.2262,24218.7129,659.3701,1000.0000,14.2262,0,0,-1,0.0000,24218.7129,659.3701,1000.0000,14.2262,30
2504,23977.0000,698.9894,1000.0000,8.1625,24239.4375,-0.0000,22.7173,8.1625,0,0,-1,0.0000,24239.4375,-0.0000,22.7173,8.1625,30
2505,23986.0000,8.6117,0.0000,11.9641,24242.6543,1000.0000,722.3817,11.9641,0,0,-1,0.0000,24242.6543,1000.0000,722.3817,11.9641,30
2506,23998.0000,1000.0000,800.1530,9.3998,24253.2324,-0.0000,205.5058,9.3998,0,0,-1,0.0000,24253.2324,-0.0000,205.5058,9.3998,30
2507,24005.0000,863.2088,829.9797,8.0000,24303.6289,-0.0000,393.2501,8.0000,0,0,-1,0.0000,24303.6289,-0.0000,393.2501,8.0000,30
2508,24018.0000,0.0000,679.1393,10.2801,24346.1191,904.2094,-0.0000,10.2801,0,0,-1,0.0000,24346.1191,904.2094,-0.0000,10.2801,28
2509,24031.0000,134.5438,1000.0000,10.1461,24302.5508,441.7717,-0.0000,10.1461,0,0,-1,0.0000,24302.5508,441.7717,-0.0000,10.1461,28
2510,24038.0000,162.1898,11.2032,15.0000,24300.8438,1000.0000,785.8963,15.0000,0,0,-1,0.0000,24300.8438,1000.0000,785.8963,15.0000,29
2511,24049.0000,85.1569,0.0000,8.1100,24269.8164,999.9999,541.6678,8.1100,0,0,-1,0.0000,24269.8164,999.9999,541.6678,8.1100,29
2512,24057.0000,740.9374,123.5235,8.0000,24305.7676,-0.0000,747.5317,8.0000,0,0,-1,0.0000,24305.7676,-0.0000,747.5317,8.0000,28
2513,24065.0000,658.0746,340.8394,15.0000,24216.6660,-0.0000,702.4435,15.0000,0,0,-1,0.0000,24216.6660,-0.0000,702.4435,15.0000,28
2514,24075.0000,754.7823,1000.0000,10.8174,24338.8145,84.4540,-0.0000,10.8174,0,0,-1,0.0000,24338.8145,84.4540,-0.0000,10.8174,26
2515,24084.0000,0.0000,101.1856,14.7690,24350.3379,599.5405,1000.0000,14.7690,0,0,-1,0.0000,24350.3379,599.5405,1000.0000,14.7690,27
2516,24092.0000,995.0671,564.0299,8.0000,24373.8086,-0.0000,191.2940,8.0000,0,0,-1,0.0000,24373.8086,-0.0000,191.2940,8.0000,28
2517,24098.0000,118.2065,695.2249,15.0000,24317.9375,894.2961,-0.0000,15.0000,0,0,-1,0.0000,24317.9375,894.2961,-0.0000,15.0000,27
2518,24106.0000,877.9971,82.8958,8.0000,24436.3711,245.6260,1000.0000,8.0000,0,0,-1,0.0000,24436.3711,245.6260,1000.0000,8.0000,28
2519,24117.0000,1000.0000,54.3805,10.1573,24409.5020,461.2534,1000.0000,10.1573,0,0,-1,0.0000,24409.5020,461.2534,1000.0000,10.1573,29
2520,24124.0000,647.7593,311.0302,15.0000,24295.1484,291.9107,1000.0001,15.0000,0,0,-1,0.0000,24295.1484,291.9107,1000.0001,15.0000,29
2521,24133.0000,773.5320,0.0000,10.2166,24380.8496,397.9373,1000.0000,10.2166,0,0,-1,0.0000,24380.8496,397.9373,1000.0000,10.2166,27
2522,24143.0000,136.4414,781.5348,15.0000,24477.7793,1000.0000,201.9368,15.0000,0,0,-1,0.0000,24477.7793,1000.0000,201.9368,15.0000,26
2523,24150.0000,905.7185,451.3459,8.0000,24369.0039,-0.0000,551.4434,8.0000,0,0,-1,0.0000,24369.0039,-0.0000,551.4434,8.0000,27
2524,24156.0000,4.0198,1000.0000,11.2324,24435.3496,999.9999,175.9010,11.2324,0,0,-1,0.0000,24435.3496,999.9999,175.9010,11.2324,27
2525,24163.0000,1000.0000,893.6222,11.9034,24532.3164,339.5193,-0.0000,11.9034,0,0,-1,0.0000,24532.3164,339.5193,-0.0000,11.9034,28
2526,24172.0000,1000.0000,5.8046,8.3825,24418.5059,-0.0000,502.7703,8.3825,0,0,-1,0.0000,24418.5059,-0.0000,502.7703,8.3825,29
2527,24182.0000,985.7307,398.3611,8.0000,24406.6855,-0.0000,611.5035,8.0000,0,0,-1,0.0000,24406.6855,-0.0000,611.5035,8.0000,29
2528,24190.0000,487.7112,0.0000,13.6220,24477.6387,309.4983,1000.0000,13.6220,0,0,-1,0.0000,24477.6387,309.4983,1000.0000,13.6220,29
2529,24199.0000,260.1867,1000.0000,14.7933,24499.7773,931.8248,-0.0000,14.7933,0,0,-1,0.0000,24499.7773,931.8248,-0.0000,14.7933,30
2530,24209.0000,579.4543,700.8831,8.0000,24391.4062,366.9570,-0.0000,8.0000,0,0,-1,0.0000,24391.4062,366.9570,-0.0000,8.0000,31
2531,24221.0000,1000.0000,572.9387,14.0557,24221.0000,1000.0000,572.9387,14.0557,0,0,-1,0.0000,24221.0000,1000.0000,572.9387,14.0557,30
2532,24227.0000,721.6680,155.1887,8.0000,24532.5664,22.6939,1000.0001,8.0000,0,0,-1,0.0000,24532.5664,22.6939,1000.0001,8.0000,30
2533,24240.0000,833.1244,125.3423,8.0000,24482.8848,58.6157,1000.0000,8.0000,0,0,-1,0.0000,24482.8848,58.6157,1000.0000,8.0000,29
2534,24254.0000,885.9777,0.0000,11.2115,24579.1738,-0.0000,842.5563,11.2115,0,0,-1,0.0000,24579.1738,-0.0000,842.5563,11.2115,28
2535,24267.0000,1000.0000,26.2511,13.2947,24524.3711,-0.0000,659.0910,13.2947,0,0,-1,0.0000,24524.3711,-0.0000,659.0910,13.2947,29
2536,24273.0000,476.1531,587.4095,15.0000,24426.6582,716.6149,-0.0000,15.0000,0,0,-1,0.0000,24426.6582,716.6149,-0.0000,15.0000,29
2537,24279.0000,442.9332,603.4296,15.0000,24406.5117,615.9700,-0.0000,15.0000,0,0,-1,0.0000,24406.5117,615.9700,-0.0000,15.0000,30
2538,24287.0000,270.5577,196.1907,15.0000,24503.6113,985.1335,1000.0000,15.0000,0,0,-1,0.0000,24503.6113,985.1335,1000.0000,15.0000,31
2539,24295.0000,1000.0000,254.3632,12.1518,24586.6680,231.5568,1000.0001,12.1518,0,0,-1,0.0000,24586.6680,231.5568,1000.0001,12.1518,32
2540,24303.0000,346.3083,301.7603,15.0000,24523.8906,740.2184,1000.0000,15.0000,0,0,-1,0.0000,24523.8906,740.2184,1000.0000,15.0000,30
2541,24312.0000,0.0000,204.6957,12.3737,24547.2051,999.9999,492.0826,12.3737,0,0,-1,0.0000,24547.2051,999.9999,492.0826,12.3737,29
2542,24322.0000,1000.0000,641.2655,11.5632,24648.8379,-0.0000,376.2043,11.5632,0,0,-1,0.0000,24648.8379,-0.0000,376.2043,11.5632,29
2543,24335.0000,763.3980,566.4550,15.0000,24497.4395,-0.0000,526.1696,15.0000,0,0,-1,0.0000,24497.4395,-0.0000,526.1696,15.0000,30
2544,24346.0000,450.1915,1000.0000,13.4972,24632.9062,790.8033,-0.0000,13.4972,0,0,-1,0.0000,24632.9062,790.8033,-0.0000,13.4972,28
2545,24353.0000,896.5071,0.0000,9.7218,24642.7676,419.9964,1000.0001,9.7218,0,0,-1,0.0000,24642.7676,419.9964,1000.0001,9.7218,27
2546,24366.0000,0.0000,757.8285,14.2581,24584.4785,1000.0001,502.6387,14.2581,0,0,-1,0.0000,24584.4785,1000.0001,502.6387,14.2581,28
2547,24379.0000,374.2403,639.2924,8.0000,24636.0332,894.3780,-0.0000,8.0000,0,0,-1,0.0000,24636.0332,894.3780,-0.0000,8.0000,27
2548,24393.0000,277.3805,891.2062,8.0000,24642.5957,999.9999,230.6805,8.0000,0,0,-1,0.0000,24642.5957,999.9999,230.6805,8.0000,26
2549,24405.0000,639.0193,0.0000,8.1436,24637.8008,218.3745,1000.0000,8.1436,0,0,-1,0.0000,24637.8008,218.3745,1000.0000,8.1436,27
2550,24414.0000,523.3287,0.0000,8.9154,24670.0684,213.5797,1000.0000,8.9154,0,0,-1,0.0000,24670.0684,213.5797,1000.0000,8.9154,25
2551,24427.0000,1000.0000,351.5213,14.5758,24651.3535,-0.0000,627.9609,14.5758,0,0,-1,0.0000,24651.3535,-0.0000,627.9609,14.5758,24
2552,24437.0000,0.0000,507.8191,8.0347,24703.9688,999.9999,718.9236,8.0347,0,0,-1,0.0000,24703.9688,999.9999,718.9236,8.0347,23
2553,24448.0000,0.0000,355.4814,11.8413,24737.5840,920.4794,1000.0001,11.8413,0,0,-1,0.0000,24737.5840,920.4794,1000.0001,11.8413,24
2554,24455.0000,612.4055,122.6017,15.0000,24696.6562,398.7439,1000.0001,15.0000,0,0,-1,0.0000,24696.6562,398.7439,1000.0001,15.0000,25
2555,24460.0000,0.0000,313.8431,14.0209,24729.7734,999.9999,828.4465,14.0209,0,0,-1,0.0000,24729.7734,999.9999,828.4465,14.0209,26
2556,24473.0000,289.7275,1000.0000,8.0591,24727.4785,418.5453,-0.0000,8.0591,0,0,-1,0.0000,24727.4785,418.5453,-0.0000,8.0591,27
2557,24481.0000,1000.0000,316.1508,14.1298,24786.1602,-0.0000,734.0805,14.1298,0,0,-1,0.0000,24786.1602,-0.0000,734.0805,14.1298,26
2558,24486.0000,1000.0000,6.3287,11.1420,24750.5430,-0.0000,626.9720,11.1420,0,0,-1,0.0000,24750.5430,-0.0000,626.9720,11.1420,26
2559,24494.0000,1000.0000,374.6745,11.2682,24774.6406,62.3746,1000.0001,11.2682,0,0,-1,0.0000,24774.6406,62.3746,1000.0001,11.2682,27
2560,24504.0000,0.0000,146.5393,12.2400,24795.4609,1000.0001,708.0062,12.2400,0,0,-1,0.0000,24795.4609,1000.0001,708.0062,12.2400,25
2561,24515.0000,965.8799,749.5132,15.0000,24831.8379,142.0170,-0.0000,15.0000,0,0,-1,0.0000,24831.8379,142.0170,-0.0000,15.0000,26
2562,24526.0000,980.2460,866.8600,15.0000,24900.5859,-0.0000,244.4677,15.0000,0,0,-1,0.0000,24900.5859,-0.0000,244.4677,15.0000,25
2563,24534.0000,310.2722,1000.0000,14.5831,24752.1719,657.8417,-0.0000,14.5831,0,0,-1,0.0000,24752.1719,657.8417,-0.0000,14.5831,24
2564,24548.0000,0.0000,542.1219,13.1885,24804.7461,1000.0000,442.3244,13.1885,0,0,-1,0.0000,24804.7461,1000.0000,442.3244,13.1885,24
2565,24558.0000,766.6583,581.3643,15.0000,24805.0938,-0.0000,508.4893,15.0000,0,0,-1,0.0000,24805.0938,-0.0000,508.4893,15.0000,25
2566,24564.0000,749.1453,1000.0000,11.4717,24814.0859,382.2849,-0.0000,11.4717,0,0,-1,0.0000,24814.0859,382.2849,-0.0000,11.4717,26
2567,24578.0000,705.8696,1000.0000,12.6865,24868.4863,217.2076,-0.0000,12.6865,0,0,-1,0.0000,24868.4863,217.2076,-0.0000,12.6865,27
2568,24586.0000,451.0604,0.0000,10.6216,24821.6602,849.0444,1000.0000,10.6216,0,0,-1,0.0000,24821.6602,849.0444,1000.0000,10.6216,26
2569,24591.0000,241.7789,1000.0000,11.8522,24897.5117,390.4895,-0.0000,11.8522,0,0,-1,0.0000,24897.5117,390.4895,-0.0000,11.8522,26
2570,24604.0000,1000.0000,680.9963,10.7556,24883.2617,-0.0000,451.6842,10.7556,0,0,-1,0.0000,24883.2617,-0.0000,451.6842,10.7556,27
2571,24615.0000,464.9951,44.0627,8.0000,24934.0859,216.0793,1000.0001,8.0000,0,0,-1,0.0000,24934.0859,216.0793,1000.0001,8.0000,28
2572,24623.0000,983.4942,0.0000,13.0908,24873.4219,453.8154,1000.0000,13.0908,0,0,-1,0.0000,24873.4219,453.8154,1000.0000,13.0908,29
2573,24629.0000,1000.0000,331.1233,10.1524,24851.8945,-0.0000,547.0660,10.1524,0,0,-1,0.0000,24851.8945,-0.0000,547.0660,10.1524,30
2574,24642.0000,1000.0000,66.8094,14.6682,24961.5879,-0.0000,768.8341,14.6682,0,0,-1,0.0000,24961.5879,-0.0000,768.8341,14.6682,28
2575,24650.0000,150.2101,0.0000,10.5981,24943.2598,852.4050,1000.0000,10.5981,0,0,-1,0.0000,24943.2598,852.4050,1000.0000,10.5981,26
2576,24657.0000,988.2867,804.5919,15.0000,24914.5273,297.0948,-0.0000,15.0000,0,0,-1,0.0000,24914.5273,297.0948,-0.0000,15.0000,26
2577,24671.0000,520.9594,1000.0000,13.7818,24898.4238,678.0002,-0.0000,13.7818,0,0,-1,0.0000,24898.4238,678.0002,-0.0000,13.7818,26
2578,24683.0000,469.7772,1000.0000,13.6696,24890.8398,533.8273,-0.0000,13.6696,0,0,-1,0.0000,24890.8398,533.8273,-0.0000,13.6696,27
2579,24691.0000,388.5055,1000.0000,13.9777,24924.3457,1000.0000,38.5157,13.9777,0,0,-1,0.0000,24924.3457,1000.0000,38.5157,13.9777,28
2580,24699.0000,36.9875,1000.0000,13.9373,25000.1953,831.2484,-0.0000,13.9373,0,0,-1,0.0000,25000.1953,831.2484,-0.0000,13.9373,28
2581,24709.0000,285.3369,192.8981,15.0000,24924.9414,522.3677,1000.0001,15.0000,0,0,-1,0.0000,24924.9414,522.3677,1000.0001,15.0000,28
2582,24723.0000,1000.0000,997.4619,9.9033,25002.1543,-0.0000,258.4853,9.9033,0,0,-1,0.0000,25002.1543,-0.0000,258.4853,9.9033,29
2583,24728.0000,882.6238,0.0000,13.3693,25144.3965,81.8798,1000.0000,13.3693,0,0,-1,0.0000,25144.3965,81.8798,1000.0000,13.3693,29
2584,24741.0000,314.3051,1000.0000,13.0340,25065.2363,958.9803,-0.0000,13.0340,0,0,-1,0.0000,25065.2363,958.9803,-0.0000,13.0340,28
2585,24750.0000,0.0000,99.0034,12.1666,25065.8281,1000.0000,572.8464,12.1666,0,0,-1,0.0000,25065.8281,1000.0000,572.8464,12.1666,29
2586,24764.0000,502.0291,490.8137,15.0000,24893.6016,436.1520,999.9999,15.0000,0,0,-1,0.0000,24893.6016,436.1520,999.9999,15.0000,28
2587,24771.0000,994.6625,0.0000,12.5529,25179.5918,-0.0000,812.9416,12.5529,0,0,-1,0.0000,25179.5918,-0.0000,812.9416,12.5529,29
2588,24780.0000,974.5649,299.3262,8.0000,25004.6914,-0.0000,562.8395,8.0000,0,0,-1,0.0000,25004.6914,-0.0000,562.8395,8.0000,29
2589,24793.0000,837.8870,904.6041,8.0000,25002.6074,-0.0000,315.1469,8.0000,0,0,-1,0.0000,25002.6074,-0.0000,315.1469,8.0000,29
2590,24804.0000,770.0724,534.0855,8.0000,24804.0000,770.0724,534.0855,8.0000,0,0,-1,0.0000,24804.0000,770.0724,534.0855,8.0000,29
2591,24813.0000,1000.0000,349.0798,9.4510,25069.6250,-0.0000,326.0940,9.4510,0,0,-1,0.0000,25069.6250,-0.0000,326.0940,9.4510,27
2592,24824.0000,0.0000,840.9470,14.8401,25166.5410,829.5652,-0.0000,14.8401,0,0,-1,0.0000,25166.5410,829.5652,-0.0000,14.8401,26
2593,24832.0000,213.6922,766.3415,8.0000,25098.3848,837.6800,-0.0000,8.0000,0,0,-1,0.0000,25098.3848,837.6800,-0.0000,8.0000,26
2594,24843.0000,598.8349,629.4492,15.0000,25067.0684,297.9706,-0.0000,15.0000,0,0,-1,0.0000,25067.0684,297.9706,-0.0000,15.0000,27
2595,24853.0000,194.6933,0.0000,13.6701,25066.0078,493.3981,1000.0000,13.6701,0,0,-1,0.0000,25066.0078,493.3981,1000.0000,13.6701,27
2596,24865.0000,58.0661,724.0508,15.0000,25176.1660,1000.0000,501.7321,15.0000,0,0,-1,0.0000,25176.1660,1000.0000,501.7321,15.0000,28
2597,24878.0000,99.8274,575.5082,8.0000,25106.7891,1000.0001,264.9241,8.0000,0,0,-1,0.0000,25106.7891,1000.0001,264.9241,8.0000,27
2598,24891.0000,1000.0000,415.0505,14.8794,25170.6230,-0.0000,424.3435,14.8794,0,0,-1,0.0000,25170.6230,-0.0000,424.3435,14.8794,26
2599,24896.0000,1000.0000,157.2603,9.4013,25131.0645,-0.0000,441.9476,9.4013,0,0,-1,0.0000,25131.0645,-0.0000,441.9476,9.4013,26
2600,24910.0000,269.5635,1000.0000,8.7791,25320.2812,996.9982,-0.0000,8.7791,0,0,-1,0.0000,25320.2812,996.9982,-0.0000,8.7791,24
2601,24917.0000,849.5191,360.7074,15.0000,25218.4512,21.0275,1000.0000,15.0000,0,0,-1,0.0000,25218.4512,21.0275,1000.0000,15.0000,24
2602,24926.0000,144.7614,0.0000,14.0348,25182.4258,500.6437,1000.0000,14.0348,0,0,-1,0.0000,25182.4258,500.6437,1000.0000,14.0348,23
2603,24936.0000,998.5197,1000.0000,9.8823,25261.0977,462.4463,-0.0000,9.8823,0,0,-1,0.0000,25261.0977,462.4463,-0.0000,9.8823,23
2604,24948.0000,548.9777,465.1053,8.0000,25123.6426,-0.0000,810.3994,8.0000,0,0,-1,0.0000,25123.6426,-0.0000,810.3994,8.0000,23
2605,24954.0000,551.3472,1000.0000,14.6434,25218.1094,680.2488,-0.0000,14.6434,0,0,-1,0.0000,25218.1094,680.2488,-0.0000,14.6434,24
2606,24959.0000,660.4096,1000.0000,12.3571,25250.8535,318.0876,-0.0000,12.3571,0,0,-1,0.0000,25250.8535,318.0876,-0.0000,12.3571,25
2607,24972.0000,1000.0000,87.5180,11.6852,25349.1445,151.5513,1000.0001,11.6852,0,0,-1,0.0000,25349.1445,151.5513,1000.0001,11.6852,25
2608,24980.0000,596.3799,1000.0000,11.6632,25285.1348,206.1734,-0.0000,11.6632,0,0,-1,0.0000,25285.1348,206.1734,-0.0000,11.6632,26
2609,24988.0000,483.4199,619.6329,8.0000,25155.3711,452.2741,-0.0000,8.0000,0,0,-1,0.0000,25155.3711,452.2741,-0.0000,8.0000,27
2610,24993.0000,0.0000,350.5510,12.4808,25209.8438,1000.0001,565.3674,12.4808,0,0,-1,0.0000,25209.8438,1000.0001,565.3674,12.4808,28
2611,25006.0000,1000.0000,843.7006,14.0029,25306.9609,-0.0000,227.7552,14.0029,0,0,-1,0.0000,25306.9609,-0.0000,227.7552,14.0029,25
2612,25016.0000,888.3593,0.0000,8.5621,25234.9531,561.9012,1000.0000,8.5621,0,0,-1,0.0000,25234.9531,561.9012,1000.0000,8.5621,26
2613,25027.0000,189.5669,692.2577,15.0000,25234.6445,896.3666,-0.0000,15.0000,0,0,-1,0.0000,25234.6445,896.3666,-0.0000,15.0000,27
2614,25033.0000,70.2745,740.6516,8.0000,25287.3848,817.7252,-0.0000,8.0000,0,0,-1,0.0000,25287.3848,817.7252,-0.0000,8.0000,28
2615,25041.0000,0.0000,16.3919,12.8617,25416.9512,621.7931,999.9999,12.8617,0,0,-1,0.0000,25416.9512,621.7931,999.9999,12.8617,29
2616,25048.0000,971.9373,1000.0000,11.0126,25395.8398,-0.0000,109.9872,11.0126,0,0,-1,0.0000,25395.8398,-0.0000,109.9872,11.0126,30
2617,25061.0000,0.0000,429.9675,10.5773,25288.2266,1000.0001,773.2733,10.5773,0,0,-1,0.0000,25288.2266,1000.0001,773.2733,10.5773,31
2618,25071.0000,0.0000,660.0645,10.9685,25432.8906,940.8273,-0.0000,10.9685,0,0,-1,0.0000,25432.8906,940.8273,-0.0000,10.9685,27
2619,25080.0000,997.0522,57.7840,15.0000,25423.4180,-0.0000,984.1343,15.0000,0,0,-1,0.0000,25423.4180,-0.0000,984.1343,15.0000,28
2620,25094.0000,1000.0000,276.3162,10.7453,25343.9844,-0.0000,846.2921,10.7453,0,0,-1,0.0000,25343.9844,-0.0000,846.2921,10.7453,29
2621,25108.0000,1000.0000,741.3100,14.2970,25389.5762,28.5447,-0.0000,14.2970,0,0,-1,0.0000,25389.5762,28.5447,-0.0000,14.2970,28
2622,25115.0000,1000.0000,960.1507,11.3216,25430.4766,91.8847,-0.0000,11.3216,0,0,-1,0.0000,25430.4766,91.8847,-0.0000,11.3216,29
2623,25123.0000,1000.0000,259.6434,10.4684,25344.2715,-0.0000,653.7705,10.4684,0,0,-1,0.0000,25344.2715,-0.0000,653.7705,10.4684,30
2624,25131.0000,0.0000,201.2613,9.5776,25446.4727,999.9999,466.1720,9.5776,0,0,-1,0.0000,25446.4727,999.9999,466.1720,9.5776,30
2625,25145.0000,0.0000,42.5965,8.1373,25445.0293,655.5740,999.9999,8.1373,0,0,-1,0.0000,25445.0293,655.5740,999.9999,8.1373,29
2626,25152.0000,1000.0000,158.5483,13.8391,25421.5625,376.0785,1000.0000,13.8391,0,0,-1,0.0000,25421.5625,376.0785,1000.0000,13.8391,30
2627,25160.0000,226.0105,956.4315,8.0000,25462.5840,481.3868,-0.0000,8.0000,0,0,-1,0.0000,25462.5840,481.3868,-0.0000,8.0000,30
2628,25169.0000,51.2160,0.0000,12.4427,25464.9473,1000.0001,580.7736,12.4427,0,0,-1,0.0000,25464.9473,1000.0001,580.7736,12.4427,30
2629,25182.0000,0.0000,751.6885,11.1768,25535.2988,1000.0001,114.2846,11.1768,0,0,-1,0.0000,25535.2988,1000.0001,114.2846,11.1768,28
2630,25190.0000,477.7627,646.9285,15.0000,25339.3770,498.1689,-0.0000,15.0000,0,0,-1,0.0000,25339.3770,498.1689,-0.0000,15.0000,28
2631,25203.0000,406.2327,0.0000,13.5378,25535.9727,791.4215,1000.0000,13.5378,0,0,-1,0.0000,25535.9727,791.4215,1000.0000,13.5378,29
2632,25213.0000,174.7991,1000.0000,13.2523,25498.3242,1000.0000,377.0135,13.2523,0,0,-1,0.0000,25498.3242,1000.0000,377.0135,13.2523,29
2633,25219.0000,712.6818,285.3263,8.0000,25451.0684,97.4947,1000.0001,8.0000,0,0,-1,0.0000,25451.0684,97.4947,1000.0001,8.0000,28
2634,25228.0000,618.5744,1000.0000,9.7007,25432.5020,487.9137,-0.0000,9.7007,0,0,-1,0.0000,25432.5020,487.9137,-0.0000,9.7007,29
2635,25235.0000,283.9129,0.6953,8.0000,25489.2910,593.3593,1000.0001,8.0000,0,0,-1,0.0000,25489.2910,593.3593,1000.0001,8.0000,28
2636,25244.0000,94.2499,0.0000,12.1934,25510.8359,1000.0001,661.1828,12.1934,0,0,-1,0.0000,25510.8359,1000.0001,661.1828,12.1934,29
2637,25254.0000,730.1496,1000.0000,14.0750,25573.2129,631.7332,-0.0000,14.0750,0,0,-1,0.0000,25573.2129,631.7332,-0.0000,14.0750,29
2638,25264.0000,0.0000,582.1281,10.9949,25496.8965,1000.0000,501.8228,10.9949,0,0,-1,0.0000,25496.8965,1000.0000,501.8228,10.9949,29
2639,25271.0000,0.0000,292.5904,10.8393,25552.5977,1000.0001,717.5399,10.8393,0,0,-1,0.0000,25552.5977,1000.0001,717.5399,10.8393,30
2640,25278.0000,169.8498,843.2796,15.0000,25509.8340,799.1868,-0.0000,15.0000,0,0,-1,0.0000,25509.8340,799.1868,-0.0000,15.0000,31
2641,25287.0000,570.7110,1000.0000,12.1725,25524.8672,245.6033,-0.0000,12.1725,0,0,-1,0.0000,25524.8672,245.6033,-0.0000,12.1725,31
2642,25295.0000,1000.0000,302.6762,13.9929,25608.8086,72.6122,1000.0000,13.9929,0,0,-1,0.0000,25608.8086,72.6122,1000.0000,13.9929,30
2643,25306.0000,93.5670,0.0000,10.2797,25566.1602,1000.0001,743.4489,10.2797,0,0,-1,0.0000,25566.1602,1000.0001,743.4489,10.2797,31
2644,25312.0000,774.4497,1000.0000,11.9634,25575.3516,-0.0000,154.9817,11.9634,0,0,-1,0.0000,25575.3516,-0.0000,154.9817,11.9634,31
2645,25322.0000,569.8221,0.0000,13.6626,25677.2090,80.0170,1000.0001,13.6626,0,0,-1,0.0000,25677.2090,80.0170,1000.0001,13.6626,31
2646,25333.0000,1000.0000,604.1393,9.3888,25643.3555,-0.0000,513.0224,9.3888,0,0,-1,0.0000,25643.3555,-0.0000,513.0224,9.3888,32
2647,25341.0000,507.3871,169.1084,15.0000,25596.4590,526.1838,1000.0001,15.0000,0,0,-1,0.0000,25596.4590,526.1838,1000.0001,15.0000,32
2648,25346.0000,476.5030,1000.0000,11.2436,25638.3281,455.3985,-0.0000,11.2436,0,0,-1,0.0000,25638.3281,455.3985,-0.0000,11.2436,31
2649,25359.0000,1000.0000,193.3410,10.4586,25637.2754,87.1030,1000.0000,10.4586,0,0,-1,0.0000,25637.2754,87.1030,1000.0000,10.4586,31
2650,25372.0000,309.5821,323.3777,15.0000,25574.3184,695.8705,1000.0001,15.0000,0,0,-1,0.0000,25574.3184,695.8705,1000.0001,15.0000,32
2651,25380.0000,584.5298,1000.0000,10.8890,25702.9453,663.3193,-0.0000,10.8890,0,0,-1,0.0000,25702.9453,663.3193,-0.0000,10.8890,33
2652,25388.0000,0.0000,903.5150,13.7451,25701.6797,1000.0000,188.2677,13.7451,0,0,-1,0.0000,25701.6797,1000.0000,188.2677,13.7451,34
2653,25402.0000,474.7987,369.3177,8.0000,25580.7910,708.2169,1000.0000,8.0000,0,0,-1,0.0000,25580.7910,708.2169,1000.0000,8.0000,33
2654,25408.0000,988.5133,701.6483,8.0000,25674.8984,-0.0000,535.3054,8.0000,0,0,-1,0.0000,25674.8984,-0.0000,535.3054,8.0000,34
2655,25421.0000,0.0000,716.7685,11.2849,25779.5840,999.9999,263.5843,11.2849,0,0,-1,0.0000,25779.5840,999.9999,263.5843,11.2849,34
2656,25427.0000,0.0000,914.6382,11.7928,25711.7520,903.4831,-0.0000,11.7928,0,0,-1,0.0000,25711.7520,903.4831,-0.0000,11.7928,33
2657,25435.0000,1000.0000,545.2059,12.6406,25435.0000,1000.0000,545.2059,12.6406,0,0,-1,0.0000,25435.0000,1000.0000,545.2059,12.6406,31
2658,25445.0000,686.1613,447.9324,15.0000,25627.3770,-0.0000,774.0488,15.0000,0,0,-1,0.0000,25627.3770,-0.0000,774.0488,15.0000,31
2659,25459.0000,793.2205,333.2113,15.0000,25751.2109,-0.0000,966.9183,15.0000,0,0,-1,0.0000,25751.2109,-0.0000,966.9183,15.0000,29
2660,25470.0000,462.4225,1000.0000,12.4877,25726.2109,437.2376,-0.0000,12.4877,0,0,-1,0.0000,25726.2109,437.2376,-0.0000,12.4877,28
2661,25477.0000,0.0000,284.5810,12.2039,25702.4102,1000.0000,439.5493,12.2039,0,0,-1,0.0000,25702.4102,1000.0000,439.5493,12.2039,29
2662,25489.0000,771.6873,1000.0000,8.0032,25762.6367,-0.0000,254.5984,8.0032,0,0,-1,0.0000,25762.6367,-0.0000,254.5984,8.0032,30
2663,25496.0000,209.8621,0.0000,9.0311,25737.1191,602.8613,999.9999,9.0311,0,0,-1,0.0000,25737.1191,602.8613,999.9999,9.0311,30
2664,25503.0000,755.9149,1000.0000,11.8372,25788.3594,456.6660,-0.0000,11.8372,0,0,-1,0.0000,25788.3594,456.6660,-0.0000,11.8372,29
2665,25508.0000,40.7752,511.6972,15.0000,25742.9805,999.9999,432.0644,15.0000,0,0,-1,0.0000,25742.9805,999.9999,432.0644,15.0000,30
2666,25518.0000,211.9500,197.5037,15.0000,25788.2285,1000.0000,743.1514,15.0000,0,0,-1,0.0000,25788.2285,1000.0000,743.1514,15.0000,29
2667,25525.0000,904.2279,980.2230,8.0000,25754.8770,498.2576,-0.0000,8.0000,0,0,-1,0.0000,25754.8770,498.2576,-0.0000,8.0000,29
2668,25532.0000,868.2703,0.0000,14.0609,25873.1445,53.6556,1000.0000,14.0609,0,0,-1,0.0000,25873.1445,53.6556,1000.0000,14.0609,30
2669,25537.0000,482.7477,0.0000,14.7127,25836.5156,754.0812,1000.0000,14.7127,0,0,-1,0.0000,25836.5156,754.0812,1000.0000,14.7127,29
2670,25546.0000,0.0000,344.0278,13.0376,25783.1699,999.9999,686.1907,13.0376,0,0,-1,0.0000,25783.1699,999.9999,686.1907,13.0376,30
2671,25557.0000,769.0690,754.4584,15.0000,25829.9277,-0.0000,231.2312,15.0000,0,0,-1,0.0000,25829.9277,-0.0000,231.2312,15.0000,30
2672,25571.0000,1000.0000,598.2921,14.1884,25796.1035,-0.0000,470.5970,14.1884,0,0,-1,0.0000,25796.1035,-0.0000,470.5970,14.1884,30
2673,25577.0000,925.1404,388.4779,15.0000,25826.3633,-0.0000,731.8700,15.0000,0,0,-1,0.0000,25826.3633,-0.0000,731.8700,15.0000,28
2674,25587.0000,611.6808,361.2305,8.0000,25840.1445,-0.0000,857.4604,8.0000,0,0,-1,0.0000,25840.1445,-0.0000,857.4604,8.0000,28
2675,25595.0000,618.7234,596.0632,15.0000,25833.6250,-0.0000,195.8340,15.0000,0,0,-1,0.0000,25833.6250,-0.0000,195.8340,15.0000,29
2676,25607.0000,975.4897,0.0000,12.9230,25894.4863,-0.0000,755.8941,12.9230,0,0,-1,0.0000,25894.4863,-0.0000,755.8941,12.9230,29
2677,25615.0000,0.0000,322.1992,11.2396,25880.9434,1000.0000,763.0615,11.2396,0,0,-1,0.0000,25880.9434,1000.0000,763.0615,11.2396,29
2678,25626.0000,1000.0000,321.0807,10.0249,25874.1289,-0.0000,632.6801,10.0249,0,0,-1,0.0000,25874.1289,-0.0000,632.6801,10.0249,30
2679,25634.0000,466.4612,49.0082,15.0000,25874.7852,486.4327,1000.0000,15.0000,0,0,-1,0.0000,25874.7852,486.4327,1000.0000,15.0000,30
2680,25643.0000,1000.0000,858.2294,11.8645,25930.9844,55.9235,-0.0000,11.8645,0,0,-1,0.0000,25930.9844,55.9235,-0.0000,11.8645,29
2681,25657.0000,684.3159,60.5868,8.0000,25858.6582,373.1154,999.9999,8.0000,0,0,-1,0.0000,25858.6582,373.1154,999.9999,8.0000,29
2682,25667.0000,209.7018,0.0000,10.1843,25942.3789,1000.0000,993.8010,10.1843,0,0,-1,0.0000,25942.3789,1000.0000,993.8010,10.1843,30
2683,25681.0000,700.4419,429.2455,8.0000,25849.1758,-0.0000,567.8290,8.0000,0,0,-1,0.0000,25849.1758,-0.0000,567.8290,8.0000,29
2684,25687.0000,0.0000,103.1300,14.4258,26013.3184,1000.0001,742.1086,14.4258,0,0,-1,0.0000,26013.3184,1000.0001,742.1086,14.4258,30
2685,25699.0000,42.2622,1000.0000,8.2593,25983.4922,544.7784,-0.0000,8.2593,0,0,-1,0.0000,25983.4922,544.7784,-0.0000,8.2593,31
2686,25713.0000,933.4343,1000.0000,8.4581,26016.3691,-0.0000,150.9956,8.4581,0,0,-1,0.0000,26016.3691,-0.0000,150.9956,8.4581,28
2687,25723.0000,1000.0000,222.8701,8.7808,25966.0488,-0.0000,640.4160,8.7808,0,0,-1,0.0000,25966.0488,-0.0000,640.4160,8.7808,29
2688,25733.0000,1000.0000,266.5327,12.2907,26037.9062,145.8526,1000.0000,12.2907,0,0,-1,0.0000,26037.9062,145.8526,1000.0000,12.2907,29
2689,25739.0000,765.7204,0.0000,12.5001,26143.6211,74.1950,1000.0000,12.5001,0,0,-1,0.0000,26143.6211,74.1950,1000.0000,12.5001,29
2690,25752.0000,340.9395,1000.0000,12.6828,25991.8828,896.0535,-0.0000,12.6828,0,0,-1,0.0000,25991.8828,896.0535,-0.0000,12.6828,28
2691,25760.0000,15.7684,1000.0000,8.6336,26164.6562,890.9858,-0.0000,8.6336,0,0,-1,0.0000,26164.6562,890.9858,-0.0000,8.6336,28
2692,25766.0000,1000.0000,227.9348,11.9931,26061.1211,-0.0000,621.3406,11.9931,0,0,-1,0.0000,26061.1211,-0.0000,621.3406,11.9931,28
2693,25778.0000,69.3266,917.0080,15.0000,26115.5137,1000.0000,410.3768,15.0000,0,0,-1,0.0000,26115.5137,1000.0000,410.3768,15.0000,29
2694,25784.0000,0.0000,551.4083,13.5974,25996.9238,1000.0001,648.7225,13.5974,0,0,-1,0.0000,25996.9238,1000.0001,648.7225,13.5974,28
2695,25794.0000,0.0000,892.2849,10.6948,26117.4980,1000.0000,140.6638,10.6948,0,0,-1,0.0000,26117.4980,1000.0000,140.6638,10.6948,27
2696,25802.0000,369.9993,1000.0000,14.8583,26062.0625,999.9999,64.1928,14.8583,0,0,-1,0.0000,26062.0625,999.9999,64.1928,14.8583,27
2697,25810.0000,0.0000,746.8662,12.7316,26059.3223,1000.0001,363.3018,12.7316,0,0,-1,0.0000,26059.3223,1000.0001,363.3018,12.7316,28
2698,25815.0000,1000.0000,858.0541,10.0889,26084.7207,114.4916,-0.0000,10.0889,0,0,-1,0.0000,26084.7207,114.4916,-0.0000,10.0889,29
2699,25824.0000,1000.0000,905.4834,11.8417,26097.6426,452.0201,-0.0000,11.8417,0,0,-1,0.0000,26097.6426,452.0201,-0.0000,11.8417,30
2700,25832.0000,0.0000,614.5823,12.9671,26044.7559,1000.0000,373.1333,12.9671,0,0,-1,0.0000,26044.7559,1000.0000,373.1333,12.9671,29
2701,25846.0000,801.7569,0.0000,8.7811,26115.4102,-0.0000,749.8811,8.7811,0,0,-1,0.0000,26115.4102,-0.0000,749.8811,8.7811,27
2702,25859.0000,725.1506,0.0000,11.6842,26180.5176,41.3510,999.9999,11.6842,0,0,-1,0.0000,26180.5176,41.3510,999.9999,11.6842,26
2703,25868.0000,887.1221,0.0000,12.7750,26149.8477,-0.0000,745.0820,12.7750,0,0,-1,0.0000,26149.8477,-0.0000,745.0820,12.7750,27
2704,25875.0000,606.6215,1000.0000,13.3168,26193.5566,580.7217,-0.0000,13.3168,0,0,-1,0.0000,26193.5566,580.7217,-0.0000,13.3168,25
2705,25889.0000,0.0000,473.4468,14.2653,26097.5137,999.9999,351.6862,14.2653,0,0,-1,0.0000,26097.5137,999.9999,351.6862,14.2653,25
2706,25902.0000,275.9579,656.6790,8.0000,26098.5449,986.1912,-0.0000,8.0000,0,0,-1,0.0000,26098.5449,986.1912,-0.0000,8.0000,25
2707,25913.0000,0.0000,465.4096,8.0735,26230.0859,1000.0001,289.8174,8.0735,0,0,-1,0.0000,26230.0859,1000.0001,289.8174,8.0735,26
2708,25926.0000,848.3039,808.8519,8.0000,26194.8164,-0.0000,205.5400,8.0000,0,0,-1,0.0000,26194.8164,-0.0000,205.5400,8.0000,27
2709,25933.0000,1000.0000,703.5034,14.0848,26161.1855,-0.0000,459.0812,14.0848,0,0,-1,0.0000,26161.1855,-0.0000,459.0812,14.0848,27
2710,25943.0000,0.0000,98.1839,14.1715,26224.0137,754.5358,1000.0000,14.1715,0,0,-1,0.0000,26224.0137,754.5358,1000.0000,14.1715,27
2711,25956.0000,73.4166,1000.0000,9.9499,26316.1328,1000.0001,119.9335,9.9499,0,0,-1,0.0000,26316.1328,1000.0001,119.9335,9.9499,28
2712,25967.0000,0.0000,24.5394,12.2992,26303.2891,1000.0000,831.4858,12.2992,0,0,-1,0.0000,26303.2891,1000.0000,831.4858,12.2992,28
2713,25974.0000,1000.0000,971.5390,11.3954,26261.7051,144.7426,-0.0000,11.3954,0,0,-1,0.0000,26261.7051,144.7426,-0.0000,11.3954,29
2714,25982.0000,423.2915,429.9767,8.0000,26205.0391,1000.0000,967.7491,8.0000,0,0,-1,0.0000,26205.0391,1000.0000,967.7491,8.0000,30
2715,25991.0000,1000.0000,328.7328,8.6575,26217.4863,108.4304,1000.0000,8.6575,0,0,-1,0.0000,26217.4863,108.4304,1000.0000,8.6575,30
2716,25999.0000,842.5217,600.5526,15.0000,26277.2441,-0.0000,259.5352,15.0000,0,0,-1,0.0000,26277.2441,-0.0000,259.5352,15.0000,29
2717,26004.0000,370.2755,1000.0000,8.9100,26300.5488,937.5024,-0.0000,8.9100,0,0,-1,0.0000,26300.5488,937.5024,-0.0000,8.9100,30
2718,26017.0000,932.2501,528.5745,15.0000,26219.5742,-0.0000,274.2173,15.0000,0,0,-1,0.0000,26219.5742,-0.0000,274.2173,15.0000,29
2719,26025.0000,805.1206,925.0475,15.0000,26314.5605,207.6319,-0.0000,15.0000,0,0,-1,0.0000,26314.5605,207.6319,-0.0000,15.0000,30
2720,26032.0000,384.4718,81.4268,8.0000,26280.8867,477.5490,1000.0001,8.0000,0,0,-1,0.0000,26280.8867,477.5490,1000.0001,8.0000,31
2721,26042.0000,598.0129,331.5025,8.0000,26220.2891,162.6027,999.9999,8.0000,0,0,-1,0.0000,26220.2891,162.6027,999.9999,8.0000,31
2722,26050.0000,806.2176,197.9232,15.0000,26302.9492,-0.0000,670.2009,15.0000,0,0,-1,0.0000,26302.9492,-0.0000,670.2009,15.0000,31
2723,26056.0000,0.0000,891.1772,10.2517,26390.1895,978.0359,-0.0000,10.2517,0,0,-1,0.0000,26390.1895,978.0359,-0.0000,10.2517,32
2724,26063.0000,30.4669,1000.0000,14.6018,26339.9375,1000.0000,217.9317,14.6018,0,0,-1,0.0000,26339.9375,1000.0000,217.9317,14.6018,30
2725,26070.0000,690.5711,206.2832,8.0000,26340.7930,-0.0000,877.6436,8.0000,0,0,-1,0.0000,26340.7930,-0.0000,877.6436,8.0000,31
2726,26079.0000,599.7123,565.5643,8.0000,26282.1699,-0.0000,112.0238,8.0000,0,0,-1,0.0000,26282.1699,-0.0000,112.0238,8.0000,32
2727,26085.0000,80.7344,1000.0000,10.4746,26327.3145,1000.0000,463.2229,10.4746,0,0,-1,0.0000,26327.3145,1000.0000,463.2229,10.4746,32
2728,26091.0000,478.2080,690.3245,8.0000,26299.5996,819.2136,-0.0000,8.0000,0,0,-1,0.0000,26299.5996,819.2136,-0.0000,8.0000,33
2729,26102.0000,594.0433,1000.0000,12.5208,26395.2637,38.7616,-0.0000,12.5208,0,0,-1,0.0000,26395.2637,38.7616,-0.0000,12.5208,31
2730,26110.0000,1000.0000,355.8167,8.4159,26377.2520,-0.0000,406.3236,8.4159,0,0,-1,0.0000,26377.2520,-0.0000,406.3236,8.4159,32
2731,26122.0000,1000.0000,935.6690,12.6205,26428.5469,-0.0000,258.1797,12.6205,0,0,-1,0.0000,26428.5469,-0.0000,258.1797,12.6205,30
2732,26127.0000,1000.0000,112.3781,12.2645,26359.4395,-0.0000,529.2828,12.2645,0,0,-1,0.0000,26359.4395,-0.0000,529.2828,12.2645,31
2733,26140.0000,0.0000,36.1399,12.0057,26541.5352,999.9999,715.0311,12.0057,0,0,-1,0.0000,26541.5352,999.9999,715.0311,12.0057,32
2734,26149.0000,127.4011,0.0000,12.7825,26545.2637,1000.0000,944.7522,12.7825,0,0,-1,0.0000,26545.2637,1000.0000,944.7522,12.7825,32
2735,26162.0000,59.6107,814.0803,8.0000,26440.3379,999.9999,387.8815,8.0000,0,0,-1,0.0000,26440.3379,999.9999,387.8815,8.0000,31
2736,26169.0000,604.6332,840.8179,15.0000,26409.5254,45.2468,-0.0000,15.0000,0,0,-1,0.0000,26409.5254,45.2468,-0.0000,15.0000,31
2737,26183.0000,481.4410,962.3756,15.0000,26453.5234,744.8018,-0.0000,15.0000,0,0,-1,0.0000,26453.5234,744.8018,-0.0000,15.0000,31
2738,26197.0000,744.4093,0.0000,14.1375,26540.5742,342.6669,999.9999,14.1375,0,0,-1,0.0000,26540.5742,342.6669,999.9999,14.1375,30
2739,26209.0000,131.8588,565.1486,15.0000,26457.3535,1000.0001,199.3400,15.0000,0,0,-1,0.0000,26457.3535,1000.0001,199.3400,15.0000,30
2740,26222.0000,1000.0000,786.0786,14.2614,26534.0762,4.2793,-0.0000,14.2614,0,0,-1,0.0000,26534.0762,4.2793,-0.0000,14.2614,28
2741,26230.0000,1000.0000,490.9759,13.4253,26447.4160,-0.0000,230.9438,13.4253,0,0,-1,0.0000,26447.4160,-0.0000,230.9438,13.4253,28
2742,26238.0000,159.2179,799.1217,15.0000,26549.1758,902.4993,-0.0000,15.0000,0,0,-1,0.0000,26549.1758,902.4993,-0.0000,15.0000,28
2743,26247.0000,1000.0000,349.3617,9.8967,26513.3516,110.4046,1000.0000,9.8967,0,0,-1,0.0000,26513.3516,110.4046,1000.0000,9.8967,29
2744,26252.0000,0.0000,65.4119,11.7888,26629.5352,1000.0001,620.8580,11.7888,0,0,-1,0.0000,26629.5352,1000.0001,620.8580,11.7888,30
2745,26263.0000,78.2852,1000.0000,8.6348,26561.5762,1000.0000,14.1830,8.6348,0,0,-1,0.0000,26561.5762,1000.0000,14.1830,8.6348,30
2746,26274.0000,0.0000,580.3416,14.5762,26545.8848,999.9999,215.7800,14.5762,0,0,-1,0.0000,26545.8848,999.9999,215.7800,14.5762,31
2747,26282.0000,436.8742,0.0000,14.6491,26515.2520,354.4114,1000.0000,14.6491,0,0,-1,0.0000,26515.2520,354.4114,1000.0000,14.6491,30
2748,26289.0000,0.0000,607.1569,12.9319,26496.5137,1000.0000,588.0066,12.9319,0,0,-1,0.0000,26496.5137,1000.0000,588.0066,12.9319,30
2749,26294.0000,403.8580,669.3759,8.0000,26442.9883,550.3712,-0.0000,8.0000,0,0,-1,0.0000,26442.9883,550.3712,-0.0000,8.0000,31
2750,26308.0000,265.6981,0.0000,12.0984,26615.0195,878.2906,999.9999,12.0984,0,0,-1,0.0000,26615.0195,878.2906,999.9999,12.0984,28
2751,26318.0000,1000.0000,779.3337,12.2911,26605.6445,-0.0000,6.5535,12.2911,0,0,-1,0.0000,26605.6445,-0.0000,6.5535,12.2911,27
2752,26323.0000,1000.0000,831.1269,8.2375,26606.4902,-0.0000,315.1897,8.2375,0,0,-1,0.0000,26606.4902,-0.0000,315.1897,8.2375,28
2753,26329.0000,1000.0000,394.5471,14.5422,26636.1875,-0.0000,478.5578,14.5422,0,0,-1,0.0000,26636.1875,-0.0000,478.5578,14.5422,28
2754,26342.0000,0.0000,635.7233,14.7380,26668.3262,1000.0000,628.0449,14.7380,0,0,-1,0.0000,26668.3262,1000.0000,628.0449,14.7380,27
2755,26347.0000,185.4283,1000.0000,11.3324,26733.4668,859.4032,-0.0000,11.3324,0,0,-1,0.0000,26733.4668,859.4032,-0.0000,11.3324,28
2756,26356.0000,1000.0000,126.1313,9.2555,26648.1992,-0.0000,589.6351,9.2555,0,0,-1,0.0000,26648.1992,-0.0000,589.6351,9.2555,29
2757,26362.0000,995.5013,988.3138,8.0000,26638.2871,122.2708,-0.0000,8.0000,0,0,-1,0.0000,26638.2871,122.2708,-0.0000,8.0000,29
2758,26375.0000,258.0419,0.0000,13.4642,26666.4434,903.0280,1000.0000,13.4642,0,0,-1,0.0000,26666.4434,903.0280,1000.0000,13.4642,30
2759,26380.0000,981.3451,546.5968,15.0000,26684.5996,-0.0000,530.3266,15.0000,0,0,-1,0.0000,26684.5996,-0.0000,530.3266,15.0000,30
2760,26390.0000,5.9323,0.0000,14.0517,26676.7441,729.0725,999.9999,14.0517,0,0,-1,0.0000,26676.7441,729.0725,999.9999,14.0517,31
2761,26397.0000,0.0000,43.6296,10.1132,26754.3887,1000.0000,604.3653,10.1132,0,0,-1,0.0000,26754.3887,1000.0000,604.3653,10.1132,30
2762,26406.0000,0.0000,729.2797,12.4124,26774.3477,865.3223,-0.0000,12.4124,0,0,-1,0.0000,26774.3477,865.3223,-0.0000,12.4124,31
2763,26415.0000,852.7444,769.9512,15.0000,26675.1465,12.9259,-0.0000,15.0000,0,0,-1,0.0000,26675.1465,12.9259,-0.0000,15.0000,31
2764,26420.0000,257.2665,900.2234,8.0000,26711.1758,999.9999,23.6221,8.0000,0,0,-1,0.0000,26711.1758,999.9999,23.6221,8.0000,32
2765,26428.0000,0.0000,373.4776,8.0415,26653.0723,1000.0001,875.2026,8.0415,0,0,-1,0.0000,26653.0723,1000.0001,875.2026,8.0415,33
2766,26439.0000,700.6422,1000.0000,13.5528,26694.3164,401.8856,-0.0000,13.5528,0,0,-1,0.0000,26694.3164,401.8856,-0.0000,13.5528,33
2767,26449.0000,928.7752,963.4122,15.0000,26758.4336,218.7326,-0.0000,15.0000,0,0,-1,0.0000,26758.4336,218.7326,-0.0000,15.0000,31
2768,26457.0000,479.9222,0.0000,12.8076,26712.7930,598.2748,1000.0001,12.8076,0,0,-1,0.0000,26712.7930,598.2748,1000.0001,12.8076,31
2769,26462.0000,0.0000,509.4820,9.6438,26681.1270,1000.0000,180.3210,9.6438,0,0,-1,0.0000,26681.1270,1000.0000,180.3210,9.6438,31
2770,26468.0000,1000.0000,844.7230,10.6662,26833.8613,163.0574,-0.0000,10.6662,0,0,-1,0.0000,26833.8613,163.0574,-0.0000,10.6662,32
2771,26478.0000,1000.0000,830.0085,8.0482,26779.7090,-0.0000,452.7245,8.0482,0,0,-1,0.0000,26779.7090,-0.0000,452.7245,8.0482,33
2772,26488.0000,409.1754,817.0113,15.0000,26655.7148,590.8490,-0.0000,15.0000,0,0,-1,0.0000,26655.7148,590.8490,-0.0000,15.0000,34
2773,26493.0000,1000.0000,980.1702,11.7006,26853.0879,244.3960,-0.0000,11.7006,0,0,-1,0.0000,26853.0879,244.3960,-0.0000,11.7006,35
2774,26501.0000,0.0000,173.8320,11.6418,26747.1348,1000.0000,452.3842,11.6418,0,0,-1,0.0000,26747.1348,1000.0000,452.3842,11.6418,35
2775,26514.0000,962.2135,312.7629,8.0000,26846.7129,-0.0000,815.7083,8.0000,0,0,-1,0.0000,26846.7129,-0.0000,815.7083,8.0000,35
2776,26525.0000,10.2265,0.0000,14.4832,26900.4902,950.7713,1000.0000,14.4832,0,0,-1,0.0000,26900.4902,950.7713,1000.0000,14.4832,35
2777,26538.0000,0.0000,57.7797,13.6891,26813.5742,780.7535,1000.0001,13.6891,0,0,-1,0.0000,26813.5742,780.7535,1000.0001,13.6891,35
2778,26544.0000,244.4858,0.0000,12.0723,26768.6191,472.4718,1000.0001,12.0723,0,0,-1,0.0000,26768.6191,472.4718,1000.0001,12.0723,34
2779,26555.0000,0.0000,165.1039,9.6840,26924.9375,1000.0001,741.4282,9.6840,0,0,-1,0.0000,26924.9375,1000.0001,741.4282,9.6840,32
2780,26569.0000,14.1363,187.4157,15.0000,26898.7227,1000.0001,463.6855,15.0000,0,0,-1,0.0000,26898.7227,1000.0001,463.6855,15.0000,32
2781,26582.0000,669.4124,0.0000,13.7806,26824.1191,413.0011,1000.0001,13.7806,0,0,-1,0.0000,26824.1191,413.0011,1000.0001,13.7806,33
2782,26595.0000,0.0000,702.8072,11.3738,26902.0469,1000.0000,500.1425,11.3738,0,0,-1,0.0000,26902.0469,1000.0000,500.1425,11.3738,34
2783,26604.0000,118.0268,1000.0000,12.4871,26879.5996,1000.0000,51.0330,12.4871,0,0,-1,0.0000,26879.5996,1000.0000,51.0330,12.4871,35
2784,26618.0000,1000.0000,433.8466,14.0096,26826.3828,-0.0000,575.1631,14.0096,0,0,-1,0.0000,26826.3828,-0.0000,575.1631,14.0096,33
2785,26626.0000,58.7111,0.0000,14.6573,26871.7324,1000.0000,743.4150,14.6573,0,0,-1,0.0000,26871.7324,1000.0000,743.4150,14.6573,34
2786,26640.0000,732.6041,336.7872,15.0000,26855.3164,-0.0000,727.8984,15.0000,0,0,-1,0.0000,26855.3164,-0.0000,727.8984,15.0000,32
2787,26648.0000,1000.0000,398.5606,9.0678,26909.7910,-0.0000,663.9625,9.0678,0,0,-1,0.0000,26909.7910,-0.0000,663.9625,9.0678,33
2788,26654.0000,721.2360,332.9163,15.0000,26878.5371,-0.0000,908.1528,15.0000,0,0,-1,0.0000,26878.5371,-0.0000,908.1528,15.0000,32
2789,26661.0000,0.0000,589.0748,11.6420,26953.7598,1000.0000,328.8369,11.6420,0,0,-1,0.0000,26953.7598,1000.0000,328.8369,11.6420,32
2790,26670.0000,639.6379,0.0000,14.2174,26990.8867,124.6124,999.9999,14.2174,0,0,-1,0.0000,26990.8867,124.6124,999.9999,14.2174,31
2791,26675.0000,1000.0000,367.6450,14.3605,26961.3789,-0.0000,401.8018,14.3605,0,0,-1,0.0000,26961.3789,-0.0000,401.8018,14.3605,32
2792,26684.0000,465.5766,1000.0000,9.0781,26925.7695,237.9767,-0.0000,9.0781,0,0,-1,0.0000,26925.7695,237.9767,-0.0000,9.0781,30
2793,26691.0000,597.3367,1000.0000,9.2052,26921.8848,432.5526,-0.0000,9.2052,0,0,-1,0.0000,26921.8848,432.5526,-0.0000,9.2052,30
2794,26697.0000,534.8376,1000.0000,9.6882,26926.2344,310.1061,-0.0000,9.6882,0,0,-1,0.0000,26926.2344,310.1061,-0.0000,9.6882,30
2795,26704.0000,129.4006,546.0642,8.0000,26938.8613,1000.0000,390.6866,8.0000,0,0,-1,0.0000,26938.8613,1000.0000,390.6866,8.0000,31
2796,26710.0000,1000.0000,893.5725,8.1892,27033.7969,-0.0000,389.9711,8.1892,0,0,-1,0.0000,27033.7969,-0.0000,389.9711,8.1892,32
2797,26717.0000,0.0000,111.8936,11.3677,26967.9551,1000.0000,824.7471,11.3677,0,0,-1,0.0000,26967.9551,1000.0000,824.7471,11.3677,31
2798,26729.0000,625.5828,977.4377,15.0000,26992.4434,497.9010,-0.0000,15.0000,0,0,-1,0.0000,26992.4434,497.9010,-0.0000,15.0000,32
2799,26736.0000,1000.0000,991.7516,14.8823,27138.4219,181.2276,-0.0000,14.8823,0,0,-1,0.0000,27138.4219,181.2276,-0.0000,14.8823,32
2800,26742.0000,983.2937,921.5663,8.0000,27031.3164,-0.0000,273.4717,8.0000,0,0,-1,0.0000,27031.3164,-0.0000,273.4717,8.0000,33
2801,26753.0000,642.6089,0.0000,11.4812,26972.8301,608.9290,1000.0000,11.4812,0,0,-1,0.0000,26972.8301,608.9290,1000.0000,11.4812,33
2802,26764.0000,1000.0000,499.8109,13.0482,27021.2285,-0.0000,356.9123,13.0482,0,0,-1,0.0000,27021.2285,-0.0000,356.9123,13.0482,32
2803,26772.0000,0.0000,18.3266,10.6340,27099.9316,776.0007,1000.0000,10.6340,0,0,-1,0.0000,27099.9316,776.0007,1000.0000,10.6340,32
2804,26780.0000,1000.0000,743.7408,11.8076,27072.6934,-0.0000,529.6268,11.8076,0,0,-1,0.0000,27072.6934,-0.0000,529.6268,11.8076,31
2805,26792.0000,738.9233,631.6622,15.0000,27041.1211,-0.0000,323.8720,15.0000,0,0,-1,0.0000,27041.1211,-0.0000,323.8720,15.0000,32
2806,26802.0000,504.0918,416.5113,8.0000,26941.6211,377.6394,999.9999,8.0000,0,0,-1,0.0000,26941.6211,377.6394,999.9999,8.0000,33
2807,26814.0000,742.9143,0.0000,10.4285,27078.4824,398.5511,1000.0000,10.4285,0,0,-1,0.0000,27078.4824,398.5511,1000.0000,10.4285,33
2808,26824.0000,13.6847,809.7991,8.0000,27134.1562,1000.0000,586.1781,8.0000,0,0,-1,0.0000,27134.1562,1000.0000,586.1781,8.0000,34
2809,26836.0000,608.9039,1000.0000,13.2341,27128.0449,454.3185,-0.0000,13.2341,0,0,-1,0.0000,27128.0449,454.3185,-0.0000,13.2341,32
2810,26846.0000,201.4347,434.2100,8.0000,27045.2344,1000.0001,811.4008,8.0000,0,0,-1,0.0000,27045.2344,1000.0001,811.4008,8.0000,33
2811,26857.0000,1000.0000,64.7644,10.3613,27241.3672,-0.0000,987.0789,10.3613,0,0,-1,0.0000,27241.3672,-0.0000,987.0789,10.3613,31
2812,26869.0000,0.0000,467.7037,10.9960,27166.5703,1000.0000,245.8743,10.9960,0,0,-1,0.0000,27166.5703,1000.0000,245.8743,10.9960,32
2813,26875.0000,221.5914,0.0000,12.9053,27146.2266,833.7186,1000.0000,12.9053,0,0,-1,0.0000,27146.2266,833.7186,1000.0000,12.9053,32
2814,26886.0000,62.4229,931.1827,8.0000,27210.3008,602.0193,-0.0000,8.0000,0,0,-1,0.0000,27210.3008,602.0193,-0.0000,8.0000,31
2815,26899.0000,84.7546,891.8973,8.0000,27109.4395,1000.0000,425.8470,8.0000,0,0,-1,0.0000,27109.4395,1000.0000,425.8470,8.0000,31
2816,26908.0000,330.3945,372.7784,15.0000,27098.4062,808.3553,1000.0000,15.0000,0,0,-1,0.0000,27098.4062,808.3553,1000.0000,15.0000,30
2817,26916.0000,413.1721,0.0000,11.3948,27149.7480,933.4608,1000.0001,11.3948,0,0,-1,0.0000,27149.7480,933.4608,1000.0001,11.3948,30
2818,26929.0000,303.0965,89.8679,15.0000,27134.5820,470.4304,1000.0001,15.0000,0,0,-1,0.0000,27134.5820,470.4304,1000.0001,15.0000,27
2819,26940.0000,592.6396,858.6628,8.0000,27150.6406,650.6832,-0.0000,8.0000,0,0,-1,0.0000,27150.6406,650.6832,-0.0000,8.0000,27
2820,26949.0000,1000.0000,665.6255,13.6276,27297.2773,-0.0000,287.7211,13.6276,0,0,-1,0.0000,27297.2773,-0.0000,287.7211,13.6276,27
2821,26958.0000,504.8746,1000.0000,14.4347,27238.1992,836.2714,-0.0000,14.4347,0,0,-1,0.0000,27238.1992,836.2714,-0.0000,14.4347,27
2822,26967.0000,0.0000,675.8383,9.2100,27184.5430,1000.0000,634.5984,9.2100,0,0,-1,0.0000,27184.5430,1000.0000,634.5984,9.2100,27
2823,26978.0000,569.8207,939.8401,8.0000,27179.2148,453.6079,-0.0000,8.0000,0,0,-1,0.0000,27179.2148,453.6079,-0.0000,8.0000,26
2824,26992.0000,320.1609,842.5302,15.0000,27187.0586,703.0364,-0.0000,15.0000,0,0,-1,0.0000,27187.0586,703.0364,-0.0000,15.0000,26
2825,26998.0000,1000.0000,604.5849,11.5248,26998.0000,1000.0000,604.5849,11.5248,0,0,-1,0.0000,26998.0000,1000.0000,604.5849,11.5248,26
2826,27004.0000,890.6384,1000.0000,9.2333,27323.4668,556.9963,-0.0000,9.2333,0,0,-1,0.0000,27323.4668,556.9963,-0.0000,9.2333,26
2827,27011.0000,0.0000,269.2261,11.9780,27240.4844,741.0921,1000.0000,11.9780,0,0,-1,0.0000,27240.4844,741.0921,1000.0000,11.9780,27
2828,27016.0000,0.0000,395.0166,8.1341,27257.8789,1000.0001,837.1627,8.1341,0,0,-1,0.0000,27257.8789,1000.0001,837.1627,8.1341,28
2829,27030.0000,343.4046,503.6275,15.0000,27184.6777,1000.0000,427.6008,15.0000,0,0,-1,0.0000,27184.6777,1000.0000,427.6008,15.0000,28
2830,27038.0000,188.9367,98.8030,8.0000,27368.1758,723.6602,1000.0001,8.0000,0,0,-1,0.0000,27368.1758,723.6602,1000.0001,8.0000,27
2831,27048.0000,0.0000,195.7827,11.9325,27292.0723,1000.0000,448.0804,11.9325,0,0,-1,0.0000,27292.0723,1000.0000,448.0804,11.9325,26
2832,27058.0000,789.2990,1000.0000,8.2832,27307.8672,357.7818,-0.0000,8.2832,0,0,-1,0.0000,27307.8672,357.7818,-0.0000,8.2832,27
2833,27069.0000,0.0000,223.3955,9.8076,27375.2910,1000.0001,837.7791,9.8076,0,0,-1,0.0000,27375.2910,1000.0001,837.7791,9.8076,28
2834,27080.0000,1000.0000,768.3016,10.4872,27321.1035,-0.0000,147.4038,10.4872,0,0,-1,0.0000,27321.1035,-0.0000,147.4038,10.4872,27
2835,27088.0000,821.7515,0.0000,9.4128,27428.4512,-0.0000,794.4972,9.4128,0,0,-1,0.0000,27428.4512,-0.0000,794.4972,9.4128,28
2836,27102.0000,0.0000,703.3898,11.7408,27360.3945,1000.0000,383.9795,11.7408,0,0,-1,0.0000,27360.3945,1000.0000,383.9795,11.7408,27
2837,27111.0000,160.2173,414.7931,15.0000,27402.9980,1000.0000,691.7464,15.0000,0,0,-1,0.0000,27402.9980,1000.0000,691.7464,15.0000,27
2838,27122.0000,488.8678,1000.0000,14.2928,27372.2617,585.8201,-0.0000,14.2928,0,0,-1,0.0000,27372.2617,585.8201,-0.0000,14.2928,28
2839,27135.0000,406.2940,31.9699,15.0000,27344.5508,544.7791,1000.0000,15.0000,0,0,-1,0.0000,27344.5508,544.7791,1000.0000,15.0000,26
2840,27144.0000,996.1313,1000.0000,11.7676,27440.0996,436.2288,-0.0000,11.7676,0,0,-1,0.0000,27440.0996,436.2288,-0.0000,11.7676,26
2841,27152.0000,28.9347,710.7823,8.0000,27479.4629,1000.0001,318.8666,8.0000,0,0,-1,0.0000,27479.4629,1000.0001,318.8666,8.0000,24
2842,27161.0000,192.4029,372.8336,15.0000,27377.3340,1000.0000,486.8689,15.0000,0,0,-1,0.0000,27377.3340,1000.0000,486.8689,15.0000,25
2843,27166.0000,130.6969,114.0260,15.0000,27387.3164,1000.0000,755.8774,15.0000,0,0,-1,0.0000,27387.3164,1000.0000,755.8774,15.0000,26
2844,27171.0000,1000.0000,438.5369,11.5686,27408.4883,-0.0000,667.2101,11.5686,0,0,-1,0.0000,27408.4883,-0.0000,667.2101,11.5686,26
2845,27185.0000,331.5235,1000.0000,8.9577,27506.7285,414.6277,-0.0000,8.9577,0,0,-1,0.0000,27506.7285,414.6277,-0.0000,8.9577,24
2846,27195.0000,0.0000,679.2615,12.4398,27521.2324,999.9999,434.4595,12.4398,0,0,-1,0.0000,27521.2324,999.9999,434.4595,12.4398,24
2847,27209.0000,18.5409,0.0000,9.9633,27460.1660,1000.0000,726.5001,9.9633,0,0,-1,0.0000,27460.1660,1000.0000,726.5001,9.9633,25
2848,27217.0000,428.4193,1000.0000,8.7587,27460.3340,427.0826,-0.0000,8.7587,0,0,-1,0.0000,27460.3340,427.0826,-0.0000,8.7587,25
2849,27224.0000,0.0000,679.4075,13.7299,27448.1309,1000.0000,258.1463,13.7299,0,0,-1,0.0000,27448.1309,1000.0000,258.1463,13.7299,26
2850,27233.0000,0.0000,437.9579,11.4239,27452.9883,1000.0000,232.5939,11.4239,0,0,-1,0.0000,27452.9883,1000.0000,232.5939,11.4239,27
2851,27244.0000,538.7327,0.0000,11.3825,27569.0664,347.6412,999.9999,11.3825,0,0,-1,0.0000,27569.0664,347.6412,999.9999,11.3825,25
2852,27257.0000,758.3461,0.0000,8.2179,27545.0898,271.8877,999.9999,8.2179,0,0,-1,0.0000,27545.0898,271.8877,999.9999,8.2179,26
2853,27270.0000,585.8742,0.0000,8.0686,27484.7617,307.1049,1000.0000,8.0686,0,0,-1,0.0000,27484.7617,307.1049,1000.0000,8.0686,26
2854,27284.0000,0.0000,815.4750,11.5861,27508.9512,734.9119,-0.0000,11.5861,0,0,-1,0.0000,27508.9512,734.9119,-0.0000,11.5861,27
2855,27293.0000,0.0000,218.3155,13.4430,27615.4297,1000.0001,732.2722,13.4430,0,0,-1,0.0000,27615.4297,1000.0001,732.2722,13.4430,27
2856,27304.0000,306.1927,0.0000,8.6037,27637.9336,887.4710,999.9999,8.6037,0,0,-1,0.0000,27637.9336,887.4710,999.9999,8.6037,27
2857,27311.0000,656.8819,343.3529,15.0000,27513.1094,226.0533,1000.0000,15.0000,0,0,-1,0.0000,27513.1094,226.0533,1000.0000,15.0000,27
2858,27321.0000,579.9148,143.3613,15.0000,27520.3047,675.0697,1000.0000,15.0000,0,0,-1,0.0000,27520.3047,675.0697,1000.0000,15.0000,28
2859,27329.0000,0.0000,372.4839,8.6358,27667.1133,1000.0000,893.8965,8.6358,0,0,-1,0.0000,27667.1133,1000.0000,893.8965,8.6358,27
2860,27340.0000,967.1721,0.0000,10.0283,27659.5137,-0.0000,800.0388,10.0283,0,0,-1,0.0000,27659.5137,-0.0000,800.0388,10.0283,28
2861,27354.0000,223.0016,0.0000,14.2138,27719.9336,690.5458,1000.0000,14.2138,0,0,-1,0.0000,27719.9336,690.5458,1000.0000,14.2138,28
2862,27360.0000,0.2371,1000.0000,13.3824,27734.8086,739.4031,-0.0000,13.3824,0,0,-1,0.0000,27734.8086,739.4031,-0.0000,13.3824,29
2863,27372.0000,225.4868,183.5993,8.0000,27632.4258,1000.0000,692.1899,8.0000,0,0,-1,0.0000,27632.4258,1000.0000,692.1899,8.0000,28
2864,27378.0000,465.1380,0.0000,14.2338,27633.7676,669.0382,999.9999,14.2338,0,0,-1,0.0000,27633.7676,669.0382,999.9999,14.2338,26
2865,27386.0000,328.7603,1000.0000,9.9643,27712.7949,596.9914,-0.0000,9.9643,0,0,-1,0.0000,27712.7949,596.9914,-0.0000,9.9643,27
2866,27396.0000,102.8920,0.0000,14.5456,27671.0586,502.3600,999.9999,14.5456,0,0,-1,0.0000,27671.0586,502.3600,999.9999,14.5456,27
2867,27404.0000,0.0000,420.7867,10.5918,27620.7168,1000.0000,516.7177,10.5918,0,0,-1,0.0000,27620.7168,1000.0000,516.7177,10.5918,27
2868,27417.0000,1000.0000,299.5839,10.9931,27658.7227,-0.0000,882.5910,10.9931,0,0,-1,0.0000,27658.7227,-0.0000,882.5910,10.9931,27
2869,27428.0000,789.6718,1000.0000,10.3139,27741.8750,562.0718,-0.0000,10.3139,0,0,-1,0.0000,27741.8750,562.0718,-0.0000,10.3139,28
2870,27437.0000,9.5032,0.0000,10.8868,27832.9023,1000.0000,914.7431,10.8868,0,0,-1,0.0000,27832.9023,1000.0000,914.7431,10.8868,28
2871,27446.0000,620.7455,518.2688,15.0000,27642.4570,-0.0000,275.9364,15.0000,0,0,-1,0.0000,27642.4570,-0.0000,275.9364,15.0000,28
2872,27458.0000,28.3861,181.0303,15.0000,27856.1250,1000.0000,967.3153,15.0000,0,0,-1,0.0000,27856.1250,1000.0000,967.3153,15.0000,27
2873,27464.0000,523.6555,1000.0000,12.4320,27716.0000,191.2783,-0.0000,12.4320,0,0,-1,0.0000,27716.0000,191.2783,-0.0000,12.4320,26
2874,27474.0000,0.0000,181.9374,11.9124,27728.5918,1000.0000,814.4999,11.9124,0,0,-1,0.0000,27728.5918,1000.0000,814.4999,11.9124,27
2875,27480.0000,0.0000,89.6895,12.1572,27772.5664,1000.0001,913.1028,12.1572,0,0,-1,0.0000,27772.5664,1000.0001,913.1028,12.1572,27
2876,27490.0000,241.1442,42.0003,8.0000,27805.5898,443.9332,999.9999,8.0000,0,0,-1,0.0000,27805.5898,443.9332,999.9999,8.0000,27
2877,27502.0000,569.3609,1000.0000,8.7615,27781.8516,767.6809,-0.0000,8.7615,0,0,-1,0.0000,27781.8516,767.6809,-0.0000,8.7615,28
2878,27513.0000,1000.0000,419.2432,11.6367,27774.3730,-0.0000,683.1686,11.6367,0,0,-1,0.0000,27774.3730,-0.0000,683.1686,11.6367,27
2879,27522.0000,781.0005,1000.0000,11.7576,27755.4219,287.8602,-0.0000,11.7576,0,0,-1,0.0000,27755.4219,287.8602,-0.0000,11.7576,25
2880,27535.0000,587.5656,1000.0000,14.5900,27839.5469,158.4429,-0.0000,14.5900,0,0,-1,0.0000,27839.5469,158.4429,-0.0000,14.5900,26
2881,27544.0000,481.5451,439.5284,15.0000,27689.5957,505.5799,999.9999,15.0000,0,0,-1,0.0000,27689.5957,505.5799,999.9999,15.0000,27
2882,27556.0000,1000.0000,173.0335,14.2843,27829.1582,131.4029,1000.0000,14.2843,0,0,-1,0.0000,27829.1582,131.4029,1000.0000,14.2843,27
2883,27566.0000,341.5585,70.3333,15.0000,27803.2910,666.9716,999.9999,15.0000,0,0,-1,0.0000,27803.2910,666.9716,999.9999,15.0000,28
2884,27578.0000,495.2190,17.4520,15.0000,27779.2441,579.7974,1000.0001,15.0000,0,0,-1,0.0000,27779.2441,579.7974,1000.0001,15.0000,28
2885,27590.0000,1000.0000,856.4846,10.0144,27887.5586,-0.0000,112.1037,10.0144,0,0,-1,0.0000,27887.5586,-0.0000,112.1037,10.0144,29
2886,27604.0000,379.7290,0.0000,13.5072,27822.7129,821.6917,1000.0001,13.5072,0,0,-1,0.0000,27822.7129,821.6917,1000.0001,13.5072,30
2887,27610.0000,0.0000,694.9482,11.6011,27926.7344,1000.0000,222.5097,11.6011,0,0,-1,0.0000,27926.7344,1000.0000,222.5097,11.6011,31
2888,27615.0000,552.1956,796.1929,15.0000,27904.2637,91.8932,-0.0000,15.0000,0,0,-1,0.0000,27904.2637,91.8932,-0.0000,15.0000,32
2889,27623.0000,347.3949,684.6334,8.0000,27881.9570,955.6383,-0.0000,8.0000,0,0,-1,0.0000,27881.9570,955.6383,-0.0000,8.0000,31
2890,27632.0000,595.7627,90.6827,8.0000,27843.9199,435.9574,1000.0001,8.0000,0,0,-1,0.0000,27843.9199,435.9574,1000.0001,8.0000,32
2891,27637.0000,876.4485,350.3889,8.0000,27852.9824,-0.0000,928.3038,8.0000,0,0,-1,0.0000,27852.9824,-0.0000,928.3038,8.0000,31
2892,27648.0000,1000.0000,548.8465,10.2934,27972.3613,-0.0000,458.6194,10.2934,0,0,-1,0.0000,27972.3613,-0.0000,458.6194,10.2934,30
2893,27656.0000,1000.0000,600.5965,9.0625,27864.7852,-0.0000,499.0327,9.0625,0,0,-1,0.0000,27864.7852,-0.0000,499.0327,9.0625,31
2894,27670.0000,1000.0000,336.5625,10.4230,28020.8613,25.7765,1000.0000,10.4230,0,0,-1,0.0000,28020.8613,25.7765,1000.0000,10.4230,29
2895,27677.0000,0.0000,41.4264,14.4411,27907.3359,1000.0001,590.1646,14.4411,0,0,-1,0.0000,27907.3359,1000.0001,590.1646,14.4411,29
2896,27684.0000,781.8691,1000.0000,11.4290,27995.1973,468.7252,-0.0000,11.4290,0,0,-1,0.0000,27995.1973,468.7252,-0.0000,11.4290,30
2897,27691.0000,289.2054,0.0000,9.7478,27905.3457,436.9151,1000.0000,9.7478,0,0,-1,0.0000,27905.3457,436.9151,1000.0000,9.7478,30
2898,27704.0000,402.5928,13.0794,8.0000,27981.4277,782.7137,999.9999,8.0000,0,0,-1,0.0000,27981.4277,782.7137,999.9999,8.0000,31
2899,27714.0000,32.2058,390.9466,8.0000,27946.9082,1000.0001,580.1371,8.0000,0,0,-1,0.0000,27946.9082,1000.0001,580.1371,8.0000,31
2900,27723.0000,830.3913,786.3789,15.0000,28004.7832,-0.0000,463.6317,15.0000,0,0,-1,0.0000,28004.7832,-0.0000,463.6317,15.0000,30
2901,27732.0000,272.2988,0.0000,11.6775,27969.4453,875.9762,999.9999,11.6775,0,0,-1,0.0000,27969.4453,875.9762,999.9999,11.6775,30
2902,27741.0000,596.9941,0.0000,9.8782,28068.3730,306.8041,1000.0000,9.8782,0,0,-1,0.0000,28068.3730,306.8041,1000.0000,9.8782,30
2903,27749.0000,231.9973,0.0000,8.3111,27996.4551,431.1096,1000.0001,8.3111,0,0,-1,0.0000,27996.4551,431.1096,1000.0001,8.3111,30
2904,27761.0000,108.5899,1000.0000,13.9769,28045.1426,488.5186,-0.0000,13.9769,0,0,-1,0.0000,28045.1426,488.5186,-0.0000,13.9769,30
2905,27770.0000,448.0422,502.1613,15.0000,27914.1953,999.9999,500.8137,15.0000,0,0,-1,0.0000,27914.1953,999.9999,500.8137,15.0000,31
2906,27780.0000,978.6054,573.5739,15.0000,28087.8477,-0.0000,292.3805,15.0000,0,0,-1,0.0000,28087.8477,-0.0000,292.3805,15.0000,29
2907,27789.0000,626.1475,707.5230,8.0000,28024.8672,129.1250,-0.0000,8.0000,0,0,-1,0.0000,28024.8672,129.1250,-0.0000,8.0000,29
2908,27798.0000,592.8948,1000.0000,14.8378,28036.5703,575.5947,-0.0000,14.8378,0,0,-1,0.0000,28036.5703,575.5947,-0.0000,14.8378,30
2909,27807.0000,195.3882,1000.0000,9.0634,28121.7168,661.5477,-0.0000,9.0634,0,0,-1,0.0000,28121.7168,661.5477,-0.0000,9.0634,29
2910,27816.0000,814.9318,678.5047,15.0000,28040.5215,146.9111,-0.0000,15.0000,0,0,-1,0.0000,28040.5215,146.9111,-0.0000,15.0000,30
2911,27824.0000,0.0000,829.9991,8.6828,28116.6406,999.9999,307.8034,8.6828,0,0,-1,0.0000,28116.6406,999.9999,307.8034,8.6828,30
2912,27830.0000,595.1660,933.7615,8.0000,28085.6191,528.9462,-0.0000,8.0000,0,0,-1,0.0000,28085.6191,528.9462,-0.0000,8.0000,30
2913,27836.0000,892.1757,382.2648,8.0000,28073.9629,-0.0000,658.7837,8.0000,0,0,-1,0.0000,28073.9629,-0.0000,658.7837,8.0000,30
2914,27842.0000,45.4578,0.0000,10.4717,28147.7285,999.9999,705.2393,10.4717,0,0,-1,0.0000,28147.7285,999.9999,705.2393,10.4717,30
2915,27849.0000,0.0000,610.0889,11.5719,28126.7617,999.9999,59.8589,11.5719,0,0,-1,0.0000,28126.7617,999.9999,59.8589,11.5719,30
2916,27856.0000,1000.0000,258.8242,8.0091,28186.5117,-0.0000,996.9782,8.0091,0,0,-1,0.0000,28186.5117,-0.0000,996.9782,8.0091,30
2917,27867.0000,0.0000,687.6003,14.4495,28096.5605,999.9999,254.4955,14.4495,0,0,-1,0.0000,28096.5605,999.9999,254.4955,14.4495,29
2918,27880.0000,1000.0000,447.1612,14.8889,28193.3711,-0.0000,286.0749,14.8889,0,0,-1,0.0000,28193.3711,-0.0000,286.0749,14.8889,30
2919,27891.0000,737.1288,1000.0000,10.5558,28194.5605,-0.0000,135.1023,10.5558,0,0,-1,0.0000,28194.5605,-0.0000,135.1023,10.5558,29
2920,27899.0000,961.9184,818.8383,8.0000,28151.3027,223.4436,-0.0000,8.0000,0,0,-1,0.0000,28151.3027,223.4436,-0.0000,8.0000,30
2921,27907.0000,333.8540,433.2870,15.0000,28111.3086,1000.0000,978.0911,15.0000,0,0,-1,0.0000,28111.3086,1000.0000,978.0911,15.0000,29
2922,27916.0000,935.0706,505.4972,15.0000,27916.0000,935.0706,505.4972,15.0000,0,0,-1,0.0000,27916.0000,935.0706,505.4972,15.0000,28
2923,27922.0000,764.7662,0.0000,10.3903,28177.1406,11.0507,1000.0000,10.3903,0,0,-1,0.0000,28177.1406,11.0507,1000.0000,10.3903,28
2924,27927.0000,259.5748,951.7899,8.0000,28179.6543,1000.0001,281.9435,8.0000,0,0,-1,0.0000,28179.6543,1000.0001,281.9435,8.0000,28
2925,27934.0000,813.4241,981.6096,15.0000,28184.6973,-0.0000,331.4982,15.0000,0,0,-1,0.0000,28184.6973,-0.0000,331.4982,15.0000,29
2926,27943.0000,194.2792,0.0000,11.2800,28263.9492,999.9999,837.8282,11.2800,0,0,-1,0.0000,28263.9492,999.9999,837.8282,11.2800,30
2927,27953.0000,828.0933,0.0000,8.9012,28270.3926,-0.0000,746.7516,8.9012,0,0,-1,0.0000,28270.3926,-0.0000,746.7516,8.9012,30
2928,27967.0000,1000.0000,396.7057,8.5131,28241.3418,-0.0000,254.7381,8.5131,0,0,-1,0.0000,28241.3418,-0.0000,254.7381,8.5131,31
2929,27977.0000,0.0000,984.8191,11.6609,28241.0742,1000.0000,523.3500,11.6609,0,0,-1,0.0000,28241.0742,1000.0000,523.3500,11.6609,30
2930,27987.0000,735.7501,396.8966,8.0000,28193.6543,96.2908,1000.0000,8.0000,0,0,-1,0.0000,28193.6543,96.2908,1000.0000,8.0000,30
2931,27992.0000,0.0000,18.5218,8.7228,28275.6777,1000.0000,752.4160,8.7228,0,0,-1,0.0000,28275.6777,1000.0000,752.4160,8.7228,31
2932,28006.0000,68.9849,0.0000,14.5657,28384.8984,1000.0000,726.7602,14.5657,0,0,-1,0.0000,28384.8984,1000.0000,726.7602,14.5657,29
2933,28020.0000,967.1055,296.7190,8.0000,28261.7871,-0.0000,420.6824,8.0000,0,0,-1,0.0000,28261.7871,-0.0000,420.6824,8.0000,30
2934,28031.0000,716.2696,1000.0000,8.7000,28306.6836,194.2060,-0.0000,8.7000,0,0,-1,0.0000,28306.6836,194.2060,-0.0000,8.7000,29
2935,28039.0000,1000.0000,835.3157,8.7957,28278.2832,-0.0000,482.4271,8.7957,0,0,-1,0.0000,28278.2832,-0.0000,482.4271,8.7957,29
2936,28047.0000,1000.0000,580.8904,8.4505,28351.7832,-0.0000,416.3289,8.4505,0,0,-1,0.0000,28351.7832,-0.0000,416.3289,8.4505,28
2937,28055.0000,1000.0000,640.2007,12.8358,28055.0000,1000.0000,640.2007,12.8358,0,0,-1,0.0000,28055.0000,1000.0000,640.2007,12.8358,29
2938,28063.0000,890.1286,100.4516,15.0000,28422.5430,-0.0000,731.2751,15.0000,0,0,-1,0.0000,28422.5430,-0.0000,731.2751,15.0000,29
2939,28070.0000,120.8143,0.0000,13.3614,28494.8477,998.0641,1000.0000,13.3614,0,0,-1,0.0000,28494.8477,998.0641,1000.0000,13.3614,29
2940,28081.0000,0.0000,570.4089,8.8110,28286.0957,1000.0000,706.3149,8.8110,0,0,-1,0.0000,28286.0957,1000.0000,706.3149,8.8110,29
2941,28087.0000,739.7481,512.6381,15.0000,28256.8184,-0.0000,214.1053,15.0000,0,0,-1,0.0000,28256.8184,-0.0000,214.1053,15.0000,29
2942,28099.0000,911.4088,0.0000,8.0649,28353.4727,552.9890,999.9999,8.0649,0,0,-1,0.0000,28353.4727,552.9890,999.9999,8.0649,28
2943,28113.0000,942.0649,1000.0000,13.5130,28434.0859,-0.0000,109.4834,13.5130,0,0,-1,0.0000,28434.0859,-0.0000,109.4834,13.5130,28
2944,28123.0000,952.6075,147.6483,8.0000,28462.3281,-0.0000,688.9569,8.0000,0,0,-1,0.0000,28462.3281,-0.0000,688.9569,8.0000,27
2945,28130.0000,500.4434,0.0000,13.7861,28401.6602,163.1301,1000.0000,13.7861,0,0,-1,0.0000,28401.6602,163.1301,1000.0000,13.7861,27
2946,28142.0000,943.5134,0.0000,14.9477,28463.6094,445.4776,1000.0000,14.9477,0,0,-1,0.0000,28463.6094,445.4776,1000.0000,14.9477,28
2947,28155.0000,420.6096,1000.0000,13.4306,28393.4062,697.1844,-0.0000,13.4306,0,0,-1,0.0000,28393.4062,697.1844,-0.0000,13.4306,27
2948,28165.0000,930.7626,127.7842,8.0000,28457.9766,420.7244,1000.0001,8.0000,0,0,-1,0.0000,28457.9766,420.7244,1000.0001,8.0000,28
2949,28177.0000,522.5601,564.1266,8.0000,28393.7188,66.1007,-0.0000,8.0000,0,0,-1,0.0000,28393.7188,66.1007,-0.0000,8.0000,29
2950,28184.0000,314.0695,1000.0000,9.4521,28464.9688,718.0981,-0.0000,9.4521,0,0,-1,0.0000,28464.9688,718.0981,-0.0000,9.4521,28
2951,28191.0000,1000.0000,224.9644,11.3833,28481.8770,-0.0000,817.8068,11.3833,0,0,-1,0.0000,28481.8770,-0.0000,817.8068,11.3833,27
2952,28203.0000,0.0000,30.3736,14.6320,28516.5957,1000.0001,843.1251,14.6320,0,0,-1,0.0000,28516.5957,1000.0001,843.1251,14.6320,25
2953,28214.0000,972.9832,603.7564,8.0000,28214.0000,972.9832,603.7564,8.0000,0,0,-1,0.0000,28214.0000,972.9832,603.7564,8.0000,26
2954,28228.0000,0.0000,729.6933,11.5628,28483.1172,1000.0000,610.3776,11.5628,0,0,-1,0.0000,28483.1172,1000.0000,610.3776,11.5628,26
2955,28234.0000,270.5769,1000.0000,8.6072,28479.7441,765.7277,-0.0000,8.6072,0,0,-1,0.0000,28479.7441,765.7277,-0.0000,8.6072,27
2956,28244.0000,1000.0000,184.6468,11.8608,28463.2441,-0.0000,501.7065,11.8608,0,0,-1,0.0000,28463.2441,-0.0000,501.7065,11.8608,26
2957,28258.0000,0.0000,211.3547,14.7453,28536.6797,1000.0001,896.4960,14.7453,0,0,-1,0.0000,28536.6797,1000.0001,896.4960,14.7453,26
2958,28265.0000,906.4857,1000.0000,10.4375,28566.0156,339.2443,-0.0000,10.4375,0,0,-1,0.0000,28566.0156,339.2443,-0.0000,10.4375,25
2959,28270.0000,1000.0000,831.6324,11.1291,28529.4395,302.0339,-0.0000,11.1291,0,0,-1,0.0000,28529.4395,302.0339,-0.0000,11.1291,26
2960,28276.0000,0.0000,653.6649,14.6319,28514.8164,1000.0000,635.9008,14.6319,0,0,-1,0.0000,28514.8164,1000.0000,635.9008,14.6319,25
2961,28290.0000,0.0000,204.5029,8.7612,28533.9277,999.9999,755.3099,8.7612,0,0,-1,0.0000,28533.9277,999.9999,755.3099,8.7612,24
2962,28296.0000,1000.0000,78.9444,13.0391,28520.6875,452.3143,999.9999,13.0391,0,0,-1,0.0000,28520.6875,452.3143,999.9999,13.0391,25
2963,28303.0000,50.4551,678.0230,15.0000,28526.0234,1000.0000,619.6502,15.0000,0,0,-1,0.0000,28526.0234,1000.0000,619.6502,15.0000,26
2964,28315.0000,0.0000,675.5255,13.0095,28613.8086,1000.0000,225.0843,13.0095,0,0,-1,0.0000,28613.8086,1000.0000,225.0843,13.0095,26
2965,28328.0000,0.0000,816.2130,9.6576,28578.8242,1000.0000,402.5404,9.6576,0,0,-1,0.0000,28578.8242,1000.0000,402.5404,9.6576,27
2966,28339.0000,1000.0000,546.0451,10.7986,28573.0039,-0.0000,411.8579,10.7986,0,0,-1,0.0000,28573.0039,-0.0000,411.8579,10.7986,28
2967,28345.0000,214.6462,0.0000,14.2713,28637.1348,458.4428,1000.0001,14.2713,0,0,-1,0.0000,28637.1348,458.4428,1000.0001,14.2713,29
2968,28355.0000,407.7903,0.0000,9.4874,28614.4707,968.6939,999.9999,9.4874,0,0,-1,0.0000,28614.4707,968.6939,999.9999,9.4874,28
2969,28363.0000,864.9022,1000.0000,8.2644,28664.1855,165.2158,-0.0000,8.2644,0,0,-1,0.0000,28664.1855,165.2158,-0.0000,8.2644,29
2970,28372.0000,135.8576,1000.0000,12.1468,28656.4746,1000.0001,322.1584,12.1468,0,0,-1,0.0000,28656.4746,1000.0001,322.1584,12.1468,30
2971,28385.0000,872.3923,1000.0000,9.1624,28648.6934,-0.0000,370.5952,9.1624,0,0,-1,0.0000,28648.6934,-0.0000,370.5952,9.1624,30
2972,28398.0000,208.1794,443.8794,15.0000,28664.4824,1000.0001,849.6468,15.0000,0,0,-1,0.0000,28664.4824,1000.0001,849.6468,15.0000,29
2973,28410.0000,554.5139,118.8835,15.0000,28612.5215,310.0528,1000.0001,15.0000,0,0,-1,0.0000,28612.5215,310.0528,1000.0001,15.0000,29
2974,28422.0000,213.1247,0.0000,12.8491,28701.4688,395.4166,1000.0000,12.8491,0,0,-1,0.0000,28701.4688,395.4166,1000.0000,12.8491,30
2975,28436.0000,267.1298,455.0614,15.0000,28687.7090,1000.0000,843.6342,15.0000,0,0,-1,0.0000,28687.7090,1000.0000,843.6342,15.0000,29
2976,28447.0000,762.4413,321.8295,15.0000,28669.6016,-0.0000,568.9413,15.0000,0,0,-1,0.0000,28669.6016,-0.0000,568.9413,15.0000,30
2977,28458.0000,774.3358,0.0000,9.0790,28733.4219,566.6583,1000.0000,9.0790,0,0,-1,0.0000,28733.4219,566.6583,1000.0000,9.0790,30
2978,28469.0000,397.5239,1000.0000,9.8472,28699.0039,581.7428,-0.0000,9.8472,0,0,-1,0.0000,28699.0039,581.7428,-0.0000,9.8472,27
2979,28476.0000,753.2261,182.3004,15.0000,28719.7305,-0.0000,741.0593,15.0000,0,0,-1,0.0000,28719.7305,-0.0000,741.0593,15.0000,28
2980,28485.0000,974.7808,557.0544,15.0000,28485.0000,974.7808,557.0544,15.0000,0,0,-1,0.0000,28485.0000,974.7808,557.0544,15.0000,26
2981,28492.0000,61.0961,1000.0000,12.1548,28753.7793,527.4063,-0.0000,12.1548,0,0,-1,0.0000,28753.7793,527.4063,-0.0000,12.1548,26
2982,28503.0000,171.3383,150.0557,8.0000,28721.7891,1000.0000,752.0906,8.0000,0,0,-1,0.0000,28721.7891,1000.0000,752.0906,8.0000,26
2983,28514.0000,760.0220,1000.0000,12.5699,28790.5332,83.0019,-0.0000,12.5699,0,0,-1,0.0000,28790.5332,83.0019,-0.0000,12.5699,27
2984,28528.0000,412.2014,777.1828,8.0000,28732.4512,649.7927,-0.0000,8.0000,0,0,-1,0.0000,28732.4512,649.7927,-0.0000,8.0000,24
2985,28536.0000,1000.0000,816.6876,12.3409,28870.5195,137.7173,-0.0000,12.3409,0,0,-1,0.0000,28870.5195,137.7173,-0.0000,12.3409,23
2986,28550.0000,363.8933,0.0000,12.7914,28790.1367,774.7239,1000.0001,12.7914,0,0,-1,0.0000,28790.1367,774.7239,1000.0001,12.7914,23
2987,28561.0000,264.9147,849.7630,8.0000,28770.0039,783.3255,-0.0000,8.0000,0,0,-1,0.0000,28770.0039,783.3255,-0.0000,8.0000,24
2988,28571.0000,322.5699,915.3583,8.0000,28773.8145,1000.0000,188.8366,8.0000,0,0,-1,0.0000,28773.8145,1000.0000,188.8366,8.0000,24
2989,28578.0000,793.0997,1000.0000,11.0153,28921.2285,375.1315,-0.0000,11.0153,0,0,-1,0.0000,28921.2285,375.1315,-0.0000,11.0153,24
2990,28588.0000,0.0000,386.2575,13.2923,28815.0117,1000.0001,623.4202,13.2923,0,0,-1,0.0000,28815.0117,1000.0001,623.4202,13.2923,24
2991,28599.0000,1000.0000,71.9312,11.5703,28917.3164,253.7151,1000.0000,11.5703,0,0,-1,0.0000,28917.3164,253.7151,1000.0000,11.5703,25
2992,28611.0000,737.9479,975.0024,15.0000,28945.8711,188.2345,-0.0000,15.0000,0,0,-1,0.0000,28945.8711,188.2345,-0.0000,15.0000,26
2993,28618.0000,813.3839,0.0000,8.5337,28906.4121,-0.0000,968.8268,8.5337,0,0,-1,0.0000,28906.4121,-0.0000,968.8268,8.5337,24
2994,28625.0000,394.2619,0.0000,11.3804,28910.4004,852.3743,1000.0000,11.3804,0,0,-1,0.0000,28910.4004,852.3743,1000.0000,11.3804,25
2995,28631.0000,319.3478,353.5164,8.0000,28858.1270,771.8500,1000.0001,8.0000,0,0,-1,0.0000,28858.1270,771.8500,1000.0001,8.0000,26
2996,28640.0000,0.0000,753.6183,9.7299,28915.2031,784.7726,-0.0000,9.7299,0,0,-1,0.0000,28915.2031,784.7726,-0.0000,9.7299,26
2997,28653.0000,535.6716,1000.0000,14.6223,28888.0957,169.7617,-0.0000,14.6223,0,0,-1,0.0000,28888.0957,169.7617,-0.0000,14.6223,26
2998,28658.0000,93.7454,556.7364,8.0000,28877.5586,1000.0001,281.1593,8.0000,0,0,-1,0.0000,28877.5586,1000.0001,281.1593,8.0000,26
2999,28670.0000,496.5133,1000.0000,9.7192,28977.7188,724.3687,-0.0000,9.7192,0,0,-1,0.0000,28977.7188,724.3687,-0.0000,9.7192,24
3000,28679.0000,1000.0000,961.7040,9.0880,29062.8066,-0.0000,371.0469,9.0880,0,0,-1,0.0000,29062.8066,-0.0000,371.0469,9.0880,25
3001,28686.0000,0.0000,347.9793,10.4095,28933.8965,1000.0000,721.7715,10.4095,0,0,-1,0.0000,28933.8965,1000.0000,721.7715,10.4095,26
3002,28696.0000,185.8803,351.3642,8.0000,28921.8008,1000.0001,595.3423,8.0000,0,0,-1,0.0000,28921.8008,1000.0001,595.3423,8.0000,26
3003,28703.0000,311.9099,0.0000,10.6773,28936.3301,537.4793,1000.0001,10.6773,0,0,-1,0.0000,28936.3301,537.4793,1000.0001,10.6773,25
3004,28716.0000,1000.0000,940.7376,13.8939,28953.4121,371.3038,-0.0000,13.8939,0,0,-1,0.0000,28953.4121,371.3038,-0.0000,13.8939,26
3005,28728.0000,0.0000,771.7226,10.9588,29069.0586,922.6121,-0.0000,10.9588,0,0,-1,0.0000,29069.0586,922.6121,-0.0000,10.9588,25
3006,28737.0000,0.0677,570.3392,15.0000,28939.7324,1000.0000,501.3632,15.0000,0,0,-1,0.0000,28939.7324,1000.0000,501.3632,15.0000,24
3007,28748.0000,182.7398,1000.0000,11.7887,29030.3477,1000.0000,368.9600,11.7887,0,0,-1,0.0000,29030.3477,1000.0000,368.9600,11.7887,25
3008,28757.0000,669.8256,464.0626,8.0000,28941.3105,-0.0000,598.0986,8.0000,0,0,-1,0.0000,28941.3105,-0.0000,598.0986,8.0000,25
3009,28768.0000,742.5567,517.0526,15.0000,28927.7793,-0.0000,239.4720,15.0000,0,0,-1,0.0000,28927.7793,-0.0000,239.4720,15.0000,26
3010,28775.0000,235.9339,722.8243,15.0000,28986.4922,999.9999,205.9983,15.0000,0,0,-1,0.0000,28986.4922,999.9999,205.9983,15.0000,25
3011,28786.0000,0.0000,370.2629,11.2133,29086.2949,1000.0000,755.7859,11.2133,0,0,-1,0.0000,29086.2949,1000.0000,755.7859,11.2133,26
3012,28791.0000,0.0000,595.5015,13.8477,29019.0684,1000.0000,164.5586,13.8477,0,0,-1,0.0000,29019.0684,1000.0000,164.5586,13.8477,25
3013,28804.0000,1000.0000,817.3958,12.9829,29069.3516,-0.0000,473.4362,12.9829,0,0,-1,0.0000,29069.3516,-0.0000,473.4362,12.9829,26
3014,28809.0000,0.0000,97.3942,9.0156,29036.7969,999.9999,611.3195,9.0156,0,0,-1,0.0000,29036.7969,999.9999,611.3195,9.0156,27
3015,28816.0000,547.4542,0.0000,10.8902,29024.4297,699.0065,999.9999,10.8902,0,0,-1,0.0000,29024.4297,699.0065,999.9999,10.8902,27
3016,28821.0000,883.1828,1000.0000,10.6131,29060.6230,534.8980,-0.0000,10.6131,0,0,-1,0.0000,29060.6230,534.8980,-0.0000,10.6131,28
3017,28830.0000,461.5263,1000.0000,12.7786,29095.0488,418.2026,-0.0000,12.7786,0,0,-1,0.0000,29095.0488,418.2026,-0.0000,12.7786,29
3018,28839.0000,0.0000,616.7540,11.1828,29108.2871,999.9999,300.0097,11.1828,0,0,-1,0.0000,29108.2871,999.9999,300.0097,11.1828,30
3019,28844.0000,910.7230,1000.0000,12.5440,29111.8418,303.5669,-0.0000,12.5440,0,0,-1,0.0000,29111.8418,303.5669,-0.0000,12.5440,31
3020,28851.0000,0.0000,341.8987,10.4115,29140.1973,1000.0001,496.1461,10.4115,0,0,-1,0.0000,29140.1973,1000.0001,496.1461,10.4115,32
3021,28861.0000,950.3110,787.2261,15.0000,29148.8008,-0.0000,247.1743,15.0000,0,0,-1,0.0000,29148.8008,-0.0000,247.1743,15.0000,32
3022,28870.0000,279.0472,0.0000,14.3355,29201.8457,569.1337,1000.0001,14.3355,0,0,-1,0.0000,29201.8457,569.1337,1000.0001,14.3355,33
3023,28877.0000,409.5232,187.7892,15.0000,29045.1816,567.1120,1000.0000,15.0000,0,0,-1,0.0000,29045.1816,567.1120,1000.0000,15.0000,33
3024,28887.0000,869.1536,0.0000,10.5470,29122.8848,334.0599,999.9999,10.5470,0,0,-1,0.0000,29122.8848,334.0599,999.9999,10.5470,33
3025,28899.0000,505.6636,1000.0000,12.1819,29222.1094,435.5457,-0.0000,12.1819,0,0,-1,0.0000,29222.1094,435.5457,-0.0000,12.1819,33
3026,28909.0000,965.6285,1000.0000,11.1152,29157.3086,-0.0000,456.7051,11.1152,0,0,-1,0.0000,29157.3086,-0.0000,456.7051,11.1152,33
3027,28917.0000,0.0000,278.5415,9.2247,29280.3867,999.9999,767.8284,9.2247,0,0,-1,0.0000,29280.3867,999.9999,767.8284,9.2247,32
3028,28930.0000,0.0000,804.9279,11.8718,29179.2383,999.9999,101.8125,11.8718,0,0,-1,0.0000,29179.2383,999.9999,101.8125,11.8718,29
3029,28936.0000,936.5597,511.7655,8.0000,28936.0000,936.5597,511.7655,8.0000,0,0,-1,0.0000,28936.0000,936.5597,511.7655,8.0000,29
3030,28945.0000,150.5821,746.3850,15.0000,29274.5156,1000.0000,119.5715,15.0000,0,0,-1,0.0000,29274.5156,1000.0000,119.5715,15.0000,26
3031,28957.0000,456.1144,112.3016,8.0000,29232.2676,612.4551,1000.0000,8.0000,0,0,-1,0.0000,29232.2676,612.4551,1000.0000,8.0000,25
3032,28963.0000,380.8074,390.2072,15.0000,29110.6367,749.2164,1000.0000,15.0000,0,0,-1,0.0000,29110.6367,749.2164,1000.0000,15.0000,26
3033,28969.0000,0.0000,951.9951,10.4747,29226.8691,676.8577,-0.0000,10.4747,0,0,-1,0.0000,29226.8691,676.8577,-0.0000,10.4747,27
3034,28976.0000,883.8737,1000.0000,12.4118,29270.5312,377.1956,-0.0000,12.4118,0,0,-1,0.0000,29270.5312,377.1956,-0.0000,12.4118,28
3035,28983.0000,755.6488,0.0000,9.2957,29351.2168,117.8676,999.9999,9.2957,0,0,-1,0.0000,29351.2168,117.8676,999.9999,9.2957,28
3036,28988.0000,0.0000,139.1168,8.7886,29258.2051,1000.0001,429.2738,8.7886,0,0,-1,0.0000,29258.2051,1000.0001,429.2738,8.7886,28
3037,29002.0000,551.4587,988.5089,8.0000,29261.6934,397.3494,-0.0000,8.0000,0,0,-1,0.0000,29261.6934,397.3494,-0.0000,8.0000,29
3038,29007.0000,1000.0000,184.4321,13.3146,29247.8086,-0.0000,403.1091,13.3146,0,0,-1,0.0000,29247.8086,-0.0000,403.1091,13.3146,30
3039,29013.0000,342.8416,345.0108,15.0000,29309.0938,962.0336,1000.0000,15.0000,0,0,-1,0.0000,29309.0938,962.0336,1000.0000,15.0000,31
3040,29022.0000,891.0808,349.8215,8.0000,29298.0859,-0.0000,885.3787,8.0000,0,0,-1,0.0000,29298.0859,-0.0000,885.3787,8.0000,31
3041,29027.0000,694.2253,128.6188,8.0000,29298.9746,525.9205,999.9999,8.0000,0,0,-1,0.0000,29298.9746,525.9205,999.9999,8.0000,31
3042,29034.0000,1000.0000,880.8716,13.1051,29363.0020,-0.0000,495.9478,13.1051,0,0,-1,0.0000,29363.0020,-0.0000,495.9478,13.1051,31
3043,29044.0000,247.8175,596.8040,15.0000,29225.3242,999.9999,480.9128,15.0000,0,0,-1,0.0000,29225.3242,999.9999,480.9128,15.0000,31
3044,29054.0000,1000.0000,150.8561,14.4059,29363.3691,200.9138,1000.0000,14.4059,0,0,-1,0.0000,29363.3691,200.9138,1000.0000,14.4059,31
3045,29065.0000,661.9588,0.0000,11.3789,29347.4316,378.2088,999.9999,11.3789,0,0,-1,0.0000,29347.4316,378.2088,999.9999,11.3789,30
3046,29078.0000,0.0000,729.8234,14.3630,29369.2773,1000.0001,480.8862,14.3630,0,0,-1,0.0000,29369.2773,1000.0001,480.8862,14.3630,29
3047,29089.0000,1000.0000,276.3292,10.3202,29485.7676,53.8055,999.9999,10.3202,0,0,-1,0.0000,29485.7676,53.8055,999.9999,10.3202,29
3048,29097.0000,335.9024,1000.0000,10.3881,29423.3945,480.4308,-0.0000,10.3881,0,0,-1,0.0000,29423.3945,480.4308,-0.0000,10.3881,29
3049,29106.0000,547.9730,0.0000,12.5902,29336.2988,572.6509,1000.0000,12.5902,0,0,-1,0.0000,29336.2988,572.6509,1000.0000,12.5902,30
3050,29113.0000,215.5069,265.4288,15.0000,29342.9160,1000.0000,797.3632,15.0000,0,0,-1,0.0000,29342.9160,1000.0000,797.3632,15.0000,28
3051,29125.0000,1000.0000,318.0063,13.0333,29424.0391,-0.0000,858.3376,13.0333,0,0,-1,0.0000,29424.0391,-0.0000,858.3376,13.0333,28
3052,29131.0000,11.9305,1000.0000,9.5484,29498.5801,999.9999,233.5095,9.5484,0,0,-1,0.0000,29498.5801,999.9999,233.5095,9.5484,29
3053,29143.0000,926.1269,506.9789,8.0000,29426.9531,-0.0000,293.0098,8.0000,0,0,-1,0.0000,29426.9531,-0.0000,293.0098,8.0000,29
3054,29157.0000,0.0000,447.6485,10.0391,29373.6445,1000.0000,464.2005,10.0391,0,0,-1,0.0000,29373.6445,1000.0000,464.2005,10.0391,29
3055,29169.0000,126.9606,341.3390,15.0000,29411.1934,837.4683,1000.0000,15.0000,0,0,-1,0.0000,29411.1934,837.4683,1000.0000,15.0000,29
3056,29179.0000,0.0000,379.6748,13.4348,29386.6719,1000.0000,273.1148,13.4348,0,0,-1,0.0000,29386.6719,1000.0000,273.1148,13.4348,30
3057,29191.0000,828.4368,717.1926,8.0000,29480.4336,-0.0000,109.2972,8.0000,0,0,-1,0.0000,29480.4336,-0.0000,109.2972,8.0000,30
3058,29201.0000,297.2353,374.7031,8.0000,29427.9492,1000.0000,926.1445,8.0000,0,0,-1,0.0000,29427.9492,1000.0000,926.1445,8.0000,31
3059,29210.0000,718.8636,0.0000,12.0865,29467.7363,280.2368,999.9999,12.0865,0,0,-1,0.0000,29467.7363,280.2368,999.9999,12.0865,31
3060,29216.0000,1000.0000,777.1635,12.8658,29478.1445,-0.0000,388.9995,12.8658,0,0,-1,0.0000,29478.1445,-0.0000,388.9995,12.8658,32
3061,29227.0000,162.7493,810.2172,15.0000,29449.4160,1000.0001,261.0237,15.0000,0,0,-1,0.0000,29449.4160,1000.0001,261.0237,15.0000,30
3062,29232.0000,253.4119,977.3256,8.0000,29493.7754,943.5409,-0.0000,8.0000,0,0,-1,0.0000,29493.7754,943.5409,-0.0000,8.0000,31
3063,29244.0000,0.0000,175.6309,8.8974,29602.2520,743.0557,999.9999,8.8974,0,0,-1,0.0000,29602.2520,743.0557,999.9999,8.8974,31
3064,29250.0000,0.0000,7.0431,9.2003,29583.9941,1000.0001,555.1077,9.2003,0,0,-1,0.0000,29583.9941,1000.0001,555.1077,9.2003,31
3065,29261.0000,0.0000,138.8304,13.1599,29485.1602,635.2172,1000.0000,13.1599,0,0,-1,0.0000,29485.1602,635.2172,1000.0000,13.1599,31
3066,29267.0000,997.0369,322.0333,15.0000,29557.0820,-0.0000,377.6643,15.0000,0,0,-1,0.0000,29557.0820,-0.0000,377.6643,15.0000,31
3067,29279.0000,0.0000,348.1204,9.1290,29609.7910,930.0032,1000.0000,9.1290,0,0,-1,0.0000,29609.7910,930.0032,1000.0000,9.1290,30
3068,29288.0000,777.5535,823.3176,8.0000,29580.4688,335.6536,-0.0000,8.0000,0,0,-1,0.0000,29580.4688,335.6536,-0.0000,8.0000,30
3069,29293.0000,121.1053,1000.0000,12.7821,29709.7578,901.8633,-0.0000,12.7821,0,0,-1,0.0000,29709.7578,901.8633,-0.0000,12.7821,31
3070,29306.0000,390.7960,0.0000,10.4814,29511.9648,334.2269,1000.0000,10.4814,0,0,-1,0.0000,29511.9648,334.2269,1000.0000,10.4814,30
3071,29314.0000,85.5603,49.8476,8.0000,29568.2188,497.1447,1000.0000,8.0000,0,0,-1,0.0000,29568.2188,497.1447,1000.0000,8.0000,30
3072,29325.0000,427.6276,0.0000,11.3500,29568.0840,581.9603,1000.0000,11.3500,0,0,-1,0.0000,29568.0840,581.9603,1000.0000,11.3500,31
3073,29335.0000,0.0000,250.8236,11.5982,29638.4668,1000.0000,663.4007,11.5982,0,0,-1,0.0000,29638.4668,1000.0000,663.4007,11.5982,32
3074,29342.0000,0.0000,788.8835,10.6762,29645.6250,850.2368,-0.0000,10.6762,0,0,-1,0.0000,29645.6250,850.2368,-0.0000,10.6762,32
3075,29356.0000,235.3739,1000.0000,10.6264,29624.4043,376.9438,-0.0000,10.6264,0,0,-1,0.0000,29624.4043,376.9438,-0.0000,10.6264,30
3076,29365.0000,388.6840,1000.0000,11.8995,29576.8262,299.8900,-0.0000,11.8995,0,0,-1,0.0000,29576.8262,299.8900,-0.0000,11.8995,29
3077,29371.0000,1000.0000,336.4289,10.2860,29599.9688,-0.0000,542.1305,10.2860,0,0,-1,0.0000,29599.9688,-0.0000,542.1305,10.2860,29
3078,29379.0000,1000.0000,575.5764,10.0297,29628.7520,-0.0000,369.5366,10.0297,0,0,-1,0.0000,29628.7520,-0.0000,369.5366,10.0297,29
3079,29384.0000,969.7048,393.9073,8.0000,29688.3457,-0.0000,777.6608,8.0000,0,0,-1,0.0000,29688.3457,-0.0000,777.6608,8.0000,30
3080,29396.0000,195.5973,909.9658,8.0000,29716.0840,1000.0001,156.9846,8.0000,0,0,-1,0.0000,29716.0840,1000.0001,156.9846,8.0000,30
3081,29407.0000,137.8041,0.0000,8.5926,29650.0293,999.9999,638.2949,8.5926,0,0,-1,0.0000,29650.0293,999.9999,638.2949,8.5926,31
3082,29417.0000,0.0000,663.3430,10.0416,29718.3984,999.9999,472.1162,10.0416,0,0,-1,0.0000,29718.3984,999.9999,472.1162,10.0416,31
3083,29428.0000,1000.0000,865.0253,9.5496,29692.6758,291.4405,-0.0000,9.5496,0,0,-1,0.0000,29692.6758,291.4405,-0.0000,9.5496,28
3084,29433.0000,663.7755,1000.0000,12.1357,29692.8027,536.9682,-0.0000,12.1357,0,0,-1,0.0000,29692.8027,536.9682,-0.0000,12.1357,29
3085,29444.0000,761.5602,0.0000,11.1048,29767.2129,-0.0000,899.6501,11.1048,0,0,-1,0.0000,29767.2129,-0.0000,899.6501,11.1048,30
3086,29455.0000,1000.0000,275.6072,12.3649,29690.1016,-0.0000,459.6311,12.3649,0,0,-1,0.0000,29690.1016,-0.0000,459.6311,12.3649,30
3087,29466.0000,1000.0000,944.5383,11.6356,29698.6211,-0.0000,468.7396,11.6356,0,0,-1,0.0000,29698.6211,-0.0000,468.7396,11.6356,31
3088,29477.0000,863.1327,0.0000,9.2482,29698.1113,488.9136,999.9999,9.2482,0,0,-1,0.0000,29698.1113,488.9136,999.9999,9.2482,31
3089,29489.0000,828.5352,844.8340,15.0000,29720.1113,-0.0000,254.5435,15.0000,0,0,-1,0.0000,29720.1113,-0.0000,254.5435,15.0000,28
3090,29502.0000,374.6382,245.7791,15.0000,29735.4902,1000.0000,925.8298,15.0000,0,0,-1,0.0000,29735.4902,1000.0000,925.8298,15.0000,27
3091,29513.0000,874.2911,0.0000,8.2820,29777.4336,470.6744,999.9999,8.2820,0,0,-1,0.0000,29777.4336,470.6744,999.9999,8.2820,27
3092,29520.0000,475.0485,523.7964,8.0000,29643.8223,737.3132,-0.0000,8.0000,0,0,-1,0.0000,29643.8223,737.3132,-0.0000,8.0000,28
3093,29532.0000,176.5082,1000.0000,14.9159,29778.8359,695.4233,-0.0000,14.9159,0,0,-1,0.0000,29778.8359,695.4233,-0.0000,14.9159,29
3094,29545.0000,499.7014,0.0000,14.4185,29800.6895,210.3897,999.9999,14.4185,0,0,-1,0.0000,29800.6895,210.3897,999.9999,14.4185,30
3095,29556.0000,998.2556,1000.0000,13.0384,29896.9609,318.4297,-0.0000,13.0384,0,0,-1,0.0000,29896.9609,318.4297,-0.0000,13.0384,31
3096,29568.0000,0.0000,856.6522,9.8026,29861.6543,1000.0000,73.0157,9.8026,0,0,-1,0.0000,29861.6543,1000.0000,73.0157,9.8026,31
3097,29582.0000,543.3090,144.5733,8.0000,29754.6543,496.7776,1000.0000,8.0000,0,0,-1,0.0000,29754.6543,496.7776,1000.0000,8.0000,28
3098,29591.0000,934.7729,1000.0000,10.2427,29913.3262,263.5462,-0.0000,10.2427,0,0,-1,0.0000,29913.3262,263.5462,-0.0000,10.2427,28
3099,29600.0000,1000.0000,276.4290,8.5733,29823.5703,-0.0000,734.3386,8.5733,0,0,-1,0.0000,29823.5703,-0.0000,734.3386,8.5733,28
3100,29605.0000,760.0495,0.0000,9.4292,29858.6191,236.4231,999.9999,9.4292,0,0,-1,0.0000,29858.6191,236.4231,999.9999,9.4292,28
3101,29619.0000,640.3892,435.6690,8.0000,29849.3535,-0.0000,986.6037,8.0000,0,0,-1,0.0000,29849.3535,-0.0000,986.6037,8.0000,28
3102,29630.0000,707.9838,1000.0000,11.4825,29926.5996,197.9738,-0.0000,11.4825,0,0,-1,0.0000,29926.5996,197.9738,-0.0000,11.4825,27
3103,29638.0000,506.8740,0.0000,14.6506,29866.9219,783.0612,1000.0000,14.6506,0,0,-1,0.0000,29866.9219,783.0612,1000.0000,14.6506,28
3104,29651.0000,461.1674,0.0000,14.4840,29908.9805,735.8732,1000.0001,14.4840,0,0,-1,0.0000,29908.9805,735.8732,1000.0001,14.4840,25
3105,29663.0000,0.0000,235.6777,10.9936,30022.1816,999.9999,722.6102,10.9936,0,0,-1,0.0000,30022.1816,999.9999,722.6102,10.9936,26
3106,29672.0000,195.8279,0.0000,8.9032,29967.2812,746.7872,1000.0001,8.9032,0,0,-1,0.0000,29967.2812,746.7872,1000.0001,8.9032,27
3107,29686.0000,1000.0000,186.3666,13.1570,30001.2715,-0.0000,699.9435,13.1570,0,0,-1,0.0000,30001.2715,-0.0000,699.9435,13.1570,28
3108,29698.0000,305.2849,422.0532,8.0000,29928.5898,999.9999,703.6168,8.0000,0,0,-1,0.0000,29928.5898,999.9999,703.6168,8.0000,25
3109,29709.0000,0.0000,441.2589,9.3486,29960.8730,1000.0000,772.9226,9.3486,0,0,-1,0.0000,29960.8730,1000.0000,772.9226,9.3486,24
3110,29718.0000,894.5043,0.0000,13.3825,30051.0137,-0.0000,942.6566,13.3825,0,0,-1,0.0000,30051.0137,-0.0000,942.6566,13.3825,23
3111,29726.0000,707.9473,1000.0000,9.8063,29986.2773,201.4064,-0.0000,9.8063,0,0,-1,0.0000,29986.2773,201.4064,-0.0000,9.8063,22
3112,29737.0000,70.2300,442.1344,8.0000,29969.1660,1000.0000,282.1201,8.0000,0,0,-1,0.0000,29969.1660,1000.0000,282.1201,8.0000,22
3113,29746.0000,1000.0000,844.7866,11.6613,30072.2520,7.9313,-0.0000,11.6613,0,0,-1,0.0000,30072.2520,7.9313,-0.0000,11.6613,23
3114,29751.0000,1000.0000,155.8852,13.2176,30055.0254,109.6523,1000.0000,13.2176,0,0,-1,0.0000,30055.0254,109.6523,1000.0000,13.2176,24
3115,29765.0000,643.0655,955.7978,15.0000,29982.8066,511.6915,-0.0000,15.0000,0,0,-1,0.0000,29982.8066,511.6915,-0.0000,15.0000,24
3116,29770.0000,1000.0000,593.0093,13.2897,30102.3262,-0.0000,330.2507,13.2897,0,0,-1,0.0000,30102.3262,-0.0000,330.2507,13.2897,24
3117,29780.0000,376.4606,0.0000,10.3818,30007.7930,670.2871,1000.0000,10.3818,0,0,-1,0.0000,30007.7930,670.2871,1000.0000,10.3818,23
3118,29788.0000,288.6715,349.4295,15.0000,30007.6621,999.9999,644.7972,15.0000,0,0,-1,0.0000,30007.6621,999.9999,644.7972,15.0000,24
3119,29793.0000,0.0000,181.7085,8.6444,30079.4531,1000.0000,474.1449,8.6444,0,0,-1,0.0000,30079.4531,1000.0000,474.1449,8.6444,25
3120,29806.0000,1000.0000,39.5177,14.6619,30054.4805,-0.0000,603.8727,14.6619,0,0,-1,0.0000,30054.4805,-0.0000,603.8727,14.6619,25
3121,29811.0000,0.0000,563.1672,10.0499,30139.2812,1000.0000,178.0194,10.0499,0,0,-1,0.0000,30139.2812,1000.0000,178.0194,10.0499,26
3122,29816.0000,332.1050,1000.0000,9.8610,30061.3750,582.0673,-0.0000,9.8610,0,0,-1,0.0000,30061.3750,582.0673,-0.0000,9.8610,27
3123,29826.0000,0.0000,99.5851,13.8179,30191.6328,1000.0000,953.6265,13.8179,0,0,-1,0.0000,30191.6328,1000.0000,953.6265,13.8179,27
3124,29835.0000,1000.0000,814.6131,8.6452,30187.5801,-0.0000,389.5386,8.6452,0,0,-1,0.0000,30187.5801,-0.0000,389.5386,8.6452,28
3125,29841.0000,1000.0000,760.8286,14.4904,30085.8730,-0.0000,183.9976,14.4904,0,0,-1,0.0000,30085.8730,-0.0000,183.9976,14.4904,29
3126,29855.0000,288.7076,139.2115,15.0000,30083.6055,868.1367,1000.0001,15.0000,0,0,-1,0.0000,30083.6055,868.1367,1000.0001,15.0000,29
3127,29865.0000,248.6725,477.0562,8.0000,30106.8594,1000.0000,745.8961,8.0000,0,0,-1,0.0000,30106.8594,1000.0000,745.8961,8.0000,28
3128,29872.0000,246.0375,34.4391,8.0000,30172.5664,1000.0001,733.4229,8.0000,0,0,-1,0.0000,30172.5664,1000.0001,733.4229,8.0000,28
3129,29881.0000,744.8922,831.0860,15.0000,30137.9844,-0.0000,4.4860,15.0000,0,0,-1,0.0000,30137.9844,-0.0000,4.4860,15.0000,29
3130,29887.0000,97.2249,1000.0000,9.7828,30191.5566,445.1908,-0.0000,9.7828,0,0,-1,0.0000,30191.5566,445.1908,-0.0000,9.7828,30
3131,29900.0000,79.1265,1000.0000,8.5934,30224.7734,1000.0000,236.3743,8.5934,0,0,-1,0.0000,30224.7734,1000.0000,236.3743,8.5934,30
3132,29909.0000,770.7351,982.1799,15.0000,30155.2324,275.4659,-0.0000,15.0000,0,0,-1,0.0000,30155.2324,275.4659,-0.0000,15.0000,30
3133,29916.0000,115.7322,0.0000,8.2062,30208.8633,882.6717,1000.0000,8.2062,0,0,-1,0.0000,30208.8633,882.6717,1000.0000,8.2062,30
3134,29923.0000,606.4763,1000.0000,8.2728,30128.8418,443.9084,-0.0000,8.2728,0,0,-1,0.0000,30128.8418,443.9084,-0.0000,8.2728,31
3135,29933.0000,930.9833,21.0529,15.0000,30325.0938,-0.0000,887.7097,15.0000,0,0,-1,0.0000,30325.0938,-0.0000,887.7097,15.0000,30
3136,29940.0000,799.8026,1000.0000,10.1825,30215.2148,409.7763,-0.0000,10.1825,0,0,-1,0.0000,30215.2148,409.7763,-0.0000,10.1825,31
3137,29946.0000,91.9593,186.7314,15.0000,30245.9062,1000.0001,534.5859,15.0000,0,0,-1,0.0000,30245.9062,1000.0001,534.5859,15.0000,32
3138,29958.0000,900.2193,643.5654,8.0000,30148.6914,-0.0000,496.4359,8.0000,0,0,-1,0.0000,30148.6914,-0.0000,496.4359,8.0000,33
3139,29972.0000,27.5341,0.0000,12.5807,30330.7109,1000.0001,978.3188,12.5807,0,0,-1,0.0000,30330.7109,1000.0001,978.3188,12.5807,31
3140,29981.0000,893.8689,1000.0000,12.8371,30335.7402,296.6145,-0.0000,12.8371,0,0,-1,0.0000,30335.7402,296.6145,-0.0000,12.8371,32
3141,29991.0000,0.0000,673.4203,9.6705,30240.8984,946.4125,-0.0000,9.6705,0,0,-1,0.0000,30240.8984,946.4125,-0.0000,9.6705,31
3142,30005.0000,1000.0000,825.8959,11.8630,30256.7793,-0.0000,273.5555,11.8630,0,0,-1,0.0000,30256.7793,-0.0000,273.5555,11.8630,31
3143,30017.0000,387.7739,1000.0000,14.9284,30251.5957,315.8387,-0.0000,14.9284,0,0,-1,0.0000,30251.5957,315.8387,-0.0000,14.9284,30
3144,30025.0000,134.0343,308.4221,8.0000,30331.0859,1000.0000,658.0061,8.0000,0,0,-1,0.0000,30331.0859,1000.0000,658.0061,8.0000,30
3145,30030.0000,1000.0000,870.8083,14.4142,30387.7773,-0.0000,376.3712,14.4142,0,0,-1,0.0000,30387.7773,-0.0000,376.3712,14.4142,31
3146,30038.0000,563.4120,1000.0000,9.8673,30285.2305,604.3031,-0.0000,9.8673,0,0,-1,0.0000,30285.2305,604.3031,-0.0000,9.8673,32
3147,30051.0000,740.0700,897.2344,8.0000,30359.3438,-0.0000,189.8874,8.0000,0,0,-1,0.0000,30359.3438,-0.0000,189.8874,8.0000,33
3148,30062.0000,872.4354,0.0000,13.5226,30282.8848,438.3275,1000.0000,13.5226,0,0,-1,0.0000,30282.8848,438.3275,1000.0000,13.5226,30
3149,30071.0000,150.7001,369.1998,8.0000,30321.5449,999.9999,551.1636,8.0000,0,0,-1,0.0000,30321.5449,999.9999,551.1636,8.0000,31
3150,30079.0000,27.5619,378.9190,15.0000,30374.8477,999.9999,368.9739,15.0000,0,0,-1,0.0000,30374.8477,999.9999,368.9739,15.0000,31
3151,30093.0000,763.5561,391.7999,15.0000,30326.4980,-0.0000,783.7723,15.0000,0,0,-1,0.0000,30326.4980,-0.0000,783.7723,15.0000,29
3152,30102.0000,237.0857,0.0000,11.3300,30489.2207,837.7930,1000.0000,11.3300,0,0,-1,0.0000,30489.2207,837.7930,1000.0000,11.3300,30
3153,30109.0000,544.8593,1000.0000,14.2171,30395.9609,801.4047,-0.0000,14.2171,0,0,-1,0.0000,30395.9609,801.4047,-0.0000,14.2171,29
3154,30116.0000,585.2098,1000.0000,12.9567,30337.1543,560.5868,-0.0000,12.9567,0,0,-1,0.0000,30337.1543,560.5868,-0.0000,12.9567,30
3155,30126.0000,927.7310,1000.0000,10.1457,30459.5859,-0.0000,342.5580,10.1457,0,0,-1,0.0000,30459.5859,-0.0000,342.5580,10.1457,31
3156,30135.0000,751.9597,0.0000,11.9086,30387.1230,-0.0000,989.9218,11.9086,0,0,-1,0.0000,30387.1230,-0.0000,989.9218,11.9086,31
3157,30144.0000,827.2142,353.2155,15.0000,30324.5703,-0.0000,561.5485,15.0000,0,0,-1,0.0000,30324.5703,-0.0000,561.5485,15.0000,30
3158,30149.0000,0.0000,423.1711,8.5233,30423.7285,999.9999,452.8197,8.5233,0,0,-1,0.0000,30423.7285,999.9999,452.8197,8.5233,30
3159,30155.0000,540.2111,847.1935,15.0000,30354.2656,374.9049,-0.0000,15.0000,0,0,-1,0.0000,30354.2656,374.9049,-0.0000,15.0000,31
3160,30167.0000,0.0000,636.4960,9.8064,30424.9551,1000.0001,73.5102,9.8064,0,0,-1,0.0000,30424.9551,1000.0001,73.5102,9.8064,31
3161,30180.0000,133.9239,0.0000,11.7210,30468.9492,938.2057,999.9999,11.7210,0,0,-1,0.0000,30468.9492,938.2057,999.9999,11.7210,31
3162,30188.0000,1000.0000,465.3018,13.7463,30462.4688,-0.0000,637.1221,13.7463,0,0,-1,0.0000,30462.4688,-0.0000,637.1221,13.7463,31
3163,30202.0000,762.2499,48.2277,15.0000,30447.3340,290.1022,1000.0001,15.0000,0,0,-1,0.0000,30447.3340,290.1022,1000.0001,15.0000,30
3164,30211.0000,0.0000,776.8033,13.9644,30532.1152,1000.0001,529.9483,13.9644,0,0,-1,0.0000,30532.1152,1000.0001,529.9483,13.9644,30
3165,30222.0000,0.0000,127.9556,13.9749,30570.3223,761.8434,1000.0000,13.9749,0,0,-1,0.0000,30570.3223,761.8434,1000.0000,13.9749,30
3166,30232.0000,707.4835,0.0000,12.3632,30540.6992,524.4319,999.9999,12.3632,0,0,-1,0.0000,30540.6992,524.4319,999.9999,12.3632,30
3167,30245.0000,0.0000,615.2131,9.8002,30533.0879,1000.0000,550.2510,9.8002,0,0,-1,0.0000,30533.0879,1000.0000,550.2510,9.8002,30
3168,30250.0000,0.0000,681.1973,9.7825,30605.5723,1000.0001,293.6507,9.7825,0,0,-1,0.0000,30605.5723,1000.0001,293.6507,9.7825,30
3169,30259.0000,0.0000,503.6954,14.6046,30532.1973,999.9999,695.7952,14.6046,0,0,-1,0.0000,30532.1973,999.9999,695.7952,14.6046,29
3170,30272.0000,1000.0000,389.5059,14.4454,30538.6660,-0.0000,652.6492,14.4454,0,0,-1,0.0000,30538.6660,-0.0000,652.6492,14.4454,30
3171,30285.0000,1000.0000,996.9871,9.7777,30539.7637,462.8609,-0.0000,9.7777,0,0,-1,0.0000,30539.7637,462.8609,-0.0000,9.7777,30
3172,30291.0000,276.0662,1000.0000,13.9019,30523.1738,1000.0000,131.8079,13.9019,0,0,-1,0.0000,30523.1738,1000.0000,131.8079,13.9019,30
3173,30300.0000,0.0000,574.2363,8.2077,30566.6836,1000.0000,507.6093,8.2077,0,0,-1,0.0000,30566.6836,1000.0000,507.6093,8.2077,31
3174,30312.0000,185.1726,0.0000,13.9664,30566.8379,631.1902,999.9999,13.9664,0,0,-1,0.0000,30566.8379,631.1902,999.9999,13.9664,32
3175,30325.0000,99.8181,552.1931,15.0000,30530.4629,999.9999,391.6165,15.0000,0,0,-1,0.0000,30530.4629,999.9999,391.6165,15.0000,31
3176,30338.0000,0.0000,217.8213,9.7339,30566.4141,1000.0000,497.8800,9.7339,0,0,-1,0.0000,30566.4141,1000.0000,497.8800,9.7339,26
3177,30350.0000,776.8552,0.0000,10.2100,30647.0625,-0.0000,731.5551,10.2100,0,0,-1,0.0000,30647.0625,-0.0000,731.5551,10.2100,27
3178,30364.0000,1000.0000,748.3167,10.0661,30673.9316,-0.0000,178.8658,10.0661,0,0,-1,0.0000,30673.9316,-0.0000,178.8658,10.0661,26
3179,30372.0000,197.8545,105.6448,8.0000,30605.3496,1000.0000,697.0728,8.0000,0,0,-1,0.0000,30605.3496,1000.0000,697.0728,8.0000,27
3180,30381.0000,1000.0000,271.6757,14.3392,30639.9023,-0.0000,751.0249,14.3392,0,0,-1,0.0000,30639.9023,-0.0000,751.0249,14.3392,27
3181,30388.0000,683.7271,804.2686,8.0000,30560.5410,395.1853,-0.0000,8.0000,0,0,-1,0.0000,30560.5410,395.1853,-0.0000,8.0000,26
3182,30397.0000,623.4119,0.0000,13.7850,30700.8027,328.0574,1000.0001,13.7850,0,0,-1,0.0000,30700.8027,328.0574,1000.0001,13.7850,26
3183,30404.0000,401.6182,1000.0000,8.6205,30607.3145,398.5451,-0.0000,8.6205,0,0,-1,0.0000,30607.3145,398.5451,-0.0000,8.6205,27
3184,30410.0000,0.0000,821.5959,13.8995,30645.9023,1000.0000,535.4785,13.8995,0,0,-1,0.0000,30645.9023,1000.0000,535.4785,13.8995,28
3185,30424.0000,91.0861,619.5024,8.0000,30682.3750,999.9999,136.2173,8.0000,0,0,-1,0.0000,30682.3750,999.9999,136.2173,8.0000,28
3186,30438.0000,980.1990,831.6646,8.0000,30706.0996,158.8648,-0.0000,8.0000,0,0,-1,0.0000,30706.0996,158.8648,-0.0000,8.0000,28
3187,30444.0000,935.2206,204.0991,8.0000,30697.6914,52.3501,1000.0000,8.0000,0,0,-1,0.0000,30697.6914,52.3501,1000.0000,8.0000,29
3188,30456.0000,913.7083,1000.0000,14.0460,30752.9512,393.4532,-0.0000,14.0460,0,0,-1,0.0000,30752.9512,393.4532,-0.0000,14.0460,29
3189,30463.0000,642.0331,1000.0000,8.6965,30764.6602,64.3564,-0.0000,8.6965,0,0,-1,0.0000,30764.6602,64.3564,-0.0000,8.6965,28
3190,30474.0000,73.4313,0.0000,13.0310,30751.9805,535.1542,1000.0000,13.0310,0,0,-1,0.0000,30751.9805,535.1542,1000.0000,13.0310,28
3191,30479.0000,627.6105,1000.0000,9.3597,30767.0547,221.0957,-0.0000,9.3597,0,0,-1,0.0000,30767.0547,221.0957,-0.0000,9.3597,29
3192,30488.0000,292.1131,0.0000,8.5228,30822.9688,617.4172,999.9999,8.5228,0,0,-1,0.0000,30822.9688,617.4172,999.9999,8.5228,30
3193,30493.0000,599.3590,577.4324,15.0000,30700.6816,-0.0000,134.0187,15.0000,0,0,-1,0.0000,30700.6816,-0.0000,134.0187,15.0000,30
3194,30505.0000,702.5434,246.8863,8.0000,30703.4863,360.6117,1000.0000,8.0000,0,0,-1,0.0000,30703.4863,360.6117,1000.0000,8.0000,31
3195,30510.0000,0.0000,406.6135,8.1703,30739.2988,999.9999,816.3807,8.1703,0,0,-1,0.0000,30739.2988,999.9999,816.3807,8.1703,32
3196,30518.0000,1000.0000,889.0468,13.8045,30747.2812,388.3662,-0.0000,13.8045,0,0,-1,0.0000,30747.2812,388.3662,-0.0000,13.8045,33
3197,30530.0000,935.5873,117.2721,15.0000,30809.2988,108.5868,1000.0000,15.0000,0,0,-1,0.0000,30809.2988,108.5868,1000.0000,15.0000,33
3198,30538.0000,679.6402,1000.0000,10.8036,30834.8125,666.5654,-0.0000,10.8036,0,0,-1,0.0000,30834.8125,666.5654,-0.0000,10.8036,30
3199,30548.0000,142.5348,0.0000,11.4933,30773.9043,565.6774,1000.0001,11.4933,0,0,-1,0.0000,30773.9043,565.6774,1000.0001,11.4933,28
3200,30558.0000,762.6418,512.7362,15.0000,30558.0000,762.6418,512.7362,15.0000,0,0,-1,0.0000,30558.0000,762.6418,512.7362,15.0000,29
3201,30570.0000,0.0000,925.6198,9.3555,30935.0000,709.4417,-0.0000,9.3555,0,0,-1,0.0000,30935.0000,709.4417,-0.0000,9.3555,25
3202,30583.0000,740.6921,937.4876,15.0000,30897.7988,-0.0000,254.2530,15.0000,0,0,-1,0.0000,30897.7988,-0.0000,254.2530,15.0000,25
3203,30595.0000,0.0000,174.9814,9.9000,30864.0312,1000.0000,829.5872,9.9000,0,0,-1,0.0000,30864.0312,1000.0000,829.5872,9.9000,26
3204,30607.0000,767.7011,0.0000,9.9880,30860.0176,319.2782,1000.0000,9.9880,0,0,-1,0.0000,30860.0176,319.2782,1000.0000,9.9880,25
3205,30618.0000,0.0000,766.9927,8.5416,30945.7656,1000.0000,464.3580,8.5416,0,0,-1,0.0000,30945.7656,1000.0000,464.3580,8.5416,25
3206,30626.0000,1000.0000,358.2684,10.0056,30907.5879,-0.0000,702.9857,10.0056,0,0,-1,0.0000,30907.5879,-0.0000,702.9857,10.0056,26
3207,30635.0000,198.6459,400.0960,15.0000,30810.4141,999.9999,678.1530,15.0000,0,0,-1,0.0000,30810.4141,999.9999,678.1530,15.0000,27
3208,30641.0000,984.2114,1000.0000,9.2426,30990.4297,101.3943,-0.0000,9.2426,0,0,-1,0.0000,30990.4297,101.3943,-0.0000,9.2426,27
3209,30653.0000,79.0030,309.9870,15.0000,30989.6348,999.9999,728.1117,15.0000,0,0,-1,0.0000,30989.6348,999.9999,728.1117,15.0000,26
3210,30666.0000,1000.0000,564.2400,11.9788,30873.4648,-0.0000,422.8138,11.9788,0,0,-1,0.0000,30873.4648,-0.0000,422.8138,11.9788,27
3211,30675.0000,622.7327,868.7811,15.0000,30894.0410,36.2476,-0.0000,15.0000,0,0,-1,0.0000,30894.0410,36.2476,-0.0000,15.0000,27
3212,30684.0000,31.5481,23.9776,8.0000,31011.6699,1000.0000,918.6811,8.0000,0,0,-1,0.0000,31011.6699,1000.0000,918.6811,8.0000,27
3213,30690.0000,713.7393,587.9523,8.0000,30908.2266,-0.0000,514.9227,8.0000,0,0,-1,0.0000,30908.2266,-0.0000,514.9227,8.0000,28
3214,30700.0000,95.5740,497.8673,8.0000,30893.0762,1000.0000,728.3035,8.0000,0,0,-1,0.0000,30893.0762,1000.0000,728.3035,8.0000,28
3215,30709.0000,0.0000,900.1873,14.1138,30983.8828,1000.0000,20.3815,14.1138,0,0,-1,0.0000,30983.8828,1000.0000,20.3815,14.1138,25
3216,30714.0000,680.8340,0.0000,12.0550,30942.3750,246.4413,1000.0000,12.0550,0,0,-1,0.0000,30942.3750,246.4413,1000.0000,12.0550,26
3217,30728.0000,1000.0000,492.1949,12.4736,30999.4297,-0.0000,304.9829,12.4736,0,0,-1,0.0000,30999.4297,-0.0000,304.9829,12.4736,27
3218,30741.0000,112.7808,1000.0000,10.9978,31044.4238,731.2896,-0.0000,10.9978,0,0,-1,0.0000,31044.4238,731.2896,-0.0000,10.9978,27
3219,30748.0000,238.1815,429.3376,15.0000,30964.2402,1000.0000,562.3383,15.0000,0,0,-1,0.0000,30964.2402,1000.0000,562.3383,15.0000,27
3220,30756.0000,751.7956,1000.0000,9.8682,31103.8652,-0.0000,50.1521,9.8682,0,0,-1,0.0000,31103.8652,-0.0000,50.1521,9.8682,26
3221,30763.0000,898.0591,990.7889,8.0000,31018.9551,496.2869,-0.0000,8.0000,0,0,-1,0.0000,31018.9551,496.2869,-0.0000,8.0000,27
3222,30776.0000,238.7892,857.5739,15.0000,31036.9629,1000.0000,333.9116,15.0000,0,0,-1,0.0000,31036.9629,1000.0000,333.9116,15.0000,25
3223,30786.0000,1000.0000,682.4469,11.2339,31127.6113,-0.0000,449.2214,11.2339,0,0,-1,0.0000,31127.6113,-0.0000,449.2214,11.2339,26
3224,30800.0000,0.0000,563.8152,10.9564,31057.8574,1000.0000,613.8533,10.9564,0,0,-1,0.0000,31057.8574,1000.0000,613.8533,10.9564,27
3225,30807.0000,0.0000,565.5899,9.4746,31053.0527,999.9999,637.5098,9.4746,0,0,-1,0.0000,31053.0527,999.9999,637.5098,9.4746,28
3226,30819.0000,1000.0000,239.9657,14.6480,31156.2402,-0.0000,431.9090,14.6480,0,0,-1,0.0000,31156.2402,-0.0000,431.9090,14.6480,27
3227,30825.0000,533.1319,0.0000,13.5828,31132.4668,645.4799,1000.0001,13.5828,0,0,-1,0.0000,31132.4668,645.4799,1000.0001,13.5828,27
3228,30831.0000,0.0000,662.4767,9.2758,31052.5078,1000.0000,333.9919,9.2758,0,0,-1,0.0000,31052.5078,1000.0000,333.9919,9.2758,28
3229,30838.0000,0.0000,547.3633,8.4757,31064.0684,1000.0000,701.5758,8.4757,0,0,-1,0.0000,31064.0684,1000.0000,701.5758,8.4757,28
3230,30847.0000,0.0000,993.0201,12.0573,31139.3281,999.9999,201.7725,12.0573,0,0,-1,0.0000,31139.3281,999.9999,201.7725,12.0573,29
3231,30853.0000,0.0000,63.6432,8.2872,31159.5352,1000.0000,703.1306,8.2872,0,0,-1,0.0000,31159.5352,1000.0000,703.1306,8.2872,30
3232,30861.0000,1000.0000,341.7532,12.3952,31087.6250,143.5191,1000.0000,12.3952,0,0,-1,0.0000,31087.6250,143.5191,1000.0000,12.3952,30
3233,30873.0000,0.0000,4.0980,12.2713,31229.9277,1000.0000,702.9603,12.2713,0,0,-1,0.0000,31229.9277,1000.0000,702.9603,12.2713,30
3234,30885.0000,0.0000,922.4301,13.9368,31155.2305,1000.0000,143.0763,13.9368,0,0,-1,0.0000,31155.2305,1000.0000,143.0763,13.9368,30
3235,30895.0000,0.0000,557.1711,11.9165,31165.7344,999.9999,745.1093,11.9165,0,0,-1,0.0000,31165.7344,999.9999,745.1093,11.9165,29
3236,30908.0000,0.0000,699.1611,12.9229,31256.4258,1000.0000,153.0856,12.9229,0,0,-1,0.0000,31256.4258,1000.0000,153.0856,12.9229,28
3237,30914.0000,941.5875,0.0000,13.8191,31175.7227,365.8427,999.9999,13.8191,0,0,-1,0.0000,31175.7227,365.8427,999.9999,13.8191,28
3238,30919.0000,1000.0000,637.9698,10.6141,31145.2559,-0.0000,222.4323,10.6141,0,0,-1,0.0000,31145.2559,-0.0000,222.4323,10.6141,29
3239,30924.0000,393.7504,434.1360,8.0000,31069.5801,1000.0001,613.7189,8.0000,0,0,-1,0.0000,31069.5801,1000.0001,613.7189,8.0000,30
3240,30936.0000,703.8904,0.0000,9.5292,31166.4629,-0.0000,808.6082,9.5292,0,0,-1,0.0000,31166.4629,-0.0000,808.6082,9.5292,30
3241,30946.0000,1000.0000,303.6958,9.2730,31186.4922,-0.0000,376.1909,9.2730,0,0,-1,0.0000,31186.4922,-0.0000,376.1909,9.2730,29
3242,30958.0000,403.7610,271.4864,15.0000,31175.8789,520.4355,1000.0000,15.0000,0,0,-1,0.0000,31175.8789,520.4355,1000.0000,15.0000,30
3243,30971.0000,509.4768,1000.0000,12.6239,31218.5918,454.1586,-0.0000,12.6239,0,0,-1,0.0000,31218.5918,454.1586,-0.0000,12.6239,30
3244,30979.0000,0.0000,6.7570,14.3831,31234.3184,612.1859,1000.0000,14.3831,0,0,-1,0.0000,31234.3184,612.1859,1000.0000,14.3831,31
3245,30992.0000,152.3582,1000.0000,9.9596,31235.9062,577.9882,-0.0000,9.9596,0,0,-1,0.0000,31235.9062,577.9882,-0.0000,9.9596,29
3246,31006.0000,95.1778,0.0000,13.1592,31409.5762,1000.0000,837.7282,13.1592,0,0,-1,0.0000,31409.5762,1000.0000,837.7282,13.1592,29
3247,31013.0000,0.0000,211.3026,11.4103,31312.4648,1000.0000,503.1577,11.4103,0,0,-1,0.0000,31312.4648,1000.0000,503.1577,11.4103,29
3248,31023.0000,978.3022,1000.0000,12.5931,31362.9590,248.1384,-0.0000,12.5931,0,0,-1,0.0000,31362.9590,248.1384,-0.0000,12.5931,29
3249,31031.0000,686.6866,678.3068,8.0000,31184.8613,-0.0000,375.4682,8.0000,0,0,-1,0.0000,31184.8613,-0.0000,375.4682,8.0000,30
3250,31036.0000,1000.0000,27.6781,11.0615,31326.4980,-0.0000,687.0533,11.0615,0,0,-1,0.0000,31326.4980,-0.0000,687.0533,11.0615,31
3251,31043.0000,287.6194,439.9138,15.0000,31228.9160,999.9999,744.7398,15.0000,0,0,-1,0.0000,31228.9160,999.9999,744.7398,15.0000,31
3252,31050.0000,1000.0000,991.9620,14.5288,31354.6855,-0.0000,257.9205,14.5288,0,0,-1,0.0000,31354.6855,-0.0000,257.9205,14.5288,31
3253,31061.0000,411.5443,1000.0000,10.7478,31291.7539,550.4322,-0.0000,10.7478,0,0,-1,0.0000,31291.7539,550.4322,-0.0000,10.7478,29
3254,31073.0000,0.0000,47.2293,11.0980,31315.0625,999.9999,487.8125,11.0980,0,0,-1,0.0000,31315.0625,999.9999,487.8125,11.0980,28
3255,31087.0000,759.3566,1000.0000,9.1745,31299.6133,455.9289,-0.0000,9.1745,0,0,-1,0.0000,31299.6133,455.9289,-0.0000,9.1745,29
3256,31097.0000,80.7421,476.3766,8.0000,31355.7266,1000.0001,727.3323,8.0000,0,0,-1,0.0000,31355.7266,1000.0001,727.3323,8.0000,29
3257,31106.0000,199.9828,1000.0000,13.0013,31357.5527,534.2932,-0.0000,13.0013,0,0,-1,0.0000,31357.5527,534.2932,-0.0000,13.0013,29
3258,31114.0000,451.6519,932.2864,8.0000,31332.7051,706.0190,-0.0000,8.0000,0,0,-1,0.0000,31332.7051,706.0190,-0.0000,8.0000,30
3259,31125.0000,8.6049,841.2480,8.0000,31459.7539,1000.0000,528.9946,8.0000,0,0,-1,0.0000,31459.7539,1000.0000,528.9946,8.0000,31
3260,31133.0000,637.0686,753.8728,15.0000,31383.8750,180.5049,-0.0000,15.0000,0,0,-1,0.0000,31383.8750,180.5049,-0.0000,15.0000,30
3261,31138.0000,498.6625,0.0000,10.6241,31389.2656,177.2518,1000.0000,10.6241,0,0,-1,0.0000,31389.2656,177.2518,1000.0000,10.6241,31
3262,31148.0000,1000.0000,888.1748,13.3974,31393.5742,-0.0000,480.8780,13.3974,0,0,-1,0.0000,31393.5742,-0.0000,480.8780,13.3974,30
3263,31157.0000,1000.0000,958.2991,8.3173,31427.8242,-0.0000,217.4447,8.3173,0,0,-1,0.0000,31427.8242,-0.0000,217.4447,8.3173,29
3264,31165.0000,634.6743,0.0000,12.9263,31428.3945,-0.0000,976.1545,12.9263,0,0,-1,0.0000,31428.3945,-0.0000,976.1545,12.9263,29
3265,31173.0000,511.2398,362.8319,15.0000,31342.2910,549.6350,999.9999,15.0000,0,0,-1,0.0000,31342.2910,549.6350,999.9999,15.0000,28
3266,31179.0000,1000.0000,640.4487,14.3227,31459.4570,-0.0000,368.9312,14.3227,0,0,-1,0.0000,31459.4570,-0.0000,368.9312,14.3227,27
3267,31188.0000,37.9042,1000.0000,13.4567,31514.9082,1000.0000,347.7029,13.4567,0,0,-1,0.0000,31514.9082,1000.0000,347.7029,13.4567,26
3268,31193.0000,67.0262,609.9178,8.0000,31432.1074,999.9999,420.3589,8.0000,0,0,-1,0.0000,31432.1074,999.9999,420.3589,8.0000,27
3269,31199.0000,1000.0000,584.7163,13.1133,31480.3691,-0.0000,414.1551,13.1133,0,0,-1,0.0000,31480.3691,-0.0000,414.1551,13.1133,28
3270,31207.0000,176.4212,568.5148,8.0000,31421.8848,1000.0001,606.6128,8.0000,0,0,-1,0.0000,31421.8848,1000.0001,606.6128,8.0000,29
3271,31216.0000,663.2020,1000.0000,14.0128,31464.8047,487.4474,-0.0000,14.0128,0,0,-1,0.0000,31464.8047,487.4474,-0.0000,14.0128,30
3272,31221.0000,370.9569,1000.0000,11.3396,31478.5938,647.7981,-0.0000,11.3396,0,0,-1,0.0000,31478.5938,647.7981,-0.0000,11.3396,30
3273,31226.0000,57.7688,0.0000,14.1605,31587.2793,624.1038,1000.0000,14.1605,0,0,-1,0.0000,31587.2793,624.1038,1000.0000,14.1605,31
3274,31235.0000,187.9813,311.8379,8.0000,31514.2910,999.9999,670.3892,8.0000,0,0,-1,0.0000,31514.2910,999.9999,670.3892,8.0000,29
3275,31247.0000,898.4611,1000.0000,11.4055,31465.0430,479.4418,-0.0000,11.4055,0,0,-1,0.0000,31465.0430,479.4418,-0.0000,11.4055,29
3276,31255.0000,195.4594,1000.0000,11.0864,31594.9375,806.0663,-0.0000,11.0864,0,0,-1,0.0000,31594.9375,806.0663,-0.0000,11.0864,30
3277,31263.0000,1000.0000,695.1461,9.7461,31485.2832,-0.0000,432.1167,9.7461,0,0,-1,0.0000,31485.2832,-0.0000,432.1167,9.7461,30
3278,31269.0000,0.0000,775.3904,10.7727,31558.6348,844.7111,-0.0000,10.7727,0,0,-1,0.0000,31558.6348,844.7111,-0.0000,10.7727,31
3279,31276.0000,747.8663,0.0000,10.1610,31608.6250,397.0213,1000.0001,10.1610,0,0,-1,0.0000,31608.6250,397.0213,1000.0001,10.1610,32
3280,31283.0000,0.0000,182.9179,14.8266,31636.8379,1000.0000,927.7014,14.8266,0,0,-1,0.0000,31636.8379,1000.0000,927.7014,14.8266,33
3281,31290.0000,423.7352,0.0000,14.2259,31568.6973,526.5386,1000.0001,14.2259,0,0,-1,0.0000,31568.6973,526.5386,1000.0001,14.2259,34
3282,31302.0000,1000.0000,45.9105,12.7672,31593.1445,-0.0000,694.9489,12.7672,0,0,-1,0.0000,31593.1445,-0.0000,694.9489,12.7672,33
3283,31315.0000,0.0000,519.2643,11.8098,31595.5332,1000.0001,126.8874,11.8098,0,0,-1,0.0000,31595.5332,1000.0001,126.8874,11.8098,33
3284,31323.0000,1000.0000,569.0604,13.3082,31603.9199,-0.0000,408.0782,13.3082,0,0,-1,0.0000,31603.9199,-0.0000,408.0782,13.3082,33
3285,31337.0000,938.4734,0.0000,13.3554,31667.2148,153.3953,1000.0000,13.3554,0,0,-1,0.0000,31667.2148,153.3953,1000.0000,13.3554,32
3286,31351.0000,490.9548,776.7256,8.0000,31543.7949,245.6748,-0.0000,8.0000,0,0,-1,0.0000,31543.7949,245.6748,-0.0000,8.0000,32
3287,31358.0000,927.2316,1000.0000,10.5937,31660.6113,529.0185,-0.0000,10.5937,0,0,-1,0.0000,31660.6113,529.0185,-0.0000,10.5937,30
3288,31363.0000,409.6495,1000.0000,8.2748,31588.1309,922.0042,-0.0000,8.2748,0,0,-1,0.0000,31588.1309,922.0042,-0.0000,8.2748,30
3289,31368.0000,933.3057,408.5086,8.0000,31625.2402,-0.0000,424.6063,8.0000,0,0,-1,0.0000,31625.2402,-0.0000,424.6063,8.0000,31
3290,31376.0000,611.9372,0.0000,13.7473,31628.1445,579.2965,1000.0000,13.7473,0,0,-1,0.0000,31628.1445,579.2965,1000.0000,13.7473,32
3291,31390.0000,895.6484,0.0000,10.4601,31686.8672,155.2490,1000.0000,10.4601,0,0,-1,0.0000,31686.8672,155.2490,1000.0000,10.4601,31
3292,31398.0000,1000.0000,45.3476,11.1633,31664.0840,-0.0000,573.2584,11.1633,0,0,-1,0.0000,31664.0840,-0.0000,573.2584,11.1633,31
3293,31409.0000,347.7575,742.9282,15.0000,31709.6680,986.7845,-0.0000,15.0000,0,0,-1,0.0000,31709.6680,986.7845,-0.0000,15.0000,32
3294,31421.0000,981.6174,137.2978,8.0000,31699.0293,-0.0000,561.0735,8.0000,0,0,-1,0.0000,31699.0293,-0.0000,561.0735,8.0000,32
3295,31428.0000,0.0000,673.7989,14.3325,31659.6582,1000.0000,551.4705,14.3325,0,0,-1,0.0000,31659.6582,1000.0000,551.4705,14.3325,31
3296,31438.0000,0.0000,358.2114,9.5878,31734.9004,1000.0001,366.7078,9.5878,0,0,-1,0.0000,31734.9004,1000.0001,366.7078,9.5878,30
3297,31451.0000,708.6078,0.0000,8.9576,31695.7090,455.7843,1000.0000,8.9576,0,0,-1,0.0000,31695.7090,455.7843,1000.0000,8.9576,31
3298,31458.0000,46.2399,666.7801,8.0000,31672.8105,1000.0001,420.6293,8.0000,0,0,-1,0.0000,31672.8105,1000.0001,420.6293,8.0000,32
3299,31471.0000,821.8749,1000.0000,8.9880,31784.3477,1.3777,-0.0000,8.9880,0,0,-1,0.0000,31784.3477,1.3777,-0.0000,8.9880,29
3300,31482.0000,0.0000,566.9504,12.0932,31739.8242,999.9999,765.2639,12.0932,0,0,-1,0.0000,31739.8242,999.9999,765.2639,12.0932,28
3301,31493.0000,69.4848,1000.0000,11.5127,31763.3652,1000.0000,54.1352,11.5127,0,0,-1,0.0000,31763.3652,1000.0000,54.1352,11.5127,28
3302,31501.0000,75.1239,537.2647,15.0000,31773.5723,1000.0000,499.9435,15.0000,0,0,-1,0.0000,31773.5723,1000.0000,499.9435,15.0000,29
3303,31508.0000,296.1368,0.0000,10.9281,31854.6328,816.0576,1000.0000,10.9281,0,0,-1,0.0000,31854.6328,816.0576,1000.0000,10.9281,30
3304,31515.0000,44.8665,29.5718,8.0000,31748.5430,689.2648,1000.0000,8.0000,0,0,-1,0.0000,31748.5430,689.2648,1000.0000,8.0000,29
3305,31529.0000,692.5407,382.8028,15.0000,31740.1621,-0.0000,898.9175,15.0000,0,0,-1,0.0000,31740.1621,-0.0000,898.9175,15.0000,30
3306,31539.0000,0.0000,362.9027,14.8351,31802.7188,1000.0000,373.6455,14.8351,0,0,-1,0.0000,31802.7188,1000.0000,373.6455,14.8351,31
3307,31551.0000,65.3393,0.0000,9.6830,31875.5371,817.4990,1000.0000,9.6830,0,0,-1,0.0000,31875.5371,817.4990,1000.0000,9.6830,31
3308,31556.0000,290.9044,436.7778,15.0000,31720.5586,1000.0000,638.5354,15.0000,0,0,-1,0.0000,31720.5586,1000.0000,638.5354,15.0000,32
3309,31567.0000,265.2163,1000.0000,12.5083,31899.0234,579.9795,-0.0000,12.5083,0,0,-1,0.0000,31899.0234,579.9795,-0.0000,12.5083,32
3310,31573.0000,0.0000,446.9095,9.1461,31899.6484,1000.0000,486.5219,9.1461,0,0,-1,0.0000,31899.6484,1000.0000,486.5219,9.1461,32
3311,31585.0000,822.4230,1000.0000,9.9683,31869.2441,318.3492,-0.0000,9.9683,0,0,-1,0.0000,31869.2441,318.3492,-0.0000,9.9683,33
3312,31593.0000,339.9178,448.0139,8.0000,31761.2793,999.9999,626.9103,8.0000,0,0,-1,0.0000,31761.2793,999.9999,626.9103,8.0000,32
3313,31600.0000,376.9031,872.1281,15.0000,31808.3613,547.7834,-0.0000,15.0000,0,0,-1,0.0000,31808.3613,547.7834,-0.0000,15.0000,30
3314,31614.0000,437.7964,1000.0000,11.2287,31934.4004,321.1979,-0.0000,11.2287,0,0,-1,0.0000,31934.4004,321.1979,-0.0000,11.2287,29
3315,31628.0000,916.8882,127.0311,8.0000,31940.6543,-0.0000,871.7257,8.0000,0,0,-1,0.0000,31940.6543,-0.0000,871.7257,8.0000,29
3316,31637.0000,0.0000,632.5362,9.1252,31970.3164,1000.0000,446.1147,9.1252,0,0,-1,0.0000,31970.3164,1000.0000,446.1147,9.1252,28
3317,31643.0000,0.0000,117.3599,11.4184,31973.5625,898.4594,1000.0000,11.4184,0,0,-1,0.0000,31973.5625,898.4594,1000.0000,11.4184,29
3318,31650.0000,1000.0000,184.1545,12.8423,31926.1602,-0.0000,648.9618,12.8423,0,0,-1,0.0000,31926.1602,-0.0000,648.9618,12.8423,30
3319,31661.0000,1000.0000,608.3752,9.6894,31927.9199,-0.0000,220.9049,9.6894,0,0,-1,0.0000,31927.9199,-0.0000,220.9049,9.6894,29
3320,31667.0000,310.5266,0.0000,13.3175,31943.6543,746.4869,1000.0000,13.3175,0,0,-1,0.0000,31943.6543,746.4869,1000.0000,13.3175,29
3321,31680.0000,307.3564,251.8300,15.0000,31962.8984,1000.0001,860.0162,15.0000,0,0,-1,0.0000,31962.8984,1000.0001,860.0162,15.0000,28
3322,31693.0000,579.4585,512.7171,15.0000,31833.0840,-0.0000,238.3915,15.0000,0,0,-1,0.0000,31833.0840,-0.0000,238.3915,15.0000,28
3323,31698.0000,1000.0000,820.3633,9.0128,31975.5723,-0.0000,46.3598,9.0128,0,0,-1,0.0000,31975.5723,-0.0000,46.3598,9.0128,28
3324,31707.0000,804.5507,1000.0000,12.1737,31996.0098,319.7951,-0.0000,12.1737,0,0,-1,0.0000,31996.0098,319.7951,-0.0000,12.1737,28
3325,31717.0000,703.8768,682.8121,15.0000,31891.8809,280.7627,-0.0000,15.0000,0,0,-1,0.0000,31891.8809,280.7627,-0.0000,15.0000,28
3326,31729.0000,639.5938,1000.0000,8.4185,32089.3535,168.6710,-0.0000,8.4185,0,0,-1,0.0000,32089.3535,168.6710,-0.0000,8.4185,28
3327,31737.0000,388.5116,1000.0000,9.1308,32015.1934,410.3613,-0.0000,9.1308,0,0,-1,0.0000,32015.1934,410.3613,-0.0000,9.1308,28
3328,31747.0000,836.0653,565.2041,8.0000,31747.0000,836.0653,565.2041,8.0000,0,0,-1,0.0000,31747.0000,836.0653,565.2041,8.0000,27
3329,31761.0000,1000.0000,156.0639,10.5621,32096.2695,-0.0000,940.5204,10.5621,0,0,-1,0.0000,32096.2695,-0.0000,940.5204,10.5621,26
3330,31766.0000,1000.0000,867.4616,14.3135,32037.0020,70.5453,-0.0000,14.3135,0,0,-1,0.0000,32037.0020,70.5453,-0.0000,14.3135,25
3331,31776.0000,284.9931,1000.0000,8.1164,32010.7305,766.3449,-0.0000,8.1164,0,0,-1,0.0000,32010.7305,766.3449,-0.0000,8.1164,25
3332,31789.0000,1000.0000,930.9099,9.0854,32132.2832,161.9908,-0.0000,9.0854,0,0,-1,0.0000,32132.2832,161.9908,-0.0000,9.0854,25
3333,31798.0000,807.4379,377.1359,15.0000,32102.7773,-0.0000,978.6123,15.0000,0,0,-1,0.0000,32102.7773,-0.0000,978.6123,15.0000,26
3334,31807.0000,0.0000,837.9317,10.5520,32079.2656,1000.0000,388.3434,10.5520,0,0,-1,0.0000,32079.2656,1000.0000,388.3434,10.5520,26
3335,31819.0000,690.1178,1000.0000,8.3331,32064.5117,-0.0000,105.7453,8.3331,0,0,-1,0.0000,32064.5117,-0.0000,105.7453,8.3331,26
3336,31833.0000,1000.0000,288.2885,8.3932,32172.6250,-0.0000,614.0002,8.3932,0,0,-1,0.0000,32172.6250,-0.0000,614.0002,8.3932,27
3337,31843.0000,928.0244,1000.0000,10.5861,32173.4688,433.0640,-0.0000,10.5861,0,0,-1,0.0000,32173.4688,433.0640,-0.0000,10.5861,27
3338,31850.0000,443.7635,539.7399,8.0000,32079.3828,875.5938,-0.0000,8.0000,0,0,-1,0.0000,32079.3828,875.5938,-0.0000,8.0000,28
3339,31860.0000,0.0000,123.6549,13.8093,32232.6328,974.6280,1000.0000,13.8093,0,0,-1,0.0000,32232.6328,974.6280,1000.0000,13.8093,28
3340,31872.0000,33.8995,0.0000,14.7762,32201.6230,654.8298,999.9999,14.7762,0,0,-1,0.0000,32201.6230,654.8298,999.9999,14.7762,28
3341,31877.0000,36.2245,0.0000,8.2784,32150.4082,536.9490,1000.0001,8.2784,0,0,-1,0.0000,32150.4082,536.9490,1000.0001,8.2784,28
3342,31886.0000,570.9951,1000.0000,13.9117,32097.6152,253.2432,-0.0000,13.9117,0,0,-1,0.0000,32097.6152,253.2432,-0.0000,13.9117,29
3343,31900.0000,1000.0000,456.5542,11.2633,32115.2383,-0.0000,466.5797,11.2633,0,0,-1,0.0000,32115.2383,-0.0000,466.5797,11.2633,27
3344,31905.0000,706.5839,511.6783,15.0000,32105.4844,-0.0000,482.0481,15.0000,0,0,-1,0.0000,32105.4844,-0.0000,482.0481,15.0000,28
3345,31913.0000,838.6232,202.4295,8.0000,32204.3164,-0.0000,825.6575,8.0000,0,0,-1,0.0000,32204.3164,-0.0000,825.6575,8.0000,29
3346,31924.0000,480.9178,18.0201,8.0000,32166.0898,228.1935,1000.0000,8.0000,0,0,-1,0.0000,32166.0898,228.1935,1000.0000,8.0000,30
3347,31934.0000,474.3487,0.0000,8.6549,32200.1191,239.4668,1000.0001,8.6549,0,0,-1,0.0000,32200.1191,239.4668,1000.0001,8.6549,29
3348,31944.0000,55.2627,584.0488,8.0000,32166.7559,1000.0000,172.4583,8.0000,0,0,-1,0.0000,32166.7559,1000.0000,172.4583,8.0000,27
3349,31950.0000,1000.0000,333.6809,9.5197,32196.8281,-0.0000,666.2627,9.5197,0,0,-1,0.0000,32196.8281,-0.0000,666.2627,9.5197,28
3350,31963.0000,616.1593,241.0312,8.0000,32154.3594,203.0054,1000.0001,8.0000,0,0,-1,0.0000,32154.3594,203.0054,1000.0001,8.0000,28
3351,31970.0000,674.4274,1000.0000,8.6498,32243.8457,37.0024,-0.0000,8.6498,0,0,-1,0.0000,32243.8457,37.0024,-0.0000,8.6498,29
3352,31977.0000,661.9257,1000.0000,8.3600,32221.8184,655.1690,-0.0000,8.3600,0,0,-1,0.0000,32221.8184,655.1690,-0.0000,8.3600,27
3353,31982.0000,623.1289,115.9507,15.0000,32168.7422,529.6682,1000.0000,15.0000,0,0,-1,0.0000,32168.7422,529.6682,1000.0000,15.0000,28
3354,31996.0000,702.3174,0.0000,13.9910,32233.1680,421.3132,1000.0000,13.9910,0,0,-1,0.0000,32233.1680,421.3132,1000.0000,13.9910,29
3355,32005.0000,30.8069,169.0641,8.0000,32250.4941,830.8649,1000.0001,8.0000,0,0,-1,0.0000,32250.4941,830.8649,1000.0001,8.0000,29
3356,32010.0000,71.4502,109.3466,15.0000,32311.2129,857.3926,1000.0001,15.0000,0,0,-1,0.0000,32311.2129,857.3926,1000.0001,15.0000,30
3357,32016.0000,1000.0000,623.3895,10.6878,32253.5059,-0.0000,567.0257,10.6878,0,0,-1,0.0000,32253.5059,-0.0000,567.0257,10.6878,29
3358,32023.0000,430.4760,1000.0000,12.2866,32274.3418,473.9682,-0.0000,12.2866,0,0,-1,0.0000,32274.3418,473.9682,-0.0000,12.2866,30
3359,32035.0000,1000.0000,627.3622,12.9230,32347.0293,-0.0000,367.7837,12.9230,0,0,-1,0.0000,32347.0293,-0.0000,367.7837,12.9230,31
3360,32040.0000,0.0000,446.9000,9.9835,32258.1582,1000.0001,543.7344,9.9835,0,0,-1,0.0000,32258.1582,1000.0001,543.7344,9.9835,31
3361,32047.0000,594.9280,0.0000,14.3871,32337.5078,662.2431,1000.0000,14.3871,0,0,-1,0.0000,32337.5078,662.2431,1000.0000,14.3871,32
3362,32054.0000,1000.0000,976.6793,12.3307,32375.4258,-0.0000,203.1969,12.3307,0,0,-1,0.0000,32375.4258,-0.0000,203.1969,12.3307,33
3363,32060.0000,0.0000,105.3119,13.0658,32281.0469,567.3264,1000.0000,13.0658,0,0,-1,0.0000,32281.0469,567.3264,1000.0000,13.0658,34
3364,32065.0000,1000.0000,238.1979,11.5132,32304.7383,249.3781,999.9999,11.5132,0,0,-1,0.0000,32304.7383,249.3781,999.9999,11.5132,34
3365,32070.0000,157.3404,109.9975,8.0000,32356.4180,655.2366,1000.0000,8.0000,0,0,-1,0.0000,32356.4180,655.2366,1000.0000,8.0000,35
3366,32083.0000,471.6699,674.2406,8.0000,32236.0020,804.0826,-0.0000,8.0000,0,0,-1,0.0000,32236.0020,804.0826,-0.0000,8.0000,34
3367,32088.0000,477.1153,1000.0000,13.4133,32383.1777,677.3505,-0.0000,13.4133,0,0,-1,0.0000,32383.1777,677.3505,-0.0000,13.4133,35
3368,32094.0000,133.6483,674.5242,8.0000,32336.2930,1000.0000,200.2089,8.0000,0,0,-1,0.0000,32336.2930,1000.0000,200.2089,8.0000,35
3369,32100.0000,483.1714,854.9196,15.0000,32320.5156,522.4524,-0.0000,15.0000,0,0,-1,0.0000,32320.5156,522.4524,-0.0000,15.0000,34
3370,32105.0000,0.0000,322.7900,9.4416,32347.9531,1000.0001,631.1114,9.4416,0,0,-1,0.0000,32347.9531,1000.0001,631.1114,9.4416,34
3371,32112.0000,0.0000,8.3160,8.0720,32373.7930,1000.0000,833.9506,8.0720,0,0,-1,0.0000,32373.7930,1000.0000,833.9506,8.0720,34
3372,32126.0000,746.3785,1000.0000,8.7283,32380.9648,604.8643,-0.0000,8.7283,0,0,-1,0.0000,32380.9648,604.8643,-0.0000,8.7283,34
3373,32137.0000,841.3843,0.0000,12.8949,32472.3262,-0.0000,845.5784,12.8949,0,0,-1,0.0000,32472.3262,-0.0000,845.5784,12.8949,34
3374,32145.0000,200.8201,0.0000,12.7526,32420.9141,881.3285,999.9999,12.7526,0,0,-1,0.0000,32420.9141,881.3285,999.9999,12.7526,35
3375,32150.0000,192.7728,0.0000,8.6320,32405.8809,416.3873,1000.0001,8.6320,0,0,-1,0.0000,32405.8809,416.3873,1000.0001,8.6320,36
3376,32156.0000,347.5727,935.6101,8.0000,32411.3613,689.1639,-0.0000,8.0000,0,0,-1,0.0000,32411.3613,689.1639,-0.0000,8.0000,35
3377,32162.0000,1000.0000,927.0873,9.9133,32480.0430,413.3141,-0.0000,9.9133,0,0,-1,0.0000,32480.0430,413.3141,-0.0000,9.9133,36
3378,32171.0000,488.8896,1000.0000,12.3246,32439.2012,347.7206,-0.0000,12.3246,0,0,-1,0.0000,32439.2012,347.7206,-0.0000,12.3246,34
3379,32176.0000,509.5081,499.0269,15.0000,32294.5898,-0.0000,449.6038,15.0000,0,0,-1,0.0000,32294.5898,-0.0000,449.6038,15.0000,33
3380,32183.0000,418.3267,151.0032,15.0000,32429.6582,423.3143,1000.0000,15.0000,0,0,-1,0.0000,32429.6582,423.3143,1000.0000,15.0000,34
3381,32194.0000,1000.0000,800.0007,14.9291,32458.6367,63.1255,-0.0000,14.9291,0,0,-1,0.0000,32458.6367,63.1255,-0.0000,14.9291,35
3382,32207.0000,1000.0000,667.9595,11.6626,32424.0664,-0.0000,651.1542,11.6626,0,0,-1,0.0000,32424.0664,-0.0000,651.1542,11.6626,32
3383,32214.0000,906.6942,0.0000,13.1305,32484.5488,-0.0000,605.6617,13.1305,0,0,-1,0.0000,32484.5488,-0.0000,605.6617,13.1305,33
3384,32224.0000,532.7451,643.1517,15.0000,32361.6074,566.0818,-0.0000,15.0000,0,0,-1,0.0000,32361.6074,566.0818,-0.0000,15.0000,33
3385,32234.0000,0.0000,593.0405,10.7129,32439.5879,999.9999,495.6334,10.7129,0,0,-1,0.0000,32439.5879,999.9999,495.6334,10.7129,32
3386,32244.0000,0.0000,430.1430,9.6518,32587.3223,1000.0001,828.2792,9.6518,0,0,-1,0.0000,32587.3223,1000.0001,828.2792,9.6518,31
3387,32258.0000,540.4149,809.9719,15.0000,32472.3594,410.6299,-0.0000,15.0000,0,0,-1,0.0000,32472.3594,410.6299,-0.0000,15.0000,30
3388,32265.0000,78.3645,922.7731,8.0000,32493.8203,1000.0001,446.8502,8.0000,0,0,-1,0.0000,32493.8203,1000.0001,446.8502,8.0000,30
3389,32274.0000,913.1660,1000.0000,9.1874,32508.8164,517.2649,-0.0000,9.1874,0,0,-1,0.0000,32508.8164,517.2649,-0.0000,9.1874,31
3390,32288.0000,0.0000,519.3960,9.0863,32608.6660,1000.0001,719.3723,9.0863,0,0,-1,0.0000,32608.6660,1000.0001,719.3723,9.0863,30
3391,32302.0000,988.4790,0.0000,9.4749,32678.5293,354.3743,999.9999,9.4749,0,0,-1,0.0000,32678.5293,354.3743,999.9999,9.4749,30
3392,32311.0000,0.0000,189.4570,12.2510,32635.6113,1000.0001,598.4943,12.2510,0,0,-1,0.0000,32635.6113,1000.0001,598.4943,12.2510,30
3393,32316.0000,1000.0000,950.8668,14.8663,32560.4746,241.1095,-0.0000,14.8663,0,0,-1,0.0000,32560.4746,241.1095,-0.0000,14.8663,30
3394,32323.0000,610.8635,13.1155,8.0000,32622.4961,-0.0000,964.0723,8.0000,0,0,-1,0.0000,32622.4961,-0.0000,964.0723,8.0000,30
3395,32328.0000,618.7206,1000.0000,10.0249,32583.9199,512.9833,-0.0000,10.0249,0,0,-1,0.0000,32583.9199,512.9833,-0.0000,10.0249,31
3396,32339.0000,0.0000,911.5146,12.5639,32607.2695,979.5848,-0.0000,12.5639,0,0,-1,0.0000,32607.2695,979.5848,-0.0000,12.5639,30
3397,32351.0000,306.9097,1000.0000,8.7980,32561.2109,554.0412,-0.0000,8.7980,0,0,-1,0.0000,32561.2109,554.0412,-0.0000,8.7980,29
3398,32364.0000,603.0947,400.8474,15.0000,32550.1738,-0.0000,715.0814,15.0000,0,0,-1,0.0000,32550.1738,-0.0000,715.0814,15.0000,28
3399,32371.0000,1000.0000,289.4846,12.4368,32693.1660,-0.0000,454.9170,12.4368,0,0,-1,0.0000,32693.1660,-0.0000,454.9170,12.4368,29
3400,32381.0000,2.2105,884.8221,15.0000,32630.5234,1000.0001,364.0428,15.0000,0,0,-1,0.0000,32630.5234,1000.0001,364.0428,15.0000,27
3401,32388.0000,0.0000,864.3838,14.3707,32711.1348,999.9999,557.0551,14.3707,0,0,-1,0.0000,32711.1348,999.9999,557.0551,14.3707,27
3402,32395.0000,38.5220,793.7968,15.0000,32613.4492,1000.0001,343.4219,15.0000,0,0,-1,0.0000,32613.4492,1000.0001,343.4219,15.0000,28
3403,32403.0000,0.0000,553.8280,12.2622,32718.6582,999.9999,683.5996,12.2622,0,0,-1,0.0000,32718.6582,999.9999,683.5996,12.2622,29
3404,32416.0000,67.4391,594.7594,8.0000,32710.9375,1000.0000,156.4496,8.0000,0,0,-1,0.0000,32710.9375,1000.0000,156.4496,8.0000,28
3405,32427.0000,76.8372,1000.0000,11.5133,32815.0234,1000.0000,253.0709,11.5133,0,0,-1,0.0000,32815.0234,1000.0000,253.0709,11.5133,27
3406,32440.0000,622.9644,692.7928,15.0000,32595.4766,285.0646,-0.0000,15.0000,0,0,-1,0.0000,32595.4766,285.0646,-0.0000,15.0000,25
3407,32447.0000,473.9230,735.8504,15.0000,32636.1855,831.0747,-0.0000,15.0000,0,0,-1,0.0000,32636.1855,831.0747,-0.0000,15.0000,26
3408,32458.0000,1000.0000,768.2929,12.0465,32773.7500,-0.0000,421.5162,12.0465,0,0,-1,0.0000,32773.7500,-0.0000,421.5162,12.0465,27
3409,32465.0000,0.0000,197.9950,10.5737,32671.5215,999.9999,407.7153,10.5737,0,0,-1,0.0000,32671.5215,999.9999,407.7153,10.5737,27
3410,32471.0000,882.8197,968.7828,15.0000,32705.3848,-0.0000,305.0012,15.0000,0,0,-1,0.0000,32705.3848,-0.0000,305.0012,15.0000,28
3411,32477.0000,1000.0000,213.7522,10.2991,32710.5977,330.1342,1000.0001,10.2991,0,0,-1,0.0000,32710.5977,330.1342,1000.0001,10.2991,27
3412,32482.0000,69.0798,0.0000,12.5571,32795.8516,999.9999,578.9324,12.5571,0,0,-1,0.0000,32795.8516,999.9999,578.9324,12.5571,27
3413,32495.0000,1000.0000,262.8206,10.4945,32722.7988,-0.0000,656.6282,10.4945,0,0,-1,0.0000,32722.7988,-0.0000,656.6282,10.4945,26
3414,32508.0000,0.0000,477.4701,9.3555,32717.6680,999.9999,716.2667,9.3555,0,0,-1,0.0000,32717.6680,999.9999,716.2667,9.3555,27
3415,32514.0000,722.7761,1000.0000,10.5778,32810.8164,503.6988,-0.0000,10.5778,0,0,-1,0.0000,32810.8164,503.6988,-0.0000,10.5778,27
3416,32527.0000,942.4524,1000.0000,14.4348,32916.8516,320.7754,-0.0000,14.4348,0,0,-1,0.0000,32916.8516,320.7754,-0.0000,14.4348,28
3417,32535.0000,943.1161,166.7352,8.0000,32844.3008,-0.0000,731.0724,8.0000,0,0,-1,0.0000,32844.3008,-0.0000,731.0724,8.0000,29
3418,32540.0000,536.8505,0.0000,11.9194,32784.1250,319.1287,999.9999,11.9194,0,0,-1,0.0000,32784.1250,319.1287,999.9999,11.9194,30
3419,32550.0000,0.0000,285.9828,12.4825,32848.5586,999.9999,944.0433,12.4825,0,0,-1,0.0000,32848.5586,999.9999,944.0433,12.4825,31
3420,32558.0000,189.6387,0.0000,8.9404,32803.1445,999.9999,859.3500,8.9404,0,0,-1,0.0000,32803.1445,999.9999,859.3500,8.9404,31
3421,32569.0000,0.0000,345.1746,8.3635,32885.9609,1000.0000,416.4272,8.3635,0,0,-1,0.0000,32885.9609,1000.0000,416.4272,8.3635,30
3422,32576.0000,0.0000,384.0596,10.5992,32912.5703,1000.0000,628.6085,10.5992,0,0,-1,0.0000,32912.5703,1000.0000,628.6085,10.5992,31
3423,32586.0000,652.9204,0.0000,13.7042,32812.6484,284.5464,1000.0000,13.7042,0,0,-1,0.0000,32812.6484,284.5464,1000.0000,13.7042,31
3424,32596.0000,733.6419,478.0230,8.0000,32812.8867,-0.0000,391.1532,8.0000,0,0,-1,0.0000,32812.8867,-0.0000,391.1532,8.0000,30
3425,32606.0000,455.4212,339.4493,8.0000,32841.5078,728.3236,999.9999,8.0000,0,0,-1,0.0000,32841.5078,728.3236,999.9999,8.0000,31
3426,32614.0000,0.0000,711.2490,11.1207,32915.8906,1000.0000,337.2007,11.1207,0,0,-1,0.0000,32915.8906,1000.0000,337.2007,11.1207,29
3427,32620.0000,961.1730,0.0000,11.0591,32976.9766,81.5216,999.9999,11.0591,0,0,-1,0.0000,32976.9766,81.5216,999.9999,11.0591,30
3428,32634.0000,1000.0000,436.0732,8.6694,32871.8789,-0.0000,374.8322,8.6694,0,0,-1,0.0000,32871.8789,-0.0000,374.8322,8.6694,29
3429,32639.0000,846.4057,23.6896,8.0000,32865.8789,314.2955,1000.0000,8.0000,0,0,-1,0.0000,32865.8789,314.2955,1000.0000,8.0000,28
3430,32646.0000,1000.0000,594.6863,8.1338,32885.4805,-0.0000,53.9211,8.1338,0,0,-1,0.0000,32885.4805,-0.0000,53.9211,8.1338,29
3431,32656.0000,151.1237,1000.0000,9.3501,32974.6758,1000.0000,235.7264,9.3501,0,0,-1,0.0000,32974.6758,1000.0000,235.7264,9.3501,30
3432,32668.0000,358.4853,106.3337,8.1524,32910.1289,811.0082,999.9999,8.0000,1,1,1,0.0000,32910.1289,811.0082,999.9999,8.1524,31
3433,32680.0000,887.9360,0.0000,13.4899,32899.0938,-0.0000,574.3550,13.4899,0,0,-1,0.0000,32899.0938,-0.0000,574.3550,13.4899,30
3434,32687.0000,688.0259,1000.0000,10.9150,32960.8477,387.2554,-0.0000,10.9150,0,0,-1,0.0000,32960.8477,387.2554,-0.0000,10.9150,31
3435,32699.0000,919.6294,0.0000,14.2208,32943.5039,-0.0000,723.3954,14.2208,0,0,-1,0.0000,32943.5039,-0.0000,723.3954,14.2208,31
3436,32713.0000,394.1710,1000.0000,14.4967,33047.9414,897.5157,-0.0000,14.4967,0,0,-1,0.0000,33047.9414,897.5157,-0.0000,14.4967,28
3437,32720.0000,0.0000,757.3461,10.5426,33041.6680,1000.0000,445.5363,10.5426,0,0,-1,0.0000,33041.6680,1000.0000,445.5363,10.5426,27
3438,32725.0000,69.3996,27.2224,15.0000,32949.6992,1000.0000,577.2983,15.0000,0,0,-1,0.0000,32949.6992,1000.0000,577.2983,15.0000,27
3439,32733.0000,429.9479,1000.0000,10.3364,33019.2656,610.4941,-0.0000,10.3364,0,0,-1,0.0000,33019.2656,610.4941,-0.0000,10.3364,28
3440,32739.0000,1000.0000,338.1718,12.2458,33113.4375,-0.0000,881.2797,12.2458,0,0,-1,0.0000,33113.4375,-0.0000,881.2797,12.2458,29
3441,32750.0000,0.0000,367.2455,13.3220,33066.0859,1000.0001,376.6606,13.3220,0,0,-1,0.0000,33066.0859,1000.0001,376.6606,13.3220,30
3442,32757.0000,132.2540,130.8618,8.0000,33026.7031,1000.0000,950.2946,8.0000,0,0,-1,0.0000,33026.7031,1000.0000,950.2946,8.0000,31
3443,32769.0000,931.0128,0.0000,12.4579,33046.2969,524.2613,1000.0000,12.4579,0,0,-1,0.0000,33046.2969,524.2613,1000.0000,12.4579,32
3444,32775.0000,532.8904,0.0000,13.9817,33004.1055,138.5448,1000.0000,13.9817,0,0,-1,0.0000,33004.1055,138.5448,1000.0000,13.9817,32
3445,32787.0000,625.7812,439.5522,15.0000,32958.4141,0.1152,1000.0000,15.0000,0,0,-1,0.0000,32958.4141,0.1152,1000.0000,15.0000,32
3446,32797.0000,763.8158,506.5819,8.0000,32797.0000,763.8158,506.5819,8.0000,0,0,-1,0.0000,32797.0000,763.8158,506.5819,8.0000,32
3447,32805.0000,857.3815,1000.0000,8.5057,33049.5703,410.3877,-0.0000,8.5057,0,0,-1,0.0000,33049.5703,410.3877,-0.0000,8.5057,31
3448,32814.0000,1000.0000,674.2721,13.8887,33088.0039,-0.0000,426.3362,13.8887,0,0,-1,0.0000,33088.0039,-0.0000,426.3362,13.8887,29
3449,32825.0000,298.5403,330.5711,8.0000,32987.1172,999.9999,620.5670,8.0000,0,0,-1,0.0000,32987.1172,999.9999,620.5670,8.0000,29
3450,32837.0000,1000.0000,423.6359,12.3970,33073.8398,-0.0000,758.9821,12.3970,0,0,-1,0.0000,33073.8398,-0.0000,758.9821,12.3970,30
3451,32849.0000,213.8405,724.0672,15.0000,33100.3672,1000.0000,69.7563,15.0000,0,0,-1,0.0000,33100.3672,1000.0000,69.7563,15.0000,28
3452,32863.0000,330.7578,761.2313,8.0000,33105.3281,542.6562,-0.0000,8.0000,0,0,-1,0.0000,33105.3281,542.6562,-0.0000,8.0000,29
3453,32875.0000,733.0151,1000.0000,8.2518,33211.0312,70.6264,-0.0000,8.2518,0,0,-1,0.0000,33211.0312,70.6264,-0.0000,8.2518,28
3454,32884.0000,0.0000,159.0889,9.7432,33189.3438,1000.0000,508.2645,9.7432,0,0,-1,0.0000,33189.3438,1000.0000,508.2645,9.7432,29
3455,32896.0000,871.3904,311.6010,15.0000,33135.5898,-0.0000,798.1133,15.0000,0,0,-1,0.0000,33135.5898,-0.0000,798.1133,15.0000,28
3456,32910.0000,528.5876,451.4537,8.0000,33023.0469,422.3261,1000.0000,8.0000,0,0,-1,0.0000,33023.0469,422.3261,1000.0000,8.0000,28
3457,32919.0000,540.5227,0.0000,9.4093,33137.7070,202.4884,1000.0001,9.4093,0,0,-1,0.0000,33137.7070,202.4884,1000.0001,9.4093,25
3458,32931.0000,209.4592,1000.0000,8.1455,33278.8438,918.7336,-0.0000,8.1455,0,0,-1,0.0000,33278.8438,918.7336,-0.0000,8.1455,26
3459,32944.0000,0.0000,506.1429,12.4329,33194.6914,1000.0001,447.2243,12.4329,0,0,-1,0.0000,33194.6914,1000.0001,447.2243,12.4329,26
3460,32955.0000,415.5157,0.0000,13.8582,33161.9609,480.8309,999.9999,13.8582,0,0,-1,0.0000,33161.9609,480.8309,999.9999,13.8582,26
3461,32966.0000,234.2267,1000.0000,13.6755,33236.5000,1000.0000,272.7941,13.6755,0,0,-1,0.0000,33236.5000,1000.0000,272.7941,13.6755,25
3462,32974.0000,286.7289,0.0000,9.8264,33226.6797,551.4759,1000.0000,9.8264,0,0,-1,0.0000,33226.6797,551.4759,1000.0000,9.8264,26
3463,32984.0000,386.5118,86.6383,15.0000,33231.4375,718.4874,1000.0000,15.0000,0,0,-1,0.0000,33231.4375,718.4874,1000.0000,15.0000,25
3464,32992.0000,75.0210,532.2408,8.0000,33271.3984,999.9999,459.6698,8.0000,0,0,-1,0.0000,33271.3984,999.9999,459.6698,8.0000,25
3465,33006.0000,201.5483,0.0000,8.6306,33234.3242,425.2072,1000.0001,8.6306,0,0,-1,0.0000,33234.3242,425.2072,1000.0001,8.6306,25
3466,33020.0000,504.8604,0.0000,9.2324,33324.9375,841.3669,1000.0001,9.2324,0,0,-1,0.0000,33324.9375,841.3669,1000.0001,9.2324,25
3467,33029.0000,1000.0000,396.9075,12.1293,33261.7773,-0.0000,327.8222,12.1293,0,0,-1,0.0000,33261.7773,-0.0000,327.8222,12.1293,24
3468,33043.0000,484.0019,0.0000,11.4365,33257.8516,679.0041,1000.0000,11.4365,0,0,-1,0.0000,33257.8516,679.0041,1000.0000,11.4365,24
3469,33056.0000,551.9119,0.0000,11.9847,33275.7422,330.9546,1000.0001,11.9847,0,0,-1,0.0000,33275.7422,330.9546,1000.0001,11.9847,22
3470,33063.0000,833.8679,0.0000,13.0235,33329.4961,-0.0000,759.0953,13.0235,0,0,-1,0.0000,33329.4961,-0.0000,759.0953,13.0235,23
3471,33077.0000,1000.0000,365.5121,11.4698,33369.1445,-0.0000,355.9168,11.4698,0,0,-1,0.0000,33369.1445,-0.0000,355.9168,11.4698,22
3472,33090.0000,1000.0000,730.2646,13.7041,33434.8516,-0.0000,172.6856,13.7041,0,0,-1,0.0000,33434.8516,-0.0000,172.6856,13.7041,22
3473,33103.0000,865.8735,0.0000,14.5034,33417.4023,168.5441,1000.0000,14.5034,0,0,-1,0.0000,33417.4023,168.5441,1000.0000,14.5034,22
3474,33113.0000,174.0893,1000.0000,8.0944,33460.4805,891.1206,-0.0000,8.0944,0,0,-1,0.0000,33460.4805,891.1206,-0.0000,8.0944,22
3475,33122.0000,10.1489,906.4962,15.0000,33468.6289,1000.0000,450.7029,15.0000,0,0,-1,0.0000,33468.6289,1000.0000,450.7029,15.0000,22
3476,33136.0000,816.0413,778.0321,8.0000,33338.7148,-0.0000,196.6220,8.0000,0,0,-1,0.0000,33338.7148,-0.0000,196.6220,8.0000,22
3477,33145.0000,154.6311,23.6069,8.0000,33440.8906,549.1547,1000.0001,8.0000,0,0,-1,0.0000,33440.8906,549.1547,1000.0001,8.0000,22
3478,33151.0000,677.9821,1000.0000,8.5285,33454.8945,297.8686,-0.0000,8.5285,0,0,-1,0.0000,33454.8945,297.8686,-0.0000,8.5285,23
3479,33160.0000,1000.0000,929.2247,10.1112,33396.4727,-0.0000,455.6439,10.1112,0,0,-1,0.0000,33396.4727,-0.0000,455.6439,10.1112,24
3480,33166.0000,253.3850,757.0864,8.0000,33406.8203,816.4503,-0.0000,8.0000,0,0,-1,0.0000,33406.8203,816.4503,-0.0000,8.0000,24
3481,33172.0000,0.0000,827.8578,13.0074,33484.2695,999.9999,403.5270,13.0074,0,0,-1,0.0000,33484.2695,999.9999,403.5270,13.0074,25
3482,33179.0000,270.4153,0.0000,12.1217,33401.8164,579.4222,1000.0000,12.1217,0,0,-1,0.0000,33401.8164,579.4222,1000.0000,12.1217,26
3483,33187.0000,4.2219,167.4217,15.0000,33488.4219,636.4404,1000.0000,15.0000,0,0,-1,0.0000,33488.4219,636.4404,1000.0000,15.0000,27
3484,33192.0000,1000.0000,31.1817,14.4406,33461.0391,405.2385,1000.0001,14.4406,0,0,-1,0.0000,33461.0391,405.2385,1000.0001,14.4406,27
3485,33202.0000,0.0000,955.1843,14.3159,33524.8398,1000.0000,47.5326,14.3159,0,0,-1,0.0000,33524.8398,1000.0000,47.5326,14.3159,27
3486,33212.0000,80.5408,709.7112,15.0000,33438.7578,999.9999,340.3115,15.0000,0,0,-1,0.0000,33438.7578,999.9999,340.3115,15.0000,27
3487,33220.0000,0.0000,607.9279,11.0651,33467.5625,999.9999,85.6878,11.0651,0,0,-1,0.0000,33467.5625,999.9999,85.6878,11.0651,28
3488,33229.0000,225.9651,886.1928,8.0000,33511.2578,696.5328,-0.0000,8.0000,0,0,-1,0.0000,33511.2578,696.5328,-0.0000,8.0000,28
3489,33237.0000,0.0000,206.6647,10.9088,33458.3711,1000.0000,555.1315,10.9088,0,0,-1,0.0000,33458.3711,1000.0000,555.1315,10.9088,26
3490,33244.0000,263.6052,379.1211,15.0000,33481.7344,999.9999,639.7555,15.0000,0,0,-1,0.0000,33481.7344,999.9999,639.7555,15.0000,27
3491,33256.0000,695.1254,1000.0000,9.2769,33460.7930,479.6400,-0.0000,9.2769,0,0,-1,0.0000,33460.7930,479.6400,-0.0000,9.2769,28
3492,33264.0000,25.2472,691.5908,15.0000,33465.0664,1000.0000,484.9617,15.0000,0,0,-1,0.0000,33465.0664,1000.0000,484.9617,15.0000,27
3493,33269.0000,313.3222,1000.0000,11.7832,33593.2070,722.7495,-0.0000,11.7832,0,0,-1,0.0000,33593.2070,722.7495,-0.0000,11.7832,28
3494,33281.0000,612.3909,629.1848,8.0000,33501.0430,-0.0000,106.3446,8.0000,0,0,-1,0.0000,33501.0430,-0.0000,106.3446,8.0000,26
3495,33291.0000,0.0000,35.5547,13.0455,33690.3242,871.3238,999.9999,13.0455,0,0,-1,0.0000,33690.3242,871.3238,999.9999,13.0455,27
3496,33304.0000,114.3042,470.6680,15.0000,33499.8984,1000.0001,755.8351,15.0000,0,0,-1,0.0000,33499.8984,1000.0001,755.8351,15.0000,28
3497,33317.0000,210.5874,0.0000,13.1577,33611.6875,636.9373,1000.0000,13.1577,0,0,-1,0.0000,33611.6875,636.9373,1000.0000,13.1577,29
3498,33326.0000,974.8648,1000.0000,8.2542,33634.5078,422.7812,-0.0000,8.2542,0,0,-1,0.0000,33634.5078,422.7812,-0.0000,8.2542,29
3499,33338.0000,1000.0000,536.3878,11.3892,33338.0000,1000.0000,536.3878,11.3892,0,0,-1,0.0000,33338.0000,1000.0000,536.3878,11.3892,29
3500,33352.0000,0.0000,864.5524,10.4014,33654.0977,770.8201,-0.0000,10.4014,0,0,-1,0.0000,33654.0977,770.8201,-0.0000,10.4014,28
3501,33362.0000,757.0591,427.5192,15.0000,33524.3203,-0.0000,635.6942,15.0000,0,0,-1,0.0000,33524.3203,-0.0000,635.6942,15.0000,29
3502,33369.0000,987.8365,64.2788,8.0000,33705.7188,397.0463,1000.0000,8.0000,0,0,-1,0.0000,33705.7188,397.0463,1000.0000,8.0000,30
3503,33381.0000,320.1545,0.0000,13.6186,33646.0117,1000.0000,996.7435,13.6186,0,0,-1,0.0000,33646.0117,1000.0000,996.7435,13.6186,30
3504,33386.0000,827.7090,1000.0000,11.0639,33646.2695,292.4650,-0.0000,11.0639,0,0,-1,0.0000,33646.2695,292.4650,-0.0000,11.0639,31
3505,33394.0000,463.6420,1000.0000,10.1734,33670.9531,202.2693,-0.0000,10.1734,0,0,-1,0.0000,33670.9531,202.2693,-0.0000,10.1734,32
3506,33407.0000,1000.0000,222.3627,9.6214,33700.6172,192.3262,1000.0000,9.6214,0,0,-1,0.0000,33700.6172,192.3262,1000.0000,9.6214,30
3507,33412.0000,478.5776,688.5492,15.0000,33623.3984,727.7928,-0.0000,15.0000,0,0,-1,0.0000,33623.3984,727.7928,-0.0000,15.0000,31
3508,33421.0000,143.1994,866.5200,8.0000,33675.3945,1000.0000,321.5320,8.0000,0,0,-1,0.0000,33675.3945,1000.0000,321.5320,8.0000,31
3509,33434.0000,1000.0000,887.5025,13.8527,33763.6172,-0.0000,229.4138,13.8527,0,0,-1,0.0000,33763.6172,-0.0000,229.4138,13.8527,32
3510,33445.0000,975.4417,826.4546,8.0000,33663.1523,-0.0000,525.9976,8.0000,0,0,-1,0.0000,33663.1523,-0.0000,525.9976,8.0000,30
3511,33455.0000,406.1476,1000.0000,9.5310,33758.1836,333.2897,-0.0000,9.5310,0,0,-1,0.0000,33758.1836,333.2897,-0.0000,9.5310,30
3512,33465.0000,136.6518,1000.0000,13.2944,33748.3711,971.1577,-0.0000,13.2944,0,0,-1,0.0000,33748.3711,971.1577,-0.0000,13.2944,27
3513,33470.0000,40.0282,0.0000,11.7175,33780.0547,1000.0000,728.5482,11.7175,0,0,-1,0.0000,33780.0547,1000.0000,728.5482,11.7175,25
3514,33484.0000,189.4763,1000.0000,12.2113,33705.5469,1000.0000,350.1151,12.2113,0,0,-1,0.0000,33705.5469,1000.0000,350.1151,12.2113,25
3515,33498.0000,1000.0000,949.6115,8.5923,33908.2344,-0.0000,174.6958,8.5923,0,0,-1,0.0000,33908.2344,-0.0000,174.6958,8.5923,24
3516,33507.0000,1000.0000,811.9775,12.4773,33819.4102,-0.0000,599.1163,12.4773,0,0,-1,0.0000,33819.4102,-0.0000,599.1163,12.4773,23
3517,33513.0000,1000.0000,391.4827,13.6543,33743.5195,-0.0000,952.1141,13.6543,0,0,-1,0.0000,33743.5195,-0.0000,952.1141,13.6543,23
3518,33527.0000,1000.0000,679.2871,14.3617,33835.1328,-0.0000,130.7056,14.3617,0,0,-1,0.0000,33835.1328,-0.0000,130.7056,14.3617,22
3519,33533.0000,407.6111,0.0000,9.5988,33765.9336,391.3492,1000.0000,9.5988,0,0,-1,0.0000,33765.9336,391.3492,1000.0000,9.5988,23
3520,33542.0000,537.3743,1000.0000,10.5896,33792.7695,576.3625,-0.0000,10.5896,0,0,-1,0.0000,33792.7695,576.3625,-0.0000,10.5896,24
3521,33547.0000,387.4195,1000.0000,8.5690,33844.4180,820.9712,-0.0000,8.5690,0,0,-1,0.0000,33844.4180,820.9712,-0.0000,8.5690,25
3522,33555.0000,864.7168,561.0826,15.0000,33555.0000,864.7168,561.0826,15.0000,0,0,-1,0.0000,33555.0000,864.7168,561.0826,15.0000,26
3523,33568.0000,98.6936,986.6104,15.0000,33939.8594,762.2983,-0.0000,15.0000,0,0,-1,0.0000,33939.8594,762.2983,-0.0000,15.0000,26
3524,33582.0000,345.4394,0.0000,9.3322,33816.6602,844.2332,1000.0000,9.3322,0,0,-1,0.0000,33816.6602,844.2332,1000.0000,9.3322,27
3525,33595.0000,276.9509,0.0000,9.6802,33866.2266,1000.0001,921.4491,9.6802,0,0,-1,0.0000,33866.2266,1000.0001,921.4491,9.6802,27
3526,33603.0000,540.7570,255.8438,15.0000,33760.1836,441.8425,999.9999,15.0000,0,0,-1,0.0000,33760.1836,441.8425,999.9999,15.0000,28
3527,33616.0000,648.8474,0.0000,10.6833,33898.4492,674.3073,999.9999,10.6833,0,0,-1,0.0000,33898.4492,674.3073,999.9999,10.6833,28
3528,33623.0000,1000.0000,549.8411,12.2844,33857.2695,-0.0000,458.1926,12.2844,0,0,-1,0.0000,33857.2695,-0.0000,458.1926,12.2844,29
3529,33629.0000,815.1428,158.3241,8.0000,33927.5781,439.9985,1000.0001,8.0000,0,0,-1,0.0000,33927.5781,439.9985,1000.0001,8.0000,29
3530,33634.0000,0.0000,213.8864,14.8470,33886.8945,1000.0001,466.1875,14.8470,0,0,-1,0.0000,33886.8945,1000.0001,466.1875,14.8470,30
3531,33645.0000,910.4232,0.0000,10.6959,33896.6641,151.9443,1000.0000,10.6959,0,0,-1,0.0000,33896.6641,151.9443,1000.0000,10.6959,30
3532,33652.0000,927.5319,124.5396,15.0000,33909.0234,-0.0000,681.5644,15.0000,0,0,-1,0.0000,33909.0234,-0.0000,681.5644,15.0000,29
3533,33665.0000,75.1707,658.3459,8.0000,33929.2227,1000.0000,161.2089,8.0000,0,0,-1,0.0000,33929.2227,1000.0000,161.2089,8.0000,28
3534,33679.0000,979.3707,0.0000,13.6792,33974.4180,63.2515,1000.0000,13.6792,0,0,-1,0.0000,33974.4180,63.2515,1000.0000,13.6792,27
3535,33691.0000,155.2325,1000.0000,14.2836,34069.8320,802.3147,-0.0000,14.2836,0,0,-1,0.0000,34069.8320,802.3147,-0.0000,14.2836,27
3536,33704.0000,354.4480,618.6869,15.0000,33873.8906,1000.0000,149.4863,15.0000,0,0,-1,0.0000,33873.8906,1000.0000,149.4863,15.0000,27
3537,33713.0000,673.3031,0.0000,11.1963,34023.0273,423.6444,1000.0000,11.1963,0,0,-1,0.0000,34023.0273,423.6444,1000.0000,11.1963,26
3538,33725.0000,0.0000,302.6430,9.2012,34042.6055,1000.0000,772.4730,9.2012,0,0,-1,0.0000,34042.6055,1000.0000,772.4730,9.2012,27
3539,33732.0000,1000.0000,16.0971,14.3116,34032.7891,30.5634,1000.0000,14.3116,0,0,-1,0.0000,34032.7891,30.5634,1000.0000,14.3116,28
3540,33744.0000,1000.0000,663.5994,9.7018,34000.5312,-0.0000,179.7402,9.7018,0,0,-1,0.0000,34000.5312,-0.0000,179.7402,9.7018,28
3541,33756.0000,0.0000,917.4587,11.5430,34003.4609,999.9999,392.5403,11.5430,0,0,-1,0.0000,34003.4609,999.9999,392.5403,11.5430,28
3542,33768.0000,0.0000,803.2011,14.7630,33998.3633,777.2441,-0.0000,14.7630,0,0,-1,0.0000,33998.3633,777.2441,-0.0000,14.7630,25
3543,33774.0000,1000.0000,237.7230,14.5203,33983.8867,-0.0000,414.6587,14.5203,0,0,-1,0.0000,33983.8867,-0.0000,414.6587,14.5203,26
3544,33781.0000,564.3848,0.0000,14.3664,34018.2031,205.4745,1000.0000,14.3664,0,0,-1,0.0000,34018.2031,205.4745,1000.0000,14.3664,26
3545,33788.0000,209.9396,842.1871,15.0000,34037.4961,886.2462,-0.0000,15.0000,0,0,-1,0.0000,34037.4961,886.2462,-0.0000,15.0000,27
3546,33801.0000,921.8449,0.0000,12.2041,34074.0938,-0.0000,783.2401,12.2041,0,0,-1,0.0000,34074.0938,-0.0000,783.2401,12.2041,27
3547,33814.0000,399.2740,0.0000,14.9986,34049.5430,283.3883,999.9999,14.9986,0,0,-1,0.0000,34049.5430,283.3883,999.9999,14.9986,28
3548,33828.0000,191.8600,1000.0000,13.1379,34144.0039,458.3286,-0.0000,13.1379,0,0,-1,0.0000,34144.0039,458.3286,-0.0000,13.1379,27
3549,33841.0000,521.5668,417.9604,15.0000,34036.7070,365.5699,1000.0000,15.0000,0,0,-1,0.0000,34036.7070,365.5699,1000.0000,15.0000,27
3550,33852.0000,0.0000,245.0505,10.4648,34125.8828,1000.0000,393.8938,10.4648,0,0,-1,0.0000,34125.8828,1000.0000,393.8938,10.4648,27
3551,33857.0000,91.1347,0.0000,11.7005,34170.3203,739.0740,1000.0000,11.7005,0,0,-1,0.0000,34170.3203,739.0740,1000.0000,11.7005,28
3552,33867.0000,949.5879,1000.0000,14.5676,34181.6953,11.3781,-0.0000,14.5676,0,0,-1,0.0000,34181.6953,11.3781,-0.0000,14.5676,27
3553,33880.0000,103.7827,506.0706,15.0000,34138.3203,1000.0000,280.0110,15.0000,0,0,-1,0.0000,34138.3203,1000.0000,280.0110,15.0000,27
3554,33893.0000,395.5111,1000.0000,11.4251,34213.5508,385.3422,-0.0000,11.4251,0,0,-1,0.0000,34213.5508,385.3422,-0.0000,11.4251,27
3555,33902.0000,328.7316,1000.0000,14.0762,34145.3789,362.7174,-0.0000,14.0762,0,0,-1,0.0000,34145.3789,362.7174,-0.0000,14.0762,26
3556,33916.0000,905.9542,631.8405,15.0000,34136.1719,-0.0000,207.6002,15.0000,0,0,-1,0.0000,34136.1719,-0.0000,207.6002,15.0000,25
3557,33923.0000,841.0274,872.7369,8.0000,34131.1367,304.7184,-0.0000,8.0000,0,0,-1,0.0000,34131.1367,304.7184,-0.0000,8.0000,26
3558,33932.0000,360.0885,762.1720,8.0000,34131.3242,1000.0000,183.8791,8.0000,0,0,-1,0.0000,34131.3242,1000.0000,183.8791,8.0000,25
3559,33937.0000,662.1246,0.0000,8.2075,34285.8945,-0.0000,920.5154,8.2075,0,0,-1,0.0000,34285.8945,-0.0000,920.5154,8.2075,26
3560,33943.0000,733.8959,0.0000,10.5924,34210.0195,236.6340,999.9999,10.5924,0,0,-1,0.0000,34210.0195,236.6340,999.9999,10.5924,26
3561,33954.0000,946.9805,0.0000,14.7055,34280.2852,-0.0000,611.5291,14.7055,0,0,-1,0.0000,34280.2852,-0.0000,611.5291,14.7055,27
3562,33961.0000,0.0000,317.1349,9.9856,34191.0781,1000.0001,509.2155,9.9856,0,0,-1,0.0000,34191.0781,1000.0001,509.2155,9.9856,28
3563,33969.0000,1000.0000,960.6820,14.5058,34263.6914,351.7455,-0.0000,14.5058,0,0,-1,0.0000,34263.6914,351.7455,-0.0000,14.5058,29
3564,33983.0000,0.0000,335.5245,12.5733,34236.9453,845.3974,1000.0000,12.5733,0,0,-1,0.0000,34236.9453,845.3974,1000.0000,12.5733,29
3565,33996.0000,274.1184,231.8798,15.0000,34196.9062,829.3493,1000.0000,15.0000,0,0,-1,0.0000,34196.9062,829.3493,1000.0000,15.0000,29
3566,34002.0000,0.0000,384.1844,12.0175,34226.9219,999.9999,637.0715,12.0175,0,0,-1,0.0000,34226.9219,999.9999,637.0715,12.0175,28
3567,34012.0000,1000.0000,445.6860,11.4544,34288.6914,-0.0000,709.8189,11.4544,0,0,-1,0.0000,34288.6914,-0.0000,709.8189,11.4544,28
3568,34024.0000,751.7104,0.0000,12.6255,34320.8867,238.7073,999.9999,12.6255,0,0,-1,0.0000,34320.8867,238.7073,999.9999,12.6255,27
3569,34036.0000,305.2309,161.4148,15.0000,34256.1992,1000.0000,940.4732,15.0000,0,0,-1,0.0000,34256.1992,1000.0000,940.4732,15.0000,27
3570,34045.0000,0.0000,682.4762,11.3580,34289.8086,979.1639,-0.0000,11.3580,0,0,-1,0.0000,34289.8086,979.1639,-0.0000,11.3580,25
3571,34053.0000,1000.0000,268.5331,8.9617,34347.9141,-0.0000,584.6642,8.9617,0,0,-1,0.0000,34347.9141,-0.0000,584.6642,8.9617,25
3572,34066.0000,461.9596,441.9176,15.0000,34216.8945,855.0706,1000.0000,15.0000,0,0,-1,0.0000,34216.8945,855.0706,1000.0000,15.0000,26
3573,34078.0000,82.9414,1000.0000,10.0922,34362.7539,1000.0000,143.6055,10.0922,0,0,-1,0.0000,34362.7539,1000.0000,143.6055,10.0922,25
3574,34084.0000,413.0318,50.0830,8.0000,34383.9805,972.9331,1000.0000,8.0000,0,0,-1,0.0000,34383.9805,972.9331,1000.0000,8.0000,26
3575,34090.0000,1000.0000,5.1331,12.0638,34355.9961,-0.0000,727.9976,12.0638,0,0,-1,0.0000,34355.9961,-0.0000,727.9976,12.0638,27
3576,34103.0000,250.6744,1000.0000,12.9245,34339.2734,1000.0001,287.2727,12.9245,0,0,-1,0.0000,34339.2734,1000.0001,287.2727,12.9245,28
3577,34111.0000,1000.0000,387.7599,9.8759,34469.1875,-0.0000,910.0634,9.8759,0,0,-1,0.0000,34469.1875,-0.0000,910.0634,9.8759,29
3578,34120.0000,0.0000,30.4203,14.1189,34421.0078,860.5162,999.9999,14.1189,0,0,-1,0.0000,34421.0078,860.5162,999.9999,14.1189,30
3579,34129.0000,326.6726,666.7109,8.0000,34405.1367,917.7335,-0.0000,8.0000,0,0,-1,0.0000,34405.1367,917.7335,-0.0000,8.0000,30
3580,34138.0000,643.3318,653.8237,15.0000,34358.3203,198.2076,-0.0000,15.0000,0,0,-1,0.0000,34358.3203,198.2076,-0.0000,15.0000,28
3581,34143.0000,924.6099,0.0000,14.9748,34417.7148,331.7003,1000.0000,14.9748,0,0,-1,0.0000,34417.7148,331.7003,1000.0000,14.9748,28
3582,34155.0000,606.4084,286.5123,15.0000,34384.9570,429.7425,1000.0001,15.0000,0,0,-1,0.0000,34384.9570,429.7425,1000.0001,15.0000,27
3583,34168.0000,614.2327,1000.0000,12.7765,34452.4453,-0.0000,40.7116,12.7765,0,0,-1,0.0000,34452.4453,-0.0000,40.7116,12.7765,28
3584,34177.0000,0.0000,814.2057,13.2980,34468.5703,1000.0001,329.5584,13.2980,0,0,-1,0.0000,34468.5703,1000.0001,329.5584,13.2980,28
3585,34190.0000,625.1141,0.0000,10.3827,34417.6484,-0.0000,949.8433,10.3827,0,0,-1,0.0000,34417.6484,-0.0000,949.8433,10.3827,28
3586,34204.0000,907.5005,1000.0000,14.6488,34447.8672,-0.0000,259.7810,14.6488,0,0,-1,0.0000,34447.8672,-0.0000,259.7810,14.6488,27
3587,34216.0000,1000.0000,298.2120,13.3572,34469.0625,-0.0000,559.2352,13.3572,0,0,-1,0.0000,34469.0625,-0.0000,559.2352,13.3572,26
3588,34229.0000,745.8668,272.4889,8.0000,34436.8281,340.9746,1000.0000,8.0000,0,0,-1,0.0000,34436.8281,340.9746,1000.0000,8.0000,25
3589,34234.0000,322.7623,0.0000,9.7035,34453.1484,351.7142,999.9999,9.7035,0,0,-1,0.0000,34453.1484,351.7142,999.9999,9.7035,26
3590,34240.0000,800.6009,86.1220,8.0000,34583.2227,-0.0000,817.0336,8.0000,0,0,-1,0.0000,34583.2227,-0.0000,817.0336,8.0000,26
3591,34246.0000,926.7217,1000.0000,13.3099,34571.0898,108.1448,-0.0000,13.3099,0,0,-1,0.0000,34571.0898,108.1448,-0.0000,13.3099,27
3592,34256.0000,196.6359,0.0000,12.1803,34572.7422,473.9410,999.9999,12.1803,0,0,-1,0.0000,34572.7422,473.9410,999.9999,12.1803,28
3593,34268.0000,1000.0000,619.9985,10.1043,34268.0000,1000.0000,619.9985,10.1043,0,0,-1,0.0000,34268.0000,1000.0000,619.9985,10.1043,27
3594,34274.0000,677.0110,0.0000,13.9285,34552.4648,138.4733,1000.0000,13.9285,0,0,-1,0.0000,34552.4648,138.4733,1000.0000,13.9285,27
3595,34283.0000,0.0000,94.5522,8.6710,34555.9062,1000.0001,649.6819,8.6710,0,0,-1,0.0000,34555.9062,1000.0001,649.6819,8.6710,27
3596,34289.0000,104.1729,1000.0000,12.5238,34591.9414,1000.0000,272.2382,12.5238,0,0,-1,0.0000,34591.9414,1000.0000,272.2382,12.5238,26
3597,34297.0000,155.9031,941.7332,15.0000,34629.9297,1000.0001,375.5941,15.0000,0,0,-1,0.0000,34629.9297,1000.0001,375.5941,15.0000,26
3598,34304.0000,319.2215,0.0000,8.4124,34525.6914,745.7456,1000.0000,8.4124,0,0,-1,0.0000,34525.6914,745.7456,1000.0000,8.4124,27
3599,34314.0000,0.0000,282.6399,8.2781,34621.9883,999.9999,645.7125,8.2781,0,0,-1,0.0000,34621.9883,999.9999,645.7125,8.2781,28
3600,34320.0000,29.2058,887.2245,15.0000,34594.8398,563.6989,-0.0000,15.0000,0,0,-1,0.0000,34594.8398,563.6989,-0.0000,15.0000,29
3601,34331.0000,0.0000,739.5870,10.4352,34586.6875,834.6683,-0.0000,10.4352,0,0,-1,0.0000,34586.6875,834.6683,-0.0000,10.4352,29
3602,34337.0000,1000.0000,993.1971,9.3609,34653.6953,28.1336,-0.0000,9.3609,0,0,-1,0.0000,34653.6953,28.1336,-0.0000,9.3609,30
3603,34348.0000,897.1827,473.3026,15.0000,34542.1445,-0.0000,717.5797,15.0000,0,0,-1,0.0000,34542.1445,-0.0000,717.5797,15.0000,29
3604,34360.0000,1000.0000,329.8493,14.5432,34612.9883,-0.0000,601.6959,14.5432,0,0,-1,0.0000,34612.9883,-0.0000,601.6959,14.5432,28
3605,34365.0000,149.2912,1000.0000,11.3018,34648.1367,603.4148,-0.0000,11.3018,0,0,-1,0.0000,34648.1367,603.4148,-0.0000,11.3018,28
3606,34377.0000,543.1626,1000.0000,8.9479,34698.9688,105.4415,-0.0000,8.9479,0,0,-1,0.0000,34698.9688,105.4415,-0.0000,8.9479,29
3607,34389.0000,228.0827,0.0000,14.4825,34746.2188,1000.0000,863.8114,14.4825,0,0,-1,0.0000,34746.2188,1000.0000,863.8114,14.4825,28
3608,34402.0000,646.3922,1000.0000,9.9509,34654.1602,76.4198,-0.0000,9.9509,0,0,-1,0.0000,34654.1602,76.4198,-0.0000,9.9509,29
3609,34409.0000,459.1858,37.2339,15.0000,34702.4453,591.1974,1000.0000,15.0000,0,0,-1,0.0000,34702.4453,591.1974,1000.0000,15.0000,29
3610,34418.0000,1000.0000,172.6298,8.6202,34798.8320,-0.0000,752.4644,8.6202,0,0,-1,0.0000,34798.8320,-0.0000,752.4644,8.6202,28
3611,34429.0000,466.7437,316.1186,15.0000,34620.2812,711.7129,1000.0000,15.0000,0,0,-1,0.0000,34620.2812,711.7129,1000.0000,15.0000,28
3612,34443.0000,315.9726,639.2591,8.0000,34636.0742,973.6772,-0.0000,8.0000,0,0,-1,0.0000,34636.0742,973.6772,-0.0000,8.0000,28
3613,34455.0000,224.7851,330.6148,8.0000,34631.5430,999.9999,502.4048,8.0000,0,0,-1,0.0000,34631.5430,999.9999,502.4048,8.0000,26
3614,34464.0000,386.2478,756.3900,15.0000,34683.3008,955.3068,-0.0000,15.0000,0,0,-1,0.0000,34683.3008,955.3068,-0.0000,15.0000,27
3615,34469.0000,826.3316,1000.0000,11.0152,34694.5820,556.4365,-0.0000,11.0152,0,0,-1,0.0000,34694.5820,556.4365,-0.0000,11.0152,27
3616,34475.0000,0.0000,26.9660,12.9650,34923.2461,999.9999,959.2274,12.9650,0,0,-1,0.0000,34923.2461,999.9999,959.2274,12.9650,26
3617,34489.0000,588.5649,0.0000,10.7926,34766.3086,166.8436,999.9999,10.7926,0,0,-1,0.0000,34766.3086,166.8436,999.9999,10.7926,27
3618,34497.0000,1000.0000,372.1298,11.3727,34764.8125,-0.0000,783.1335,11.3727,0,0,-1,0.0000,34764.8125,-0.0000,783.1335,11.3727,28
3619,34508.0000,828.4495,0.0000,10.9220,34719.8867,580.4471,1000.0001,10.9220,0,0,-1,0.0000,34719.8867,580.4471,1000.0001,10.9220,29
3620,34518.0000,376.8186,785.8191,15.0000,34750.3242,1000.0001,123.4461,15.0000,0,0,-1,0.0000,34750.3242,1000.0001,123.4461,15.0000,30
3621,34526.0000,978.5403,0.0000,13.4936,34766.4844,407.6278,1000.0001,13.4936,0,0,-1,0.0000,34766.4844,407.6278,1000.0001,13.4936,30
3622,34531.0000,254.9427,0.0000,13.3310,34763.1133,654.9226,1000.0000,13.3310,0,0,-1,0.0000,34763.1133,654.9226,1000.0000,13.3310,31
3623,34538.0000,0.0000,201.8595,9.7243,34880.9805,996.2908,1000.0000,9.7243,0,0,-1,0.0000,34880.9805,996.2908,1000.0000,9.7243,32
3624,34543.0000,1000.0000,413.6870,12.4050,34790.1016,-0.0000,849.0424,12.4050,0,0,-1,0.0000,34790.1016,-0.0000,849.0424,12.4050,32
3625,34553.0000,26.7973,426.6140,15.0000,34784.7461,1000.0000,420.4364,15.0000,0,0,-1,0.0000,34784.7461,1000.0000,420.4364,15.0000,32
3626,34567.0000,125.3250,0.0000,13.0371,34878.0742,1000.0000,582.2415,13.0371,0,0,-1,0.0000,34878.0742,1000.0000,582.2415,13.0371,32
3627,34577.0000,376.2602,1000.0000,10.8497,34869.3320,569.5917,-0.0000,10.8497,0,0,-1,0.0000,34869.3320,569.5917,-0.0000,10.8497,31
3628,34583.0000,919.0098,0.0000,12.1709,34922.1992,420.2757,1000.0000,12.1709,0,0,-1,0.0000,34922.1992,420.2757,1000.0000,12.1709,32
3629,34589.0000,730.8276,1000.0000,8.2722,34892.6055,582.7391,-0.0000,8.2722,0,0,-1,0.0000,34892.6055,582.7391,-0.0000,8.2722,31
3630,34594.0000,1000.0000,485.8834,9.4464,34910.1797,-0.0000,649.2229,9.4464,0,0,-1,0.0000,34910.1797,-0.0000,649.2229,9.4464,31
3631,34604.0000,0.0000,779.1303,10.8391,34833.5820,1000.0000,373.0847,10.8391,0,0,-1,0.0000,34833.5820,1000.0000,373.0847,10.8391,31
3632,34612.0000,1000.0000,451.3813,14.6310,34844.4766,-0.0000,386.9199,14.6310,0,0,-1,0.0000,34844.4766,-0.0000,386.9199,14.6310,32
3633,34626.0000,1000.0000,450.4673,9.9616,34872.2148,-0.0000,275.7593,9.9616,0,0,-1,0.0000,34872.2148,-0.0000,275.7593,9.9616,30
3634,34639.0000,929.9234,1000.0000,8.6754,34938.6797,362.5379,-0.0000,8.6754,0,0,-1,0.0000,34938.6797,362.5379,-0.0000,8.6754,28
3635,34651.0000,1000.0000,393.3281,10.4077,34948.3359,-0.0000,263.6783,10.4077,0,0,-1,0.0000,34948.3359,-0.0000,263.6783,10.4077,28
3636,34664.0000,725.3035,1000.0000,14.3027,34884.5273,481.9056,-0.0000,14.3027,0,0,-1,0.0000,34884.5273,481.9056,-0.0000,14.3027,27
3637,34677.0000,985.5464,1000.0000,8.8407,34930.1094,-0.0000,292.0526,8.8407,0,0,-1,0.0000,34930.1094,-0.0000,292.0526,8.8407,28
3638,34686.0000,1000.0000,911.8281,14.1577,35025.0547,293.1695,-0.0000,14.1577,0,0,-1,0.0000,35025.0547,293.1695,-0.0000,14.1577,28
3639,34696.0000,1000.0000,549.6852,14.6541,34972.8047,-0.0000,487.1179,14.6541,0,0,-1,0.0000,34972.8047,-0.0000,487.1179,14.6541,28
3640,34706.0000,588.7972,128.6164,15.0000,34965.6328,447.3372,999.9999,15.0000,0,0,-1,0.0000,34965.6328,447.3372,999.9999,15.0000,27
3641,34719.0000,0.0000,812.4779,12.0547,34966.9805,1000.0000,262.8091,12.0547,0,0,-1,0.0000,34966.9805,1000.0000,262.8091,12.0547,28
3642,34732.0000,191.5197,0.0000,14.7634,35014.5234,1000.0000,679.1798,14.7634,0,0,-1,0.0000,35014.5234,1000.0000,679.1798,14.7634,28
3643,34738.0000,441.1779,386.2858,8.0000,34888.5430,581.5016,1000.0000,8.0000,0,0,-1,0.0000,34888.5430,581.5016,1000.0000,8.0000,29
3644,34749.0000,465.7354,787.7758,15.0000,34990.8320,498.4666,-0.0000,15.0000,0,0,-1,0.0000,34990.8320,498.4666,-0.0000,15.0000,29
3645,34762.0000,82.6134,758.8813,15.0000,35076.2930,999.9999,302.3485,15.0000,0,0,-1,0.0000,35076.2930,999.9999,302.3485,15.0000,29
3646,34772.0000,0.0000,966.9667,11.3506,35045.6094,725.1504,-0.0000,11.3506,0,0,-1,0.0000,35045.6094,725.1504,-0.0000,11.3506,26
3647,34780.0000,154.4567,454.3187,15.0000,34961.0039,999.9999,445.2894,15.0000,0,0,-1,0.0000,34961.0039,999.9999,445.2894,15.0000,27
3648,34792.0000,594.7991,403.9360,8.0000,35006.2734,144.0177,1000.0000,8.0000,0,0,-1,0.0000,35006.2734,144.0177,1000.0000,8.0000,26
3649,34800.0000,913.4740,173.3758,15.0000,35109.8828,-0.0000,545.2164,15.0000,0,0,-1,0.0000,35109.8828,-0.0000,545.2164,15.0000,26
3650,34812.0000,529.7192,80.1058,8.0000,35027.0898,726.3035,999.9999,8.0000,0,0,-1,0.0000,35027.0898,726.3035,999.9999,8.0000,27
3651,34819.0000,0.0000,942.8486,13.9481,35065.9219,999.9999,323.8994,13.9481,0,0,-1,0.0000,35065.9219,999.9999,323.8994,13.9481,28
3652,34831.0000,236.3836,755.7810,8.0000,35040.4727,677.6813,-0.0000,8.0000,0,0,-1,0.0000,35040.4727,677.6813,-0.0000,8.0000,29
3653,34837.0000,313.4828,531.6563,8.0000,35005.6094,1000.0000,503.4830,8.0000,0,0,-1,0.0000,35005.6094,1000.0000,503.4830,8.0000,29
3654,34847.0000,317.2494,212.6546,15.0000,35167.1250,1000.0001,924.9376,15.0000,0,0,-1,0.0000,35167.1250,1000.0001,924.9376,15.0000,29
3655,34860.0000,1000.0000,334.1274,13.3658,35137.6367,-0.0000,336.6543,13.3658,0,0,-1,0.0000,35137.6367,-0.0000,336.6543,13.3658,30
3656,34873.0000,1000.0000,540.2789,13.4484,35148.3164,-0.0000,218.6635,13.4484,0,0,-1,0.0000,35148.3164,-0.0000,218.6635,13.4484,29
3657,34887.0000,77.1669,57.8647,8.0000,35249.5742,676.0367,1000.0000,8.0000,0,0,-1,0.0000,35249.5742,676.0367,1000.0000,8.0000,27
3658,34896.0000,459.2455,1000.0000,8.0730,35143.2148,424.7372,-0.0000,8.0730,0,0,-1,0.0000,35143.2148,424.7372,-0.0000,8.0730,26
3659,34902.0000,754.2203,0.0000,8.1999,35154.6992,431.2600,1000.0000,8.1999,0,0,-1,0.0000,35154.6992,431.2600,1000.0000,8.1999,27
3660,34916.0000,122.1670,577.9250,15.0000,35149.5977,999.9999,434.8273,15.0000,0,0,-1,0.0000,35149.5977,999.9999,434.8273,15.0000,27
3661,34925.0000,462.4595,136.8484,15.0000,35183.3594,376.8699,1000.0000,15.0000,0,0,-1,0.0000,35183.3594,376.8699,1000.0000,15.0000,26
3662,34936.0000,3.7423,592.6486,15.0000,35146.9180,999.9999,585.3333,15.0000,0,0,-1,0.0000,35146.9180,999.9999,585.3333,15.0000,26
3663,34943.0000,312.2907,1000.0000,12.0010,35163.1367,351.2118,-0.0000,12.0010,0,0,-1,0.0000,35163.1367,351.2118,-0.0000,12.0010,26
3664,34949.0000,551.0078,395.1304,15.0000,35112.1133,194.5281,1000.0001,15.0000,0,0,-1,0.0000,35112.1133,194.5281,1000.0001,15.0000,26
3665,34963.0000,277.6713,458.8408,15.0000,35120.0195,1000.0000,424.4423,15.0000,0,0,-1,0.0000,35120.0195,1000.0000,424.4423,15.0000,26
3666,34977.0000,831.1188,1000.0000,9.0290,35333.9531,-0.0000,148.7674,9.0290,0,0,-1,0.0000,35333.9531,-0.0000,148.7674,9.0290,24
3667,34987.0000,1000.0000,701.1871,13.8196,35270.0234,-0.0000,662.7614,13.8196,0,0,-1,0.0000,35270.0234,-0.0000,662.7614,13.8196,25
3668,34994.0000,0.0000,742.0101,8.3952,35347.2070,1000.0000,71.9363,8.3952,0,0,-1,0.0000,35347.2070,1000.0000,71.9363,8.3952,25
3669,34999.0000,1000.0000,929.1885,14.1189,35250.1055,470.8997,-0.0000,14.1189,0,0,-1,0.0000,35250.1055,470.8997,-0.0000,14.1189,26
3670,35011.0000,111.6133,868.4962,15.0000,35365.9688,1000.0000,61.8026,15.0000,0,0,-1,0.0000,35365.9688,1000.0000,61.8026,15.0000,25
3671,35016.0000,1000.0000,863.4321,10.4738,35379.2148,177.5652,-0.0000,10.4738,0,0,-1,0.0000,35379.2148,177.5652,-0.0000,10.4738,25
3672,35024.0000,0.0000,279.4144,10.8571,35328.3242,778.2542,1000.0001,10.8571,0,0,-1,0.0000,35328.3242,778.2542,1000.0001,10.8571,26
3673,35031.0000,380.3354,0.0000,11.7517,35273.6289,660.2419,1000.0000,11.7517,0,0,-1,0.0000,35273.6289,660.2419,1000.0000,11.7517,25
3674,35040.0000,0.0000,410.3487,10.6786,35284.4531,999.9999,766.8276,10.6786,0,0,-1,0.0000,35284.4531,999.9999,766.8276,10.6786,26
3675,35045.0000,110.6367,824.1567,15.0000,35282.0117,879.8909,-0.0000,15.0000,0,0,-1,0.0000,35282.0117,879.8909,-0.0000,15.0000,26
3676,35054.0000,0.0000,584.8674,13.3906,35307.6602,1000.0000,135.7780,13.3906,0,0,-1,0.0000,35307.6602,1000.0000,135.7780,13.3906,26
3677,35064.0000,169.8994,828.6601,8.0000,35324.3047,895.6544,-0.0000,8.0000,0,0,-1,0.0000,35324.3047,895.6544,-0.0000,8.0000,27
3678,35071.0000,59.8153,0.0000,9.2347,35459.3867,743.6425,1000.0000,9.2347,0,0,-1,0.0000,35459.3867,743.6425,1000.0000,9.2347,27
3679,35084.0000,1000.0000,959.0576,13.1174,35483.2539,-0.0000,262.9893,13.1174,0,0,-1,0.0000,35483.2539,-0.0000,262.9893,13.1174,27
3680,35095.0000,368.7603,0.0000,12.4262,35307.2148,607.6465,1000.0000,12.4262,0,0,-1,0.0000,35307.2148,607.6465,1000.0000,12.4262,28
3681,35102.0000,107.3181,0.0000,11.9642,35346.8711,1000.0000,822.3813,11.9642,0,0,-1,0.0000,35346.8711,1000.0000,822.3813,11.9642,29
3682,35114.0000,774.8951,0.0000,14.0173,35431.1992,-0.0000,810.8696,14.0173,0,0,-1,0.0000,35431.1992,-0.0000,810.8696,14.0173,28
3683,35122.0000,76.8020,379.4824,8.0000,35359.1719,999.9999,942.7358,8.0000,0,0,-1,0.0000,35359.1719,999.9999,942.7358,8.0000,28
3684,35132.0000,1000.0000,255.8651,14.5922,35389.0039,-0.0000,376.4296,14.5922,0,0,-1,0.0000,35389.0039,-0.0000,376.4296,14.5922,29
3685,35144.0000,1000.0000,392.5964,9.9550,35376.5039,-0.0000,676.7172,9.9550,0,0,-1,0.0000,35376.5039,-0.0000,676.7172,9.9550,28
3686,35157.0000,288.4519,317.6077,15.0000,35360.3672,676.0063,1000.0000,15.0000,0,0,-1,0.0000,35360.3672,676.0063,1000.0000,15.0000,25
3687,35164.0000,97.7879,244.1888,15.0000,35439.9727,861.5809,1000.0000,15.0000,0,0,-1,0.0000,35439.9727,861.5809,1000.0000,15.0000,25
3688,35176.0000,0.0000,817.5455,12.4307,35404.0273,999.9999,337.9930,12.4307,0,0,-1,0.0000,35404.0273,999.9999,337.9930,12.4307,25
3689,35187.0000,0.0000,981.7797,11.4684,35444.7227,816.7913,-0.0000,11.4684,0,0,-1,0.0000,35444.7227,816.7913,-0.0000,11.4684,25
3690,35196.0000,0.0000,284.5355,8.9081,35414.4961,999.9999,607.8116,8.9081,0,0,-1,0.0000,35414.4961,999.9999,607.8116,8.9081,26
3691,35206.0000,540.6636,309.6953,8.0000,35349.6289,523.4260,1000.0000,8.0000,0,0,-1,0.0000,35349.6289,523.4260,1000.0000,8.0000,27
3692,35217.0000,0.0000,122.9108,14.3694,35590.2578,1000.0001,912.1555,14.3694,0,0,-1,0.0000,35590.2578,1000.0001,912.1555,14.3694,28
3693,35231.0000,1000.0000,956.4011,10.1658,35540.8008,286.7371,-0.0000,10.1658,0,0,-1,0.0000,35540.8008,286.7371,-0.0000,10.1658,29
3694,35244.0000,1000.0000,438.8869,10.4222,35568.2109,-0.0000,608.9835,10.4222,0,0,-1,0.0000,35568.2109,-0.0000,608.9835,10.4222,30
3695,35249.0000,284.0044,1000.0000,8.6479,35468.9492,619.1273,-0.0000,8.6479,0,0,-1,0.0000,35468.9492,619.1273,-0.0000,8.6479,31
3696,35256.0000,829.8375,1000.0000,11.9877,35570.7070,222.4821,-0.0000,11.9877,0,0,-1,0.0000,35570.7070,222.4821,-0.0000,11.9877,30
3697,35267.0000,234.8158,56.6607,15.0000,35489.9336,632.6329,1000.0001,15.0000,0,0,-1,0.0000,35489.9336,632.6329,1000.0001,15.0000,31
3698,35278.0000,0.0000,877.9702,13.9791,35635.6094,902.7490,-0.0000,13.9791,0,0,-1,0.0000,35635.6094,902.7490,-0.0000,13.9791,30
3699,35283.0000,926.7966,337.3985,8.0000,35495.2578,-0.0000,366.2958,8.0000,0,0,-1,0.0000,35495.2578,-0.0000,366.2958,8.0000,30
3700,35293.0000,223.7281,0.0000,11.6599,35646.5391,742.3875,1000.0000,11.6599,0,0,-1,0.0000,35646.5391,742.3875,1000.0000,11.6599,30
3701,35299.0000,1000.0000,922.9318,9.8695,35582.4297,-0.0000,371.3934,9.8695,0,0,-1,0.0000,35582.4297,-0.0000,371.3934,9.8695,31
3702,35305.0000,877.1942,0.0000,12.8964,35557.3516,-0.0000,798.2286,12.8964,0,0,-1,0.0000,35557.3516,-0.0000,798.2286,12.8964,32
3703,35315.0000,0.0000,402.4543,14.6815,35583.8984,999.9999,464.1037,14.6815,0,0,-1,0.0000,35583.8984,999.9999,464.1037,14.6815,31
3704,35326.0000,67.0012,756.1021,8.0000,35609.3086,1000.0000,214.5017,8.0000,0,0,-1,0.0000,35609.3086,1000.0000,214.5017,8.0000,31
3705,35331.0000,1000.0000,351.9759,14.2627,35615.6055,-0.0000,568.1542,14.2627,0,0,-1,0.0000,35615.6055,-0.0000,568.1542,14.2627,31
3706,35338.0000,1000.0000,704.5918,11.3874,35687.6055,119.6870,-0.0000,11.3874,0,0,-1,0.0000,35687.6055,119.6870,-0.0000,11.3874,31
3707,35346.0000,490.1923,327.6670,8.0000,35547.9180,490.0652,1000.0000,8.0000,0,0,-1,0.0000,35547.9180,490.0652,1000.0000,8.0000,32
3708,35357.0000,650.9578,0.0000,10.4375,35594.7891,216.2886,1000.0000,10.4375,0,0,-1,0.0000,35594.7891,216.2886,1000.0000,10.4375,30
3709,35368.0000,831.2196,1000.0000,10.7907,35713.8516,315.1269,-0.0000,10.7907,0,0,-1,0.0000,35713.8516,315.1269,-0.0000,10.7907,28
3710,35382.0000,0.0000,281.1309,13.9308,35631.0859,800.8441,1000.0000,13.9308,0,0,-1,0.0000,35631.0859,800.8441,1000.0000,13.9308,27
3711,35393.0000,43.2927,93.0818,15.0000,35731.1914,910.6381,1000.0000,15.0000,0,0,-1,0.0000,35731.1914,910.6381,1000.0000,15.0000,27
3712,35403.0000,750.1403,0.0000,8.9869,35646.9492,375.9957,1000.0001,8.9869,0,0,-1,0.0000,35646.9492,375.9957,1000.0001,8.9869,28
3713,35409.0000,496.3285,0.0000,11.3986,35746.9453,307.0493,1000.0000,11.3986,0,0,-1,0.0000,35746.9453,307.0493,1000.0000,11.3986,28
3714,35421.0000,301.4912,386.2623,15.0000,35656.7969,1000.0000,682.2484,15.0000,0,0,-1,0.0000,35656.7969,1000.0000,682.2484,15.0000,28
3715,35434.0000,663.2198,383.2635,8.0000,35623.9883,-0.0000,596.8075,8.0000,0,0,-1,0.0000,35623.9883,-0.0000,596.8075,8.0000,28
3716,35447.0000,1000.0000,308.6830,8.4166,35789.9336,-0.0000,919.9893,8.4166,0,0,-1,0.0000,35789.9336,-0.0000,919.9893,8.4166,27
3717,35456.0000,1000.0000,848.3195,13.1803,35742.0938,-0.0000,39.5213,13.1803,0,0,-1,0.0000,35742.0938,-0.0000,39.5213,13.1803,28
3718,35466.0000,173.0601,0.0000,13.4438,35773.7344,795.1127,1000.0000,13.4438,0,0,-1,0.0000,35773.7344,795.1127,1000.0000,13.4438,28
3719,35471.0000,0.0000,641.2352,11.9062,35718.0039,1000.0000,116.9323,11.9062,0,0,-1,0.0000,35718.0039,1000.0000,116.9323,11.9062,28
3720,35483.0000,943.5914,1000.0000,10.9604,35719.4102,492.7404,-0.0000,10.9604,0,0,-1,0.0000,35719.4102,492.7404,-0.0000,10.9604,29
3721,35489.0000,847.4554,0.0000,12.5610,35784.0195,167.2906,1000.0001,12.5610,0,0,-1,0.0000,35784.0195,167.2906,1000.0001,12.5610,29
3722,35497.0000,0.0000,797.7757,10.1653,35787.7500,999.9999,395.5283,10.1653,0,0,-1,0.0000,35787.7500,999.9999,395.5283,10.1653,28
3723,35506.0000,616.9385,68.3849,8.0000,35794.3906,489.6484,1000.0001,8.0000,0,0,-1,0.0000,35794.3906,489.6484,1000.0001,8.0000,29
3724,35518.0000,472.3308,1000.0000,8.3168,35776.1875,767.6303,-0.0000,8.3168,0,0,-1,0.0000,35776.1875,767.6303,-0.0000,8.3168,30
3725,35532.0000,235.1437,692.9251,8.0000,35727.7148,1000.0001,371.1914,8.0000,0,0,-1,0.0000,35727.7148,1000.0001,371.1914,8.0000,31
3726,35541.0000,209.9322,1000.0000,14.4192,35871.2305,1000.0001,137.6879,14.4192,0,0,-1,0.0000,35871.2305,1000.0001,137.6879,14.4192,31
3727,35552.0000,949.5447,793.1968,15.0000,35810.4727,-0.0000,522.4932,15.0000,0,0,-1,0.0000,35810.4727,-0.0000,522.4932,15.0000,31
3728,35558.0000,334.6262,624.0054,8.0000,35719.5781,999.9999,208.3066,8.0000,0,0,-1,0.0000,35719.5781,999.9999,208.3066,8.0000,31
3729,35565.0000,550.5275,0.0000,8.6916,35872.1289,770.6394,1000.0000,8.6916,0,0,-1,0.0000,35872.1289,770.6394,1000.0000,8.6916,32
3730,35572.0000,899.7302,1000.0000,9.5075,35875.9453,-0.0000,165.3335,9.5075,0,0,-1,0.0000,35875.9453,-0.0000,165.3335,9.5075,31
3731,35580.0000,575.4995,0.0000,13.6659,35801.6133,163.2559,1000.0000,13.6659,0,0,-1,0.0000,35801.6133,163.2559,1000.0000,13.6659,32
3732,35591.0000,325.7524,304.6638,15.0000,35773.9102,1000.0000,829.6102,15.0000,0,0,-1,0.0000,35773.9102,1000.0000,829.6102,15.0000,30
3733,35605.0000,0.0000,161.2630,14.1706,35849.5742,1000.0000,706.8311,14.1706,0,0,-1,0.0000,35849.5742,1000.0000,706.8311,14.1706,30
3734,35613.0000,865.1862,890.4495,8.0000,35937.3242,-0.0000,323.2480,8.0000,0,0,-1,0.0000,35937.3242,-0.0000,323.2480,8.0000,30
3735,35621.0000,0.0000,894.1901,11.8402,36025.8906,839.5071,-0.0000,11.8402,0,0,-1,0.0000,36025.8906,839.5071,-0.0000,11.8402,30
3736,35632.0000,297.0379,1000.0000,13.1173,35906.6016,562.6268,-0.0000,13.1173,0,0,-1,0.0000,35906.6016,562.6268,-0.0000,13.1173,29
3737,35644.0000,869.0220,296.8951,15.0000,35867.2812,-0.0000,446.6292,15.0000,0,0,-1,0.0000,35867.2812,-0.0000,446.6292,15.0000,29
3738,35654.0000,119.0787,1000.0000,14.5201,36012.4766,1000.0001,133.3258,14.5201,0,0,-1,0.0000,36012.4766,1000.0001,133.3258,14.5201,28
3739,35665.0000,1000.0000,776.5184,8.3464,35926.2109,-0.0000,347.5998,8.3464,0,0,-1,0.0000,35926.2109,-0.0000,347.5998,8.3464,28
3740,35677.0000,366.4397,960.2496,8.0000,35967.8008,610.9443,-0.0000,8.0000,0,0,-1,0.0000,35967.8008,610.9443,-0.0000,8.0000,29
3741,35688.0000,969.0952,0.0000,10.0201,36001.8633,-0.0000,772.6931,10.0201,0,0,-1,0.0000,36001.8633,-0.0000,772.6931,10.0201,29
3742,35694.0000,272.9838,927.9992,8.0000,35996.0039,596.2780,-0.0000,8.0000,0,0,-1,0.0000,35996.0039,596.2780,-0.0000,8.0000,30
3743,35708.0000,846.7754,0.0000,11.4582,36029.6992,529.0160,1000.0000,11.4582,0,0,-1,0.0000,36029.6992,529.0160,1000.0000,11.4582,31
3744,35718.0000,1000.0000,479.5796,10.0883,35962.3945,-0.0000,261.2951,10.0883,0,0,-1,0.0000,35962.3945,-0.0000,261.2951,10.0883,31
3745,35724.0000,611.7658,0.0000,8.4584,35958.6250,366.1844,999.9999,8.4584,0,0,-1,0.0000,35958.6250,366.1844,999.9999,8.4584,29
3746,35737.0000,782.2585,0.0000,14.0782,36065.1523,-0.0000,895.5952,14.0782,0,0,-1,0.0000,36065.1523,-0.0000,895.5952,14.0782,28
3747,35746.0000,747.9528,771.4744,15.0000,36012.2695,-0.0000,274.5730,15.0000,0,0,-1,0.0000,36012.2695,-0.0000,274.5730,15.0000,28
3748,35754.0000,1000.0000,964.9110,12.7633,36033.9531,-0.0000,313.7701,12.7633,0,0,-1,0.0000,36033.9531,-0.0000,313.7701,12.7633,28
3749,35768.0000,234.5711,532.2675,8.0000,35987.7891,1000.0000,438.0460,8.0000,0,0,-1,0.0000,35987.7891,1000.0000,438.0460,8.0000,29
3750,35776.0000,0.0000,464.2254,10.7791,35984.5547,1000.0000,301.3940,10.7791,0,0,-1,0.0000,35984.5547,1000.0000,301.3940,10.7791,28
3751,35787.0000,962.7899,1000.0000,11.1017,36098.4023,-0.0000,264.4206,11.1017,0,0,-1,0.0000,36098.4023,-0.0000,264.4206,11.1017,27
3752,35799.0000,551.4116,1000.0000,11.6162,36012.7617,454.0295,-0.0000,11.6162,0,0,-1,0.0000,36012.7617,454.0295,-0.0000,11.6162,25
3753,35805.0000,0.0000,808.5889,9.5624,36119.4570,1000.0000,540.8828,9.5624,0,0,-1,0.0000,36119.4570,1000.0000,540.8828,9.5624,25
3754,35814.0000,540.1734,941.8186,8.0000,36025.7344,601.5527,-0.0000,8.0000,0,0,-1,0.0000,36025.7344,601.5527,-0.0000,8.0000,25
3755,35819.0000,478.4221,0.0000,14.3368,36038.4766,658.6766,999.9999,14.3368,0,0,-1,0.0000,36038.4766,658.6766,999.9999,14.3368,26
3756,35830.0000,360.6633,0.0000,14.9489,36121.8008,950.9301,1000.0001,14.9489,0,0,-1,0.0000,36121.8008,950.9301,1000.0001,14.9489,27
3757,35838.0000,1000.0000,505.5979,14.3472,36055.6289,-0.0000,156.2480,14.3472,0,0,-1,0.0000,36055.6289,-0.0000,156.2480,14.3472,28
3758,35845.0000,1000.0000,464.6813,11.1527,36065.8516,-0.0000,238.7861,11.1527,0,0,-1,0.0000,36065.8516,-0.0000,238.7861,11.1527,29
3759,35852.0000,585.0117,254.0514,8.0000,36087.5312,310.5655,999.9999,8.0000,0,0,-1,0.0000,36087.5312,310.5655,999.9999,8.0000,29
3760,35863.0000,1000.0000,175.1247,13.2507,36116.8086,-0.0000,909.1963,13.2507,0,0,-1,0.0000,36116.8086,-0.0000,909.1963,13.2507,30
3761,35868.0000,1000.0000,362.2748,11.9590,36076.4141,-0.0000,611.5327,11.9590,0,0,-1,0.0000,36076.4141,-0.0000,611.5327,11.9590,30
3762,35874.0000,257.2589,379.9503,8.0000,36126.2891,1000.0000,757.1298,8.0000,0,0,-1,0.0000,36126.2891,1000.0000,757.1298,8.0000,29
3763,35880.0000,0.0000,407.2784,14.0974,36161.4727,1000.0000,372.2654,14.0974,0,0,-1,0.0000,36161.4727,1000.0000,372.2654,14.0974,29
3764,35888.0000,864.4671,386.4227,15.0000,36127.2852,-0.0000,978.7982,15.0000,0,0,-1,0.0000,36127.2852,-0.0000,978.7982,15.0000,30
3765,35902.0000,665.8021,508.5346,15.0000,36069.1953,-0.0000,239.9198,15.0000,0,0,-1,0.0000,36069.1953,-0.0000,239.9198,15.0000,31
3766,35908.0000,788.6363,1000.0000,9.2146,36235.0078,-0.0000,22.4056,9.2146,0,0,-1,0.0000,36235.0078,-0.0000,22.4056,9.2146,31
3767,35914.0000,907.9846,1000.0000,10.5657,36173.7578,315.4763,-0.0000,10.5657,0,0,-1,0.0000,36173.7578,315.4763,-0.0000,10.5657,32
3768,35919.0000,0.0000,731.9050,14.1055,36198.8477,1000.0000,313.8750,14.1055,0,0,-1,0.0000,36198.8477,1000.0000,313.8750,14.1055,33
3769,35926.0000,201.7668,0.0000,14.8832,36149.2266,612.3604,999.9999,14.8832,0,0,-1,0.0000,36149.2266,612.3604,999.9999,14.8832,34
3770,35933.0000,912.8307,141.2328,15.0000,36182.9023,-0.0000,822.9682,15.0000,0,0,-1,0.0000,36182.9023,-0.0000,822.9682,15.0000,34
3771,35939.0000,0.0000,845.0552,8.8678,36208.4688,1000.0000,300.7835,8.8678,0,0,-1,0.0000,36208.4688,1000.0000,300.7835,8.8678,34
3772,35952.0000,1000.0000,885.8080,14.4645,36203.4570,-0.0000,145.6096,14.4645,0,0,-1,0.0000,36203.4570,-0.0000,145.6096,14.4645,35
3773,35961.0000,754.1459,1000.0000,10.9318,36324.2617,114.1630,-0.0000,10.9318,0,0,-1,0.0000,36324.2617,114.1630,-0.0000,10.9318,35
3774,35968.0000,326.4341,1000.0000,11.8712,36193.2734,1000.0000,165.0765,11.8712,0,0,-1,0.0000,36193.2734,1000.0000,165.0765,11.8712,34
3775,35978.0000,94.0343,0.0000,13.3767,36374.7930,783.6922,1000.0001,13.3767,0,0,-1,0.0000,36374.7930,783.6922,1000.0001,13.3767,35
3776,35988.0000,332.4547,1000.0000,12.0185,36223.7617,873.6118,-0.0000,12.0185,0,0,-1,0.0000,36223.7617,873.6118,-0.0000,12.0185,34
3777,36000.0000,0.0000,855.6014,8.8330,36274.6133,736.2401,-0.0000,8.8330,0,0,-1,0.0000,36274.6133,736.2401,-0.0000,8.8330,34
3778,36011.0000,193.8733,1000.0000,13.8149,36332.7539,1000.0001,215.8823,13.8149,0,0,-1,0.0000,36332.7539,1000.0001,215.8823,13.8149,34
3779,36024.0000,0.0000,159.1583,11.6128,36383.1719,706.0021,999.9999,11.6128,0,0,-1,0.0000,36383.1719,706.0021,999.9999,11.6128,32
3780,36031.0000,904.5957,1000.0000,11.9475,36384.1406,-0.0000,400.4556,11.9475,0,0,-1,0.0000,36384.1406,-0.0000,400.4556,11.9475,30
3781,36036.0000,1000.0000,705.2428,10.3257,36315.8125,4.7056,-0.0000,10.3257,0,0,-1,0.0000,36315.8125,4.7056,-0.0000,10.3257,30
3782,36048.0000,783.1490,0.0000,12.5524,36358.9961,537.4744,999.9999,12.5524,0,0,-1,0.0000,36358.9961,537.4744,999.9999,12.5524,30
3783,36061.0000,482.6593,1000.0000,10.8134,36391.1289,788.5006,-0.0000,10.8134,0,0,-1,0.0000,36391.1289,788.5006,-0.0000,10.8134,30
3784,36074.0000,0.0000,805.4912,14.4414,36291.6406,1000.0001,424.8402,14.4414,0,0,-1,0.0000,36291.6406,1000.0001,424.8402,14.4414,28
3785,36082.0000,978.4762,854.8712,8.0000,36411.3984,-0.0000,359.7229,8.0000,0,0,-1,0.0000,36411.3984,-0.0000,359.7229,8.0000,28
3786,36093.0000,518.5045,678.9484,8.0000,36307.9258,282.7114,-0.0000,8.0000,0,0,-1,0.0000,36307.9258,282.7114,-0.0000,8.0000,28
3787,36106.0000,0.0000,595.0282,11.0538,36450.0664,999.9999,153.8397,11.0538,0,0,-1,0.0000,36450.0664,999.9999,153.8397,11.0538,28
3788,36111.0000,0.0000,655.1373,8.6482,36373.4180,1000.0001,290.4505,8.6482,0,0,-1,0.0000,36373.4180,1000.0001,290.4505,8.6482,29
3789,36116.0000,0.0000,513.4771,9.1404,36351.0742,1000.0000,761.5796,9.1404,0,0,-1,0.0000,36351.0742,1000.0000,761.5796,9.1404,30
3790,36128.0000,144.8780,588.8930,15.0000,36387.7930,1000.0000,676.9084,15.0000,0,0,-1,0.0000,36387.7930,1000.0000,676.9084,15.0000,26
3791,36138.0000,0.0000,277.7586,9.8888,36422.4609,862.0284,999.9999,9.8888,0,0,-1,0.0000,36422.4609,862.0284,999.9999,9.8888,27
3792,36149.0000,0.0000,568.1219,13.8191,36356.4062,1000.0000,564.0753,13.8191,0,0,-1,0.0000,36356.4062,1000.0000,564.0753,13.8191,28
3793,36157.0000,786.3767,0.0000,12.5698,36410.0586,-0.0000,937.8995,12.5698,0,0,-1,0.0000,36410.0586,-0.0000,937.8995,12.5698,28
3794,36169.0000,521.1409,469.3428,15.0000,36380.3477,-0.0000,989.7960,15.0000,0,0,-1,0.0000,36380.3477,-0.0000,989.7960,15.0000,28
3795,36183.0000,551.8835,0.0000,11.6927,36430.4727,217.8831,1000.0000,11.6927,0,0,-1,0.0000,36430.4727,217.8831,1000.0000,11.6927,27
3796,36192.0000,332.9056,1000.0000,14.3670,36421.9922,530.0844,-0.0000,14.3670,0,0,-1,0.0000,36421.9922,530.0844,-0.0000,14.3670,28
3797,36203.0000,34.6826,941.4076,15.0000,36475.8516,1000.0000,139.7631,15.0000,0,0,-1,0.0000,36475.8516,1000.0000,139.7631,15.0000,27
3798,36214.0000,342.1119,165.4476,15.0000,36471.2305,1000.0001,920.5415,15.0000,0,0,-1,0.0000,36471.2305,1000.0001,920.5415,15.0000,26
3799,36225.0000,896.3188,293.1953,8.0000,36482.6445,-0.0000,656.7504,8.0000,0,0,-1,0.0000,36482.6445,-0.0000,656.7504,8.0000,26
3800,36234.0000,699.1398,453.9936,15.0000,36410.3789,-0.0000,394.5207,15.0000,0,0,-1,0.0000,36410.3789,-0.0000,394.5207,15.0000,27
3801,36243.0000,241.2608,0.0000,12.3591,36551.7461,1000.0000,774.3641,12.3591,0,0,-1,0.0000,36551.7461,1000.0000,774.3641,12.3591,27
3802,36256.0000,701.9601,839.5968,8.0000,36565.7070,-0.0000,78.2351,8.0000,0,0,-1,0.0000,36565.7070,-0.0000,78.2351,8.0000,28
3803,36261.0000,478.4137,0.0000,13.6901,36466.4922,605.1049,1000.0000,13.6901,0,0,-1,0.0000,36466.4922,605.1049,1000.0000,13.6901,29
3804,36268.0000,480.3044,0.0000,8.7254,36500.6406,787.1753,1000.0001,8.7254,0,0,-1,0.0000,36500.6406,787.1753,1000.0001,8.7254,30
3805,36274.0000,0.0000,662.9702,13.0286,36511.3906,1000.0001,50.0820,13.0286,0,0,-1,0.0000,36511.3906,1000.0001,50.0820,13.0286,31
3806,36285.0000,228.4469,383.6566,8.0000,36499.7461,905.3951,1000.0001,8.0000,0,0,-1,0.0000,36499.7461,905.3951,1000.0001,8.0000,31
3807,36299.0000,822.0758,174.2375,8.0000,36601.6328,-0.0000,602.4329,8.0000,0,0,-1,0.0000,36601.6328,-0.0000,602.4329,8.0000,31
3808,36313.0000,275.4933,0.0000,12.5808,36548.9688,458.4744,999.9999,12.5808,0,0,-1,0.0000,36548.9688,458.4744,999.9999,12.5808,31
3809,36327.0000,475.0733,526.4120,15.0000,36472.0703,887.4976,-0.0000,15.0000,0,0,-1,0.0000,36472.0703,887.4976,-0.0000,15.0000,30
3810,36337.0000,189.7326,74.8249,15.0000,36582.2188,1000.0001,703.6140,15.0000,0,0,-1,0.0000,36582.2188,1000.0001,703.6140,15.0000,30
3811,36348.0000,268.1967,1000.0000,13.1144,36607.7852,386.4867,-0.0000,13.1144,0,0,-1,0.0000,36607.7852,386.4867,-0.0000,13.1144,31
3812,36361.0000,253.8638,0.0000,9.7097,36670.1680,1000.0000,785.2128,9.7097,0,0,-1,0.0000,36670.1680,1000.0000,785.2128,9.7097,29
3813,36372.0000,1000.0000,70.7605,11.0568,36611.4648,-0.0000,618.9503,11.0568,0,0,-1,0.0000,36611.4648,-0.0000,618.9503,11.0568,30
3814,36383.0000,506.3233,726.0798,8.0000,36543.1797,312.6996,-0.0000,8.0000,0,0,-1,0.0000,36543.1797,312.6996,-0.0000,8.0000,28
3815,36390.0000,1000.0000,73.9059,11.1211,36639.0820,-0.0000,701.5777,11.1211,0,0,-1,0.0000,36639.0820,-0.0000,701.5777,11.1211,26
3816,36404.0000,239.5791,47.9589,15.0000,36705.7500,764.1456,1000.0001,15.0000,0,0,-1,0.0000,36705.7500,764.1456,1000.0001,15.0000,26
3817,36412.0000,1000.0000,341.6901,13.9819,36668.6211,-0.0000,334.8815,13.9819,0,0,-1,0.0000,36668.6211,-0.0000,334.8815,13.9819,24
3818,36424.0000,37.6787,869.0537,15.0000,36652.3594,575.0900,-0.0000,15.0000,0,0,-1,0.0000,36652.3594,575.0900,-0.0000,15.0000,23
3819,36437.0000,486.3627,0.0000,12.6783,36743.2344,487.6841,1000.0000,12.6783,0,0,-1,0.0000,36743.2344,487.6841,1000.0000,12.6783,23
3820,36443.0000,305.1059,0.0000,11.4219,36645.2266,372.1875,1000.0000,11.4219,0,0,-1,0.0000,36645.2266,372.1875,1000.0000,11.4219,24
3821,36448.0000,1000.0000,775.5326,12.5098,36710.9453,-0.0000,580.9013,12.5098,0,0,-1,0.0000,36710.9453,-0.0000,580.9013,12.5098,25
3822,36461.0000,439.5228,0.0000,12.0246,36710.5039,689.7833,1000.0000,12.0246,0,0,-1,0.0000,36710.5039,689.7833,1000.0000,12.0246,25
3823,36467.0000,336.7289,1000.0000,13.4839,36680.5508,681.7853,-0.0000,13.4839,0,0,-1,0.0000,36680.5508,681.7853,-0.0000,13.4839,25
3824,36473.0000,372.2157,80.8111,15.0000,36721.9648,470.3128,1000.0000,15.0000,0,0,-1,0.0000,36721.9648,470.3128,1000.0000,15.0000,24
3825,36478.0000,279.0389,0.0000,14.4355,36701.4102,741.7564,999.9999,14.4355,0,0,-1,0.0000,36701.4102,741.7564,999.9999,14.4355,24
3826,36489.0000,36.6633,985.9213,8.0000,36743.0547,834.1365,-0.0000,8.0000,0,0,-1,0.0000,36743.0547,834.1365,-0.0000,8.0000,24
3827,36503.0000,0.0000,9.2764,13.9665,36812.1992,720.9094,1000.0000,13.9665,0,0,-1,0.0000,36812.1992,720.9094,1000.0000,13.9665,23
3828,36511.0000,422.2256,1000.0000,8.2679,36771.4688,924.2984,-0.0000,8.2679,0,0,-1,0.0000,36771.4688,924.2984,-0.0000,8.2679,24
3829,36517.0000,0.0000,511.6041,14.9750,36757.0273,1000.0000,221.1973,14.9750,0,0,-1,0.0000,36757.0273,1000.0000,221.1973,14.9750,24
3830,36522.0000,117.9246,16.7293,15.0000,36849.4531,636.5848,1000.0000,15.0000,0,0,-1,0.0000,36849.4531,636.5848,1000.0000,15.0000,25
3831,36529.0000,550.2441,586.3344,15.0000,36732.8438,-0.0000,38.2187,15.0000,0,0,-1,0.0000,36732.8438,-0.0000,38.2187,15.0000,26
3832,36542.0000,764.7227,0.0000,11.1537,36861.0078,536.0895,1000.0000,11.1537,0,0,-1,0.0000,36861.0078,536.0895,1000.0000,11.1537,27
3833,36548.0000,99.4727,1000.0000,14.3219,36895.4141,900.9248,-0.0000,14.3219,0,0,-1,0.0000,36895.4141,900.9248,-0.0000,14.3219,27
3834,36556.0000,101.9787,469.9300,8.0000,36848.6992,1000.0000,836.4614,8.0000,0,0,-1,0.0000,36848.6992,1000.0000,836.4614,8.0000,26
3835,36563.0000,120.0197,744.5931,8.0000,36750.2891,999.9999,441.8712,8.0000,0,0,-1,0.0000,36750.2891,999.9999,441.8712,8.0000,27
3836,36574.0000,1000.0000,96.3423,10.8799,36819.7344,207.8647,1000.0000,10.8799,0,0,-1,0.0000,36819.7344,207.8647,1000.0000,10.8799,27
3837,36582.0000,0.0000,284.4409,9.8991,36819.1211,1000.0000,686.2640,9.8991,0,0,-1,0.0000,36819.1211,1000.0000,686.2640,9.8991,28
3838,36587.0000,0.0000,158.2327,8.7982,36901.2617,913.9356,1000.0000,8.7982,0,0,-1,0.0000,36901.2617,913.9356,1000.0000,8.7982,28
3839,36597.0000,725.2645,265.4647,8.0000,36805.6836,-0.0000,700.9575,8.0000,0,0,-1,0.0000,36805.6836,-0.0000,700.9575,8.0000,29
3840,36610.0000,0.0000,529.1077,13.2915,36822.4648,999.9999,562.1152,13.2915,0,0,-1,0.0000,36822.4648,999.9999,562.1152,13.2915,28
3841,36624.0000,1000.0000,865.4830,9.0227,37011.6094,62.0747,-0.0000,9.0227,0,0,-1,0.0000,37011.6094,62.0747,-0.0000,9.0227,28
3842,36635.0000,1000.0000,416.3523,9.3660,36958.3008,-0.0000,295.8800,9.3660,0,0,-1,0.0000,36958.3008,-0.0000,295.8800,9.3660,29
3843,36643.0000,738.7130,274.6916,15.0000,36829.2930,340.5928,999.9999,15.0000,0,0,-1,0.0000,36829.2930,340.5928,999.9999,15.0000,29
3844,36656.0000,394.1514,0.0000,14.2844,36884.6562,305.7402,999.9999,14.2844,0,0,-1,0.0000,36884.6562,305.7402,999.9999,14.2844,28
3845,36663.0000,1000.0000,456.0472,9.4249,36944.9375,-0.0000,850.3426,9.4249,0,0,-1,0.0000,36944.9375,-0.0000,850.3426,9.4249,29
3846,36668.0000,638.2442,1000.0000,10.9467,36924.6406,524.1168,-0.0000,10.9467,0,0,-1,0.0000,36924.6406,524.1168,-0.0000,10.9467,30
3847,36674.0000,702.5873,362.0325,8.0000,36953.4844,-0.0000,978.3929,8.0000,0,0,-1,0.0000,36953.4844,-0.0000,978.3929,8.0000,29
3848,36679.0000,740.7538,1000.0000,9.1256,36945.9609,400.7009,-0.0000,9.1256,0,0,-1,0.0000,36945.9609,400.7009,-0.0000,9.1256,29
3849,36684.0000,1000.0000,548.7925,12.6202,36920.0391,-0.0000,204.2781,12.6202,0,0,-1,0.0000,36920.0391,-0.0000,204.2781,12.6202,29
3850,36692.0000,1000.0000,964.5665,13.7667,37012.8164,-0.0000,151.0632,13.7667,0,0,-1,0.0000,37012.8164,-0.0000,151.0632,13.7667,30
3851,36704.0000,275.4617,0.0000,8.0790,36959.2773,805.9200,1000.0000,8.0790,0,0,-1,0.0000,36959.2773,805.9200,1000.0000,8.0790,30
3852,36709.0000,748.4322,983.5720,15.0000,37031.4375,-0.0000,137.9422,15.0000,0,0,-1,0.0000,37031.4375,-0.0000,137.9422,15.0000,30
3853,36717.0000,396.2575,0.0000,9.6871,37015.2734,499.5353,1000.0000,9.6871,0,0,-1,0.0000,37015.2734,499.5353,1000.0000,9.6871,29
3854,36731.0000,1000.0000,443.4229,13.5537,36938.8516,-0.0000,349.1531,13.5537,0,0,-1,0.0000,36938.8516,-0.0000,349.1531,13.5537,29
3855,36743.0000,560.6816,640.9667,8.0000,36943.7266,258.8378,-0.0000,8.0000,0,0,-1,0.0000,36943.7266,258.8378,-0.0000,8.0000,29
3856,36755.0000,0.0000,52.1495,12.2983,36979.0664,1000.0000,513.8246,12.2983,0,0,-1,0.0000,36979.0664,1000.0000,513.8246,12.2983,27
3857,36762.0000,359.0504,760.3343,15.0000,36963.3438,536.0830,-0.0000,15.0000,0,0,-1,0.0000,36963.3438,536.0830,-0.0000,15.0000,27
3858,36774.0000,265.1796,1000.0000,12.1709,37031.8164,558.0083,-0.0000,12.1709,0,0,-1,0.0000,37031.8164,558.0083,-0.0000,12.1709,27
3859,36780.0000,886.4957,1000.0000,14.6083,37181.9062,-0.0000,1.5382,14.6083,0,0,-1,0.0000,37181.9062,-0.0000,1.5382,14.6083,28
3860,36785.0000,313.4545,1000.0000,13.2438,37092.8984,400.1154,-0.0000,13.2438,0,0,-1,0.0000,37092.8984,400.1154,-0.0000,13.2438,29
3861,36797.0000,276.2877,1000.0000,9.3736,37038.4336,865.3701,-0.0000,9.3736,0,0,-1,0.0000,37038.4336,865.3701,-0.0000,9.3736,30
3862,36807.0000,135.7280,460.0535,8.0000,37035.9219,1000.0000,748.5877,8.0000,0,0,-1,0.0000,37035.9219,1000.0000,748.5877,8.0000,30
3863,36815.0000,612.7238,245.9179,8.0000,37038.6445,310.8764,999.9999,8.0000,0,0,-1,0.0000,37038.6445,310.8764,999.9999,8.0000,30
3864,36821.0000,1000.0000,304.0950,13.2972,37022.4141,-0.0000,338.0226,13.2972,0,0,-1,0.0000,37022.4141,-0.0000,338.0226,13.2972,29
3865,36832.0000,525.5477,550.1375,15.0000,37009.3281,141.8229,-0.0000,15.0000,0,0,-1,0.0000,37009.3281,141.8229,-0.0000,15.0000,28
3866,36839.0000,555.5915,7.8161,15.0000,37056.5234,206.3636,1000.0000,15.0000,0,0,-1,0.0000,37056.5234,206.3636,1000.0000,15.0000,29
3867,36849.0000,0.0000,41.7516,11.9727,37125.3594,575.9954,1000.0000,11.9727,0,0,-1,0.0000,37125.3594,575.9954,1000.0000,11.9727,29
3868,36863.0000,678.1876,1000.0000,14.6150,37198.0078,531.0701,-0.0000,14.6150,0,0,-1,0.0000,37198.0078,531.0701,-0.0000,14.6150,28
3869,36876.0000,0.0000,109.3512,8.3202,37099.6758,1000.0000,504.3398,8.3202,0,0,-1,0.0000,37099.6758,1000.0000,504.3398,8.3202,29
3870,36890.0000,284.1100,235.2982,15.0000,37095.4883,1000.0000,769.2524,15.0000,0,0,-1,0.0000,37095.4883,1000.0000,769.2524,15.0000,29
3871,36895.0000,0.0000,187.3423,11.0258,37125.6992,648.3788,1000.0000,11.0258,0,0,-1,0.0000,37125.6992,648.3788,1000.0000,11.0258,30
3872,36907.0000,757.7736,142.8667,8.0000,37096.8320,-0.0000,689.2415,8.0000,0,0,-1,0.0000,37096.8320,-0.0000,689.2415,8.0000,29
3873,36918.0000,548.8924,1000.0000,8.4159,37237.9102,201.9188,-0.0000,8.4159,0,0,-1,0.0000,37237.9102,201.9188,-0.0000,8.4159,30
3874,36923.0000,1000.0000,470.0249,8.9990,37135.6172,-0.0000,332.0576,8.9990,0,0,-1,0.0000,37135.6172,-0.0000,332.0576,8.9990,30
3875,36930.0000,1000.0000,271.7989,11.0201,37218.3633,-0.0000,621.1337,11.0201,0,0,-1,0.0000,37218.3633,-0.0000,621.1337,11.0201,30
3876,36941.0000,0.0000,76.6699,11.0572,37244.2305,1000.0001,858.5748,11.0572,0,0,-1,0.0000,37244.2305,1000.0001,858.5748,11.0572,30
3877,36953.0000,558.1112,226.8301,8.0000,37136.3320,520.6168,1000.0001,8.0000,0,0,-1,0.0000,37136.3320,520.6168,1000.0001,8.0000,28
3878,36964.0000,215.9414,131.8084,15.0000,37236.9883,616.2451,999.9999,15.0000,0,0,-1,0.0000,37236.9883,616.2451,999.9999,15.0000,25
3879,36971.0000,1000.0000,225.0413,10.7604,37237.6797,-0.0000,541.0109,10.7604,0,0,-1,0.0000,37237.6797,-0.0000,541.0109,10.7604,26
3880,36984.0000,432.8250,855.5858,15.0000,37219.8242,936.3121,-0.0000,15.0000,0,0,-1,0.0000,37219.8242,936.3121,-0.0000,15.0000,26
3881,36991.0000,304.3968,363.3076,15.0000,37208.1133,1000.0000,743.8455,15.0000,0,0,-1,0.0000,37208.1133,1000.0000,743.8455,15.0000,27
3882,37003.0000,980.4496,497.2673,8.0000,37235.2734,-0.0000,554.7902,8.0000,0,0,-1,0.0000,37235.2734,-0.0000,554.7902,8.0000,28
3883,37012.0000,161.5537,282.7793,8.0000,37224.7344,1000.0001,626.1564,8.0000,0,0,-1,0.0000,37224.7344,1000.0001,626.1564,8.0000,27
3884,37020.0000,236.9851,0.0000,9.1212,37380.2812,1000.0000,902.0626,9.1212,0,0,-1,0.0000,37380.2812,1000.0000,902.0626,9.1212,26
3885,37029.0000,75.2496,241.6574,15.0000,37327.5898,1000.0000,583.0785,15.0000,0,0,-1,0.0000,37327.5898,1000.0000,583.0785,15.0000,26
3886,37037.0000,237.9107,909.1852,8.0000,37356.5469,1000.0000,207.4886,8.0000,0,0,-1,0.0000,37356.5469,1000.0000,207.4886,8.0000,24
3887,37044.0000,376.9340,1000.0000,11.9831,37291.4023,689.6741,-0.0000,11.9831,0,0,-1,0.0000,37291.4023,689.6741,-0.0000,11.9831,23
3888,37057.0000,209.2186,204.3325,15.0000,37286.4961,784.8094,1000.0000,15.0000,0,0,-1,0.0000,37286.4961,784.8094,1000.0000,15.0000,23
3889,37070.0000,859.9023,1000.0000,14.4287,37291.8711,573.6068,-0.0000,14.4287,0,0,-1,0.0000,37291.8711,573.6068,-0.0000,14.4287,24
3890,37076.0000,857.7073,91.3955,15.0000,37465.3945,-0.0000,948.9427,15.0000,0,0,-1,0.0000,37465.3945,-0.0000,948.9427,15.0000,25
3891,37090.0000,751.7328,1000.0000,10.9349,37465.3086,-0.0000,13.3984,10.9349,0,0,-1,0.0000,37465.3086,-0.0000,13.3984,10.9349,26
3892,37100.0000,0.0000,712.3550,14.7424,37319.4023,1000.0000,500.2565,14.7424,0,0,-1,0.0000,37319.4023,1000.0000,500.2565,14.7424,23
3893,37114.0000,466.6309,0.0000,12.3816,37342.8086,490.3618,1000.0001,12.3816,0,0,-1,0.0000,37342.8086,490.3618,1000.0001,12.3816,24
3894,37122.0000,39.3338,638.8436,8.0000,37415.4219,1000.0000,423.6714,8.0000,0,0,-1,0.0000,37415.4219,1000.0000,423.6714,8.0000,25
3895,37131.0000,183.5640,555.2856,15.0000,37317.5273,1000.0000,153.1100,15.0000,0,0,-1,0.0000,37317.5273,1000.0000,153.1100,15.0000,24
3896,37141.0000,609.6468,734.9007,15.0000,37340.2617,152.9381,-0.0000,15.0000,0,0,-1,0.0000,37340.2617,152.9381,-0.0000,15.0000,23
3897,37150.0000,1000.0000,640.2641,14.1787,37521.9922,-0.0000,46.3874,14.1787,0,0,-1,0.0000,37521.9922,-0.0000,46.3874,14.1787,24
3898,37161.0000,418.0982,0.0000,13.7545,37368.9023,512.5598,1000.0001,13.7545,0,0,-1,0.0000,37368.9023,512.5598,1000.0001,13.7545,25
3899,37172.0000,0.0000,672.2268,14.5301,37427.1992,999.9999,629.5366,14.5301,0,0,-1,0.0000,37427.1992,999.9999,629.5366,14.5301,26
3900,37181.0000,0.0000,51.7497,14.2490,37472.4727,1000.0000,779.3110,14.2490,0,0,-1,0.0000,37472.4727,1000.0000,779.3110,14.2490,27
3901,37192.0000,933.9482,643.9511,15.0000,37393.1836,-0.0000,596.8405,15.0000,0,0,-1,0.0000,37393.1836,-0.0000,596.8405,15.0000,27
3902,37206.0000,1000.0000,121.0489,13.8942,37431.7852,-0.0000,536.4340,13.8942,0,0,-1,0.0000,37431.7852,-0.0000,536.4340,13.8942,27
3903,37219.0000,77.8317,0.0000,12.7245,37468.4727,675.1154,1000.0000,12.7245,0,0,-1,0.0000,37468.4727,675.1154,1000.0000,12.7245,26
3904,37228.0000,378.7412,0.0000,13.7874,37444.0938,386.3952,1000.0000,13.7874,0,0,-1,0.0000,37444.0938,386.3952,1000.0000,13.7874,25
3905,37242.0000,661.3600,1000.0000,12.4934,37575.5430,187.0870,-0.0000,12.4934,0,0,-1,0.0000,37575.5430,187.0870,-0.0000,12.4934,22
3906,37248.0000,1000.0000,477.7064,14.2892,37516.5938,-0.0000,576.7017,14.2892,0,0,-1,0.0000,37516.5938,-0.0000,576.7017,14.2892,22
3907,37259.0000,498.0793,0.0000,8.9154,37512.0586,751.2711,999.9999,8.9154,0,0,-1,0.0000,37512.0586,751.2711,999.9999,8.9154,23
3908,37264.0000,560.7678,0.0000,8.5919,37545.4766,695.3504,999.9999,8.5919,0,0,-1,0.0000,37545.4766,695.3504,999.9999,8.5919,24
3909,37274.0000,218.5871,1000.0000,9.3315,37507.2578,432.7490,-0.0000,9.3315,0,0,-1,0.0000,37507.2578,432.7490,-0.0000,9.3315,25
3910,37281.0000,235.9973,1000.0000,10.8254,37543.5430,1000.0000,270.7419,10.8254,0,0,-1,0.0000,37543.5430,1000.0000,270.7419,10.8254,26
3911,37288.0000,743.1551,386.6628,15.0000,37554.0977,31.2661,999.9999,15.0000,0,0,-1,0.0000,37554.0977,31.2661,999.9999,15.0000,26
3912,37293.0000,0.0000,138.2684,13.2301,37669.7148,1000.0001,711.9998,13.2301,0,0,-1,0.0000,37669.7148,1000.0001,711.9998,13.2301,25
3913,37306.0000,130.1948,758.1281,8.0000,37524.6484,781.7652,-0.0000,8.0000,0,0,-1,0.0000,37524.6484,781.7652,-0.0000,8.0000,26
3914,37320.0000,1000.0000,932.0190,9.9944,37667.9414,-0.0000,55.7754,9.9944,0,0,-1,0.0000,37667.9414,-0.0000,55.7754,9.9944,25
3915,37332.0000,0.0000,607.3812,12.9980,37667.9492,1000.0000,161.0046,12.9980,0,0,-1,0.0000,37667.9492,1000.0000,161.0046,12.9980,25
3916,37339.0000,685.5706,0.0000,8.2864,37647.2227,425.7030,1000.0001,8.2864,0,0,-1,0.0000,37647.2227,425.7030,1000.0001,8.2864,26
3917,37347.0000,656.7518,0.0000,13.6294,37645.8828,460.3194,1000.0001,13.6294,0,0,-1,0.0000,37645.8828,460.3194,1000.0001,13.6294,25
3918,37359.0000,1000.0000,993.6221,11.4253,37660.3516,497.5655,-0.0000,11.4253,0,0,-1,0.0000,37660.3516,497.5655,-0.0000,11.4253,25
3919,37371.0000,282.0583,1000.0000,10.5413,37714.1094,835.9684,-0.0000,10.5413,0,0,-1,0.0000,37714.1094,835.9684,-0.0000,10.5413,25
3920,37380.0000,573.6414,1000.0000,9.8679,37747.4023,76.9228,-0.0000,9.8679,0,0,-1,0.0000,37747.4023,76.9228,-0.0000,9.8679,26
3921,37393.0000,1000.0000,570.0064,12.4687,37393.0000,1000.0000,570.0064,12.4687,0,0,-1,0.0000,37393.0000,1000.0000,570.0064,12.4687,26
3922,37404.0000,0.0000,420.3881,14.1328,37641.2070,999.9999,838.8190,14.1328,0,0,-1,0.0000,37641.2070,999.9999,838.8190,14.1328,25
3923,37413.0000,448.9758,1000.0000,8.9346,37644.4961,219.1758,-0.0000,8.9346,0,0,-1,0.0000,37644.4961,219.1758,-0.0000,8.9346,26
3924,37423.0000,164.5034,452.8957,15.0000,37675.1562,1000.0000,835.0298,15.0000,0,0,-1,0.0000,37675.1562,1000.0000,835.0298,15.0000,26
3925,37437.0000,798.0070,146.7643,8.0000,37634.6484,470.2762,1000.0001,8.0000,0,0,-1,0.0000,37634.6484,470.2762,1000.0001,8.0000,25
3926,37449.0000,0.0000,739.1112,14.5322,37711.6914,1000.0000,591.2502,14.5322,0,0,-1,0.0000,37711.6914,1000.0000,591.2502,14.5322,25
3927,37457.0000,277.1540,0.0000,11.6906,37668.0977,592.2512,1000.0001,11.6906,0,0,-1,0.0000,37668.0977,592.2512,1000.0001,11.6906,26
3928,37468.0000,0.0000,102.0689,9.5594,37737.5664,874.9598,1000.0000,9.5594,0,0,-1,0.0000,37737.5664,874.9598,1000.0000,9.5594,25
3929,37476.0000,180.7314,993.3160,8.0000,37837.1641,929.9482,-0.0000,8.0000,0,0,-1,0.0000,37837.1641,929.9482,-0.0000,8.0000,24
3930,37486.0000,331.3870,906.1002,15.0000,37768.8711,837.5838,-0.0000,15.0000,0,0,-1,0.0000,37768.8711,837.5838,-0.0000,15.0000,25
3931,37497.0000,499.1017,621.4366,8.0000,37676.1719,404.8685,-0.0000,8.0000,0,0,-1,0.0000,37676.1719,404.8685,-0.0000,8.0000,26
3932,37507.0000,812.9019,302.1689,8.0000,37702.1484,-0.0000,702.3569,8.0000,0,0,-1,0.0000,37702.1484,-0.0000,702.3569,8.0000,27
3933,37521.0000,716.3983,673.1034,8.0000,37753.4883,246.1837,-0.0000,8.0000,0,0,-1,0.0000,37753.4883,246.1837,-0.0000,8.0000,25
3934,37528.0000,441.6111,1000.0000,9.0305,37815.2969,445.7004,-0.0000,9.0305,0,0,-1,0.0000,37815.2969,445.7004,-0.0000,9.0305,24
3935,37541.0000,300.2172,0.0000,11.5621,37814.1328,478.2286,999.9999,11.5621,0,0,-1,0.0000,37814.1328,478.2286,999.9999,11.5621,25
3936,37549.0000,1000.0000,363.9754,9.6643,37769.3047,-0.0000,305.9801,9.6643,0,0,-1,0.0000,37769.3047,-0.0000,305.9801,9.6643,24
3937,37556.0000,731.2778,0.0000,9.3435,37782.4141,-0.0000,765.8078,9.3435,0,0,-1,0.0000,37782.4141,-0.0000,765.8078,9.3435,24
3938,37566.0000,1000.0000,574.7581,9.8578,37847.2383,-0.0000,142.7056,9.8578,0,0,-1,0.0000,37847.2383,-0.0000,142.7056,9.8578,25
3939,37578.0000,0.0000,659.0032,9.6732,37829.5898,1000.0000,653.3207,9.6732,0,0,-1,0.0000,37829.5898,1000.0000,653.3207,9.6732,25
3940,37589.0000,0.0000,380.1307,9.6390,37810.4844,1000.0001,752.8761,9.6390,0,0,-1,0.0000,37810.4844,1000.0001,752.8761,9.6390,26
3941,37602.0000,0.0000,429.4498,9.5248,37865.2461,1000.0001,472.5500,9.5248,0,0,-1,0.0000,37865.2461,1000.0001,472.5500,9.5248,27
3942,37614.0000,702.0546,0.0000,9.8403,37836.7773,662.5156,999.9999,9.8403,0,0,-1,0.0000,37836.7773,662.5156,999.9999,9.8403,28
3943,37619.0000,167.3482,0.0000,10.1148,37901.7852,1000.0000,955.3941,10.1148,0,0,-1,0.0000,37901.7852,1000.0000,955.3941,10.1148,29
3944,37625.0000,0.0000,425.2521,8.5401,37864.9961,999.9999,296.3782,8.5401,0,0,-1,0.0000,37864.9961,999.9999,296.3782,8.5401,30
3945,37630.0000,68.3958,0.0000,13.2635,37924.2578,999.9999,847.3802,13.2635,0,0,-1,0.0000,37924.2578,999.9999,847.3802,13.2635,31
3946,37636.0000,0.0000,245.9543,14.2437,37917.2891,1000.0000,829.7167,14.2437,0,0,-1,0.0000,37917.2891,1000.0000,829.7167,14.2437,31
3947,37648.0000,1000.0000,607.5121,8.0254,37648.0000,1000.0000,607.5121,8.0254,0,0,-1,0.0000,37648.0000,1000.0000,607.5121,8.0254,28
3948,37657.0000,141.3072,1000.0000,11.3744,37923.4609,875.3449,-0.0000,11.3744,0,0,-1,0.0000,37923.4609,875.3449,-0.0000,11.3744,28
3949,37665.0000,80.2445,258.2920,15.0000,37942.5234,893.1277,1000.0001,15.0000,0,0,-1,0.0000,37942.5234,893.1277,1000.0001,15.0000,28
3950,37676.0000,700.4371,382.7954,15.0000,37885.4805,90.4411,1000.0000,15.0000,0,0,-1,0.0000,37885.4805,90.4411,1000.0000,15.0000,24
3951,37684.0000,849.0944,0.0000,10.7054,37999.3047,65.4075,1000.0000,10.7054,0,0,-1,0.0000,37999.3047,65.4075,1000.0000,10.7054,24
3952,37694.0000,1000.0000,611.6671,10.3335,38045.6641,-0.0000,58.7989,10.3335,0,0,-1,0.0000,38045.6641,-0.0000,58.7989,10.3335,25
3953,37703.0000,180.8451,179.1121,8.0000,37936.5000,896.5838,1000.0000,8.0000,0,0,-1,0.0000,37936.5000,896.5838,1000.0000,8.0000,25
3954,37717.0000,1000.0000,420.9674,10.1011,37968.5547,-0.0000,489.6744,10.1011,0,0,-1,0.0000,37968.5547,-0.0000,489.6744,10.1011,24
3955,37727.0000,913.6536,1000.0000,12.1098,37998.5898,-0.0000,141.5616,12.1098,0,0,-1,0.0000,37998.5898,-0.0000,141.5616,12.1098,25
3956,37735.0000,57.8068,0.0000,11.0428,37960.8750,558.1066,1000.0000,11.0428,0,0,-1,0.0000,37960.8750,558.1066,1000.0000,11.0428,26
3957,37746.0000,101.4959,0.0000,12.6792,38036.9727,1000.0000,869.8947,12.6792,0,0,-1,0.0000,38036.9727,1000.0000,869.8947,12.6792,26
3958,37752.0000,228.3179,779.8297,15.0000,38016.3398,730.5008,-0.0000,15.0000,0,0,-1,0.0000,38016.3398,730.5008,-0.0000,15.0000,26
3959,37766.0000,155.5564,0.0000,8.5883,37989.0625,1000.0000,660.1917,8.5883,0,0,-1,0.0000,37989.0625,1000.0000,660.1917,8.5883,26
3960,37779.0000,303.5317,504.4619,8.0000,38013.5078,1000.0001,374.7460,8.0000,0,0,-1,0.0000,38013.5078,1000.0001,374.7460,8.0000,25
3961,37786.0000,815.0055,1000.0000,11.8184,38142.2422,-0.0000,118.5514,11.8184,0,0,-1,0.0000,38142.2422,-0.0000,118.5514,11.8184,25
3962,37792.0000,1000.0000,110.6912,14.8955,38089.7031,437.7342,1000.0000,14.8955,0,0,-1,0.0000,38089.7031,437.7342,1000.0000,14.8955,26
3963,37806.0000,593.7562,1000.0000,13.8955,38117.5312,87.3902,-0.0000,13.8955,0,0,-1,0.0000,38117.5312,87.3902,-0.0000,13.8955,27
3964,37817.0000,947.5602,1000.0000,8.4176,38052.5117,-0.0000,334.9810,8.4176,0,0,-1,0.0000,38052.5117,-0.0000,334.9810,8.4176,25
3965,37830.0000,384.0662,0.0000,12.9302,38135.0117,850.0516,1000.0000,12.9302,0,0,-1,0.0000,38135.0117,850.0516,1000.0000,12.9302,25
3966,37835.0000,108.9163,0.0000,14.0227,38108.4102,1000.0000,887.9966,14.0227,0,0,-1,0.0000,38108.4102,1000.0000,887.9966,14.0227,26
3967,37849.0000,958.3532,535.3752,15.0000,38077.6758,-0.0000,113.8880,15.0000,0,0,-1,0.0000,38077.6758,-0.0000,113.8880,15.0000,24
3968,37860.0000,1000.0000,276.6066,14.9298,38117.7383,-0.0000,477.7284,14.9298,0,0,-1,0.0000,38117.7383,-0.0000,477.7284,14.9298,25
3969,37874.0000,714.9785,166.1211,8.0000,38181.0156,-0.0000,898.7410,8.0000,0,0,-1,0.0000,38181.0156,-0.0000,898.7410,8.0000,24
3970,37883.0000,1000.0000,97.0667,12.8262,38136.6133,441.3722,1000.0000,12.8262,0,0,-1,0.0000,38136.6133,441.3722,1000.0000,12.8262,25
3971,37889.0000,9.4770,1000.0000,10.7398,38203.3867,1000.0000,241.9798,10.7398,0,0,-1,0.0000,38203.3867,1000.0000,241.9798,10.7398,25
3972,37902.0000,1000.0000,782.4498,8.5880,38307.9180,-0.0000,86.1804,8.5880,0,0,-1,0.0000,38307.9180,-0.0000,86.1804,8.5880,25
3973,37909.0000,770.7631,731.2870,15.0000,38117.7891,234.9456,-0.0000,15.0000,0,0,-1,0.0000,38117.7891,234.9456,-0.0000,15.0000,26
3974,37921.0000,0.0000,297.3837,10.3042,38165.3281,932.4387,1000.0000,10.3042,0,0,-1,0.0000,38165.3281,932.4387,1000.0000,10.3042,26
3975,37929.0000,981.7118,902.0750,15.0000,38150.9219,363.9346,-0.0000,15.0000,0,0,-1,0.0000,38150.9219,363.9346,-0.0000,15.0000,25
3976,37943.0000,0.0000,386.5838,11.2099,38201.2227,1000.0000,470.6100,11.2099,0,0,-1,0.0000,38201.2227,1000.0000,470.6100,11.2099,24
3977,37950.0000,30.6529,58.4308,8.0000,38233.7070,585.1334,1000.0000,8.0000,0,0,-1,0.0000,38233.7070,585.1334,1000.0000,8.0000,25
3978,37961.0000,181.2005,1000.0000,11.4349,38262.3320,566.2382,-0.0000,11.4349,0,0,-1,0.0000,38262.3320,566.2382,-0.0000,11.4349,25
3979,37969.0000,860.6505,495.2819,15.0000,38192.7070,-0.0000,253.1677,15.0000,0,0,-1,0.0000,38192.7070,-0.0000,253.1677,15.0000,25
3980,37981.0000,1000.0000,946.4705,8.9151,38331.1953,205.8842,-0.0000,8.9151,0,0,-1,0.0000,38331.1953,205.8842,-0.0000,8.9151,26
3981,37988.0000,381.5161,953.7662,15.0000,38252.1914,655.6531,-0.0000,15.0000,0,0,-1,0.0000,38252.1914,655.6531,-0.0000,15.0000,27
3982,38002.0000,391.0902,20.5511,8.0000,38250.2734,409.7393,999.9999,8.0000,0,0,-1,0.0000,38250.2734,409.7393,999.9999,8.0000,25
3983,38013.0000,793.8763,338.9400,15.0000,38299.5742,-0.0000,873.0507,15.0000,0,0,-1,0.0000,38299.5742,-0.0000,873.0507,15.0000,26
3984,38027.0000,980.0867,615.8685,15.0000,38274.6836,-0.0000,373.6151,15.0000,0,0,-1,0.0000,38274.6836,-0.0000,373.6151,15.0000,25
3985,38033.0000,0.0000,191.4773,9.5005,38268.9180,1000.0000,720.0588,9.5005,0,0,-1,0.0000,38268.9180,1000.0000,720.0588,9.5005,26
3986,38043.0000,236.7930,830.5023,8.0000,38326.2031,824.1536,-0.0000,8.0000,0,0,-1,0.0000,38326.2031,824.1536,-0.0000,8.0000,26
3987,38056.0000,0.0000,628.8643,13.9359,38396.2305,977.1861,-0.0000,13.9359,0,0,-1,0.0000,38396.2305,977.1861,-0.0000,13.9359,25
3988,38064.0000,429.6855,623.5840,8.0000,38246.7539,641.5511,-0.0000,8.0000,0,0,-1,0.0000,38246.7539,641.5511,-0.0000,8.0000,26
3989,38071.0000,806.1279,638.0429,8.0000,38362.7539,-0.0000,176.3859,8.0000,0,0,-1,0.0000,38362.7539,-0.0000,176.3859,8.0000,27
3990,38085.0000,1000.0000,936.0331,8.0289,38355.7969,-0.0000,83.7226,8.0289,0,0,-1,0.0000,38355.7969,-0.0000,83.7226,8.0289,27
3991,38096.0000,133.1856,692.5208,8.0000,38316.2031,999.9999,558.8088,8.0000,0,0,-1,0.0000,38316.2031,999.9999,558.8088,8.0000,27
3992,38110.0000,1000.0000,190.8000,12.3336,38460.5977,-0.0000,708.4822,12.3336,0,0,-1,0.0000,38460.5977,-0.0000,708.4822,12.3336,27
3993,38115.0000,0.0000,413.9960,14.3705,38325.4609,1000.0001,418.4791,14.3705,0,0,-1,0.0000,38325.4609,1000.0001,418.4791,14.3705,28
3994,38124.0000,477.6555,392.4468,8.0000,38298.6094,570.5914,1000.0000,8.0000,0,0,-1,0.0000,38298.6094,570.5914,1000.0000,8.0000,26
3995,38136.0000,361.6092,1000.0000,12.8443,38388.4961,939.7495,-0.0000,12.8443,0,0,-1,0.0000,38388.4961,939.7495,-0.0000,12.8443,26
3996,38142.0000,1000.0000,963.9970,9.1838,38421.5195,281.9819,-0.0000,9.1838,0,0,-1,0.0000,38421.5195,281.9819,-0.0000,9.1838,26
3997,38148.0000,662.3359,1000.0000,8.4139,38471.0039,450.2180,-0.0000,8.4139,0,0,-1,0.0000,38471.0039,450.2180,-0.0000,8.4139,26
3998,38162.0000,15.0000,1000.0000,11.4763,38539.5430,1000.0001,316.8566,11.4763,0,0,-1,0.0000,38539.5430,1000.0001,316.8566,11.4763,26
3999,38168.0000,1000.0000,782.7003,9.9550,38487.4414,-0.0000,184.8848,9.9550,0,0,-1,0.0000,38487.4414,-0.0000,184.8848,9.9550,26
4000,38174.0000,612.1458,1000.0000,10.0619,38506.0391,717.8463,-0.0000,10.0619,0,0,-1,0.0000,38506.0391,717.8463,-0.0000,10.0619,27
4001,38188.0000,1000.0000,876.1672,9.0734,38435.2695,-0.0000,160.8631,9.0734,0,0,-1,0.0000,38435.2695,-0.0000,160.8631,9.0734,27
4002,38195.0000,0.0000,461.7992,11.4348,38487.0117,1000.0000,203.9364,11.4348,0,0,-1,0.0000,38487.0117,1000.0000,203.9364,11.4348,27
4003,38201.0000,747.0561,27.4402,15.0000,38501.0820,535.9130,999.9999,15.0000,0,0,-1,0.0000,38501.0820,535.9130,999.9999,15.0000,28
4004,38210.0000,1000.0000,764.3577,9.1550,38501.3945,-0.0000,265.9126,9.1550,0,0,-1,0.0000,38501.3945,-0.0000,265.9126,9.1550,27
4005,38221.0000,1000.0000,194.0337,12.6543,38532.1094,-0.0000,639.7924,12.6543,0,0,-1,0.0000,38532.1094,-0.0000,639.7924,12.6543,28
4006,38234.0000,130.4925,1000.0000,11.2872,38478.8945,787.7452,-0.0000,11.2872,0,0,-1,0.0000,38478.8945,787.7452,-0.0000,11.2872,28
4007,38247.0000,338.4083,1000.0000,11.9128,38523.3281,664.6356,-0.0000,11.9128,0,0,-1,0.0000,38523.3281,664.6356,-0.0000,11.9128,28
4008,38258.0000,193.3717,126.7910,8.0000,38451.8320,565.7480,1000.0001,8.0000,0,0,-1,0.0000,38451.8320,565.7480,1000.0001,8.0000,27
4009,38263.0000,354.8177,1000.0000,8.2407,38590.3359,879.1938,-0.0000,8.2407,0,0,-1,0.0000,38590.3359,879.1938,-0.0000,8.2407,27
4010,38270.0000,835.0869,169.8147,8.0000,38521.2344,415.5070,1000.0000,8.0000,0,0,-1,0.0000,38521.2344,415.5070,1000.0000,8.0000,27
4011,38279.0000,0.0000,148.0595,13.0346,38519.3398,999.9999,768.1833,13.0346,0,0,-1,0.0000,38519.3398,999.9999,768.1833,13.0346,27
4012,38293.0000,716.6125,1000.0000,11.7660,38571.3633,613.2260,-0.0000,11.7660,0,0,-1,0.0000,38571.3633,613.2260,-0.0000,11.7660,28
4013,38303.0000,902.2464,0.0000,8.0077,38606.6133,-0.0000,934.6025,8.0077,0,0,-1,0.0000,38606.6133,-0.0000,934.6025,8.0077,27
4014,38310.0000,491.1542,394.8824,8.0000,38466.2930,405.5707,1000.0000,8.0000,0,0,-1,0.0000,38466.2930,405.5707,1000.0000,8.0000,27
4015,38316.0000,1000.0000,966.8004,14.2525,38677.5586,384.5911,-0.0000,14.2525,0,0,-1,0.0000,38677.5586,384.5911,-0.0000,14.2525,28
4016,38323.0000,836.6299,57.6374,15.0000,38727.4102,8.8360,1000.0001,15.0000,0,0,-1,0.0000,38727.4102,8.8360,1000.0001,15.0000,28
4017,38333.0000,1000.0000,620.8085,12.8172,38595.3359,-0.0000,216.2035,12.8172,0,0,-1,0.0000,38595.3359,-0.0000,216.2035,12.8172,26
4018,38340.0000,704.3712,654.4880,15.0000,38553.7578,-0.0000,368.0921,15.0000,0,0,-1,0.0000,38553.7578,-0.0000,368.0921,15.0000,27
4019,38351.0000,65.1248,345.3878,15.0000,38672.0039,1000.0000,893.0712,15.0000,0,0,-1,0.0000,38672.0039,1000.0000,893.0712,15.0000,28
4020,38362.0000,245.6169,649.4523,8.0000,38594.4844,1000.0000,34.8038,8.0000,0,0,-1,0.0000,38594.4844,1000.0000,34.8038,8.0000,28
4021,38371.0000,904.1440,867.6658,8.0000,38601.4102,-0.0000,350.9721,8.0000,0,0,-1,0.0000,38601.4102,-0.0000,350.9721,8.0000,28
4022,38384.0000,912.3076,0.0000,10.8647,38742.7734,426.7895,1000.0000,10.8647,0,0,-1,0.0000,38742.7734,426.7895,1000.0000,10.8647,29
4023,38391.0000,0.0000,570.3357,13.3121,38621.6016,1000.0000,207.1640,13.3121,0,0,-1,0.0000,38621.6016,1000.0000,207.1640,13.3121,29
4024,38401.0000,568.4446,1000.0000,9.9278,38642.2852,130.2382,-0.0000,9.9278,0,0,-1,0.0000,38642.2852,130.2382,-0.0000,9.9278,29
4025,38409.0000,1000.0000,430.1707,12.5255,38693.1914,-0.0000,932.2879,12.5255,0,0,-1,0.0000,38693.1914,-0.0000,932.2879,12.5255,30
4026,38419.0000,989.4746,230.8050,8.0000,38743.8867,-0.0000,579.0463,8.0000,0,0,-1,0.0000,38743.8867,-0.0000,579.0463,8.0000,31
4027,38424.0000,510.8648,343.3172,8.0000,38618.8438,456.1945,999.9999,8.0000,0,0,-1,0.0000,38618.8438,456.1945,999.9999,8.0000,31
4028,38434.0000,497.5024,566.7954,8.0000,38578.5820,570.7605,-0.0000,8.0000,0,0,-1,0.0000,38578.5820,570.7605,-0.0000,8.0000,32
4029,38443.0000,323.8436,667.9411,15.0000,38691.6719,973.2931,-0.0000,15.0000,0,0,-1,0.0000,38691.6719,973.2931,-0.0000,15.0000,32
4030,38451.0000,0.0000,583.9663,8.4549,38680.2969,1000.0000,255.4321,8.4549,0,0,-1,0.0000,38680.2969,1000.0000,255.4321,8.4549,33
4031,38463.0000,0.0000,845.6213,9.4882,38764.7656,981.2671,-0.0000,9.4882,0,0,-1,0.0000,38764.7656,981.2671,-0.0000,9.4882,32
4032,38470.0000,641.9534,1000.0000,13.7344,38734.8711,-0.0000,71.9649,13.7344,0,0,-1,0.0000,38734.8711,-0.0000,71.9649,13.7344,32
4033,38483.0000,588.7393,240.4111,8.0000,38668.9531,248.5738,1000.0000,8.0000,0,0,-1,0.0000,38668.9531,248.5738,1000.0000,8.0000,31
4034,38496.0000,50.8739,821.0454,8.0000,38748.2930,1000.0000,165.8969,8.0000,0,0,-1,0.0000,38748.2930,1000.0000,165.8969,8.0000,30
4035,38504.0000,0.0000,616.0682,11.0078,38834.9492,999.9999,12.9161,11.0078,0,0,-1,0.0000,38834.9492,999.9999,12.9161,11.0078,29
4036,38509.0000,513.1943,278.7678,15.0000,38658.9180,364.7561,1000.0000,15.0000,0,0,-1,0.0000,38658.9180,364.7561,1000.0000,15.0000,29
4037,38522.0000,1000.0000,423.6757,11.1361,38833.8906,-0.0000,528.2065,11.1361,0,0,-1,0.0000,38833.8906,-0.0000,528.2065,11.1361,28
4038,38532.0000,855.8760,0.0000,10.4712,38883.1719,18.3523,1000.0000,10.4712,0,0,-1,0.0000,38883.1719,18.3523,1000.0000,10.4712,28
4039,38546.0000,713.2849,1000.0000,11.5941,38874.2109,-0.0000,186.0525,11.5941,0,0,-1,0.0000,38874.2109,-0.0000,186.0525,11.5941,27
4040,38555.0000,1000.0000,194.0718,13.9816,38862.4805,159.2604,999.9999,13.9816,0,0,-1,0.0000,38862.4805,159.2604,999.9999,13.9816,27
4041,38561.0000,205.9696,1000.0000,14.9599,38830.7812,1000.0000,63.8452,14.9599,0,0,-1,0.0000,38830.7812,1000.0000,63.8452,14.9599,28
4042,38567.0000,0.0000,470.6238,10.2510,38857.0938,999.9999,210.7632,10.2510,0,0,-1,0.0000,38857.0938,999.9999,210.7632,10.2510,29
4043,38579.0000,762.7622,307.5471,15.0000,38785.2852,102.6834,999.9999,15.0000,0,0,-1,0.0000,38785.2852,102.6834,999.9999,15.0000,28
4044,38592.0000,1000.0000,88.1413,9.8414,38895.5430,216.4161,1000.0000,9.8414,0,0,-1,0.0000,38895.5430,216.4161,1000.0000,9.8414,28
4045,38604.0000,180.7483,0.0000,12.4542,38853.2656,488.9281,999.9999,12.4542,0,0,-1,0.0000,38853.2656,488.9281,999.9999,12.4542,26
4046,38616.0000,579.2614,0.0000,12.8282,38819.6133,395.9019,999.9999,12.8282,0,0,-1,0.0000,38819.6133,395.9019,999.9999,12.8282,26
4047,38621.0000,247.9123,557.7499,15.0000,38861.4922,1000.0000,248.3864,15.0000,0,0,-1,0.0000,38861.4922,1000.0000,248.3864,15.0000,26
4048,38628.0000,680.0865,1000.0000,13.5543,38959.3047,582.3077,-0.0000,13.5543,0,0,-1,0.0000,38959.3047,582.3077,-0.0000,13.5543,26
4049,38641.0000,355.2004,0.0000,11.6464,38864.6875,553.8276,1000.0000,11.6464,0,0,-1,0.0000,38864.6875,553.8276,1000.0000,11.6464,27
4050,38654.0000,756.3185,0.0000,11.0010,38916.7852,22.9495,1000.0000,11.0010,0,0,-1,0.0000,38916.7852,22.9495,1000.0000,11.0010,27
4051,38660.0000,829.7858,0.0000,13.9536,38960.3438,-0.0000,837.8016,13.9536,0,0,-1,0.0000,38960.3438,-0.0000,837.8016,13.9536,27
4052,38667.0000,737.8668,174.5066,15.0000,38933.7148,212.1473,999.9999,15.0000,0,0,-1,0.0000,38933.7148,212.1473,999.9999,15.0000,28
4053,38673.0000,828.6743,391.9406,15.0000,38870.7773,-0.0000,846.8364,15.0000,0,0,-1,0.0000,38870.7773,-0.0000,846.8364,15.0000,27
4054,38687.0000,0.0000,834.3505,11.4474,38922.4453,1000.0000,467.2534,11.4474,0,0,-1,0.0000,38922.4453,1000.0000,467.2534,11.4474,26
4055,38693.0000,586.0328,752.2191,15.0000,38878.1992,341.7953,-0.0000,15.0000,0,0,-1,0.0000,38878.1992,341.7953,-0.0000,15.0000,26
4056,38699.0000,0.0000,117.8191,14.1714,39045.2812,1000.0000,872.7855,14.1714,0,0,-1,0.0000,39045.2812,1000.0000,872.7855,14.1714,26
4057,38708.0000,0.0000,415.9659,9.2721,38917.7227,1000.0001,494.4321,9.2721,0,0,-1,0.0000,38917.7227,1000.0001,494.4321,9.2721,27
4058,38716.0000,1000.0000,904.5466,9.9463,39030.2148,-0.0000,453.2355,9.9463,0,0,-1,0.0000,39030.2148,-0.0000,453.2355,9.9463,28
4059,38729.0000,0.0000,154.7180,13.3824,38973.5625,999.9999,607.2356,13.3824,0,0,-1,0.0000,38973.5625,999.9999,607.2356,13.3824,28
4060,38743.0000,477.2943,1000.0000,14.2837,39059.2734,657.5525,-0.0000,14.2837,0,0,-1,0.0000,39059.2734,657.5525,-0.0000,14.2837,27
4061,38754.0000,962.1152,168.0640,8.0000,39156.8516,-0.0000,953.6898,8.0000,0,0,-1,0.0000,39156.8516,-0.0000,953.6898,8.0000,26
4062,38765.0000,410.3677,509.1060,8.0000,38904.3477,1000.0000,493.1537,8.0000,0,0,-1,0.0000,38904.3477,1000.0000,493.1537,8.0000,26
4063,38777.0000,911.9623,544.4950,15.0000,39075.3594,-0.0000,369.8328,15.0000,0,0,-1,0.0000,39075.3594,-0.0000,369.8328,15.0000,27
4064,38785.0000,1000.0000,257.5384,11.6365,39113.2734,257.6570,1000.0000,11.6365,0,0,-1,0.0000,39113.2734,257.6570,1000.0000,11.6365,28
4065,38792.0000,1000.0000,856.0617,12.6874,39162.7461,-0.0000,335.7372,12.6874,0,0,-1,0.0000,39162.7461,-0.0000,335.7372,12.6874,28
4066,38804.0000,295.6778,308.5837,8.0000,39089.7852,1000.0000,837.5861,8.0000,0,0,-1,0.0000,39089.7852,1000.0000,837.5861,8.0000,29
4067,38816.0000,369.9706,144.5535,15.0000,39061.9180,875.7538,999.9999,15.0000,0,0,-1,0.0000,39061.9180,875.7538,999.9999,15.0000,30
4068,38821.0000,0.0000,325.9220,9.5163,39049.5820,1000.0000,348.6879,9.5163,0,0,-1,0.0000,39049.5820,1000.0000,348.6879,9.5163,30
4069,38834.0000,93.6944,848.9990,8.0000,39173.9414,1000.0000,22.4118,8.0000,0,0,-1,0.0000,39173.9414,1000.0000,22.4118,8.0000,29
4070,38848.0000,979.4774,606.8447,15.0000,39166.5625,-0.0000,166.1510,15.0000,0,0,-1,0.0000,39166.5625,-0.0000,166.1510,15.0000,29
4071,38859.0000,1000.0000,683.3201,11.6796,39177.9727,84.1313,-0.0000,11.6796,0,0,-1,0.0000,39177.9727,84.1313,-0.0000,11.6796,28
4072,38866.0000,26.1972,430.0367,15.0000,39100.6484,999.9999,909.0519,15.0000,0,0,-1,0.0000,39100.6484,999.9999,909.0519,15.0000,26
4073,38878.0000,977.6627,70.1834,15.0000,39170.5273,478.0277,999.9999,15.0000,0,0,-1,0.0000,39170.5273,478.0277,999.9999,15.0000,25
4074,38891.0000,648.6336,857.4001,15.0000,39139.3281,608.2307,-0.0000,15.0000,0,0,-1,0.0000,39139.3281,608.2307,-0.0000,15.0000,24
4075,38901.0000,0.0000,87.6163,9.4478,39313.3008,885.1326,1000.0000,9.4478,0,0,-1,0.0000,39313.3008,885.1326,1000.0000,9.4478,24
4076,38908.0000,190.0994,0.0000,8.1504,39192.4141,1000.0000,957.4108,8.1504,0,0,-1,0.0000,39192.4141,1000.0000,957.4108,8.1504,24
4077,38918.0000,35.7545,1000.0000,9.2565,39197.5703,551.9078,-0.0000,9.2565,0,0,-1,0.0000,39197.5703,551.9078,-0.0000,9.2565,23
4078,38929.0000,1000.0000,724.5101,12.8685,39162.0430,-0.0000,624.6629,12.8685,0,0,-1,0.0000,39162.0430,-0.0000,624.6629,12.8685,23
4079,38937.0000,0.0000,2.6199,14.4818,39277.2891,510.6621,1000.0000,14.4818,0,0,-1,0.0000,39277.2891,510.6621,1000.0000,14.4818,23
4080,38950.0000,246.2307,1000.0000,11.0910,39192.1602,649.7799,-0.0000,11.0910,0,0,-1,0.0000,39192.1602,649.7799,-0.0000,11.0910,24
4081,38958.0000,1000.0000,201.0117,8.5419,39216.8281,-0.0000,937.8917,8.5419,0,0,-1,0.0000,39216.8281,-0.0000,937.8917,8.5419,25
4082,38968.0000,702.8234,1000.0000,11.3784,39260.3555,201.4715,-0.0000,11.3784,0,0,-1,0.0000,39260.3555,201.4715,-0.0000,11.3784,24
4083,38978.0000,735.5334,0.0000,11.1043,39208.3750,622.0161,1000.0001,11.1043,0,0,-1,0.0000,39208.3750,622.0161,1000.0001,11.1043,24
4084,38987.0000,1000.0000,184.2363,14.2208,39314.5820,-0.0000,976.6707,14.2208,0,0,-1,0.0000,39314.5820,-0.0000,976.6707,14.2208,25
4085,38997.0000,112.2121,173.1926,15.0000,39278.5352,703.0724,1000.0001,15.0000,0,0,-1,0.0000,39278.5352,703.0724,1000.0001,15.0000,26
4086,39011.0000,916.2722,0.0000,9.5917,39289.6016,80.7770,1000.0000,9.5917,0,0,-1,0.0000,39289.6016,80.7770,1000.0000,9.5917,27
4087,39025.0000,0.0000,117.9833,9.8668,39316.0312,786.9255,1000.0000,9.8668,0,0,-1,0.0000,39316.0312,786.9255,1000.0000,9.8668,28
4088,39032.0000,648.6873,0.0000,14.5517,39275.2109,-0.0000,925.5228,14.5517,0,0,-1,0.0000,39275.2109,-0.0000,925.5228,14.5517,28
4089,39041.0000,119.6435,1000.0000,11.7392,39341.4844,1000.0000,194.7687,11.7392,0,0,-1,0.0000,39341.4844,1000.0000,194.7687,11.7392,29
4090,39046.0000,95.5077,467.7650,15.0000,39259.9102,1000.0000,425.8825,15.0000,0,0,-1,0.0000,39259.9102,1000.0000,425.8825,15.0000,29
4091,39060.0000,314.8225,0.0000,11.0313,39392.4414,748.9860,999.9999,11.0313,0,0,-1,0.0000,39392.4414,748.9860,999.9999,11.0313,28
4092,39066.0000,157.1665,531.4721,8.0000,39255.3789,1000.0000,445.9860,8.0000,0,0,-1,0.0000,39255.3789,1000.0000,445.9860,8.0000,28
4093,39076.0000,484.5248,0.0000,9.2072,39374.1094,634.6157,1000.0001,9.2072,0,0,-1,0.0000,39374.1094,634.6157,1000.0001,9.2072,28
4094,39088.0000,647.7620,1000.0000,11.3161,39296.0820,485.8922,-0.0000,11.3161,0,0,-1,0.0000,39296.0820,485.8922,-0.0000,11.3161,29
4095,39093.0000,0.0000,858.8952,8.4743,39447.9453,1000.0000,419.7998,8.4743,0,0,-1,0.0000,39447.9453,1000.0000,419.7998,8.4743,29
4096,39103.0000,0.0000,573.2812,13.2742,39371.7812,1000.0000,98.0876,13.2742,0,0,-1,0.0000,39371.7812,1000.0000,98.0876,13.2742,29
4097,39116.0000,0.0000,12.7457,8.6501,39402.6133,567.2565,1000.0001,8.6501,0,0,-1,0.0000,39402.6133,567.2565,1000.0001,8.6501,29
4098,39129.0000,690.6247,680.3125,15.0000,39397.7891,29.4147,-0.0000,15.0000,0,0,-1,0.0000,39397.7891,29.4147,-0.0000,15.0000,30
4099,39135.0000,336.4556,824.0666,15.0000,39401.3047,810.7736,-0.0000,15.0000,0,0,-1,0.0000,39401.3047,810.7736,-0.0000,15.0000,31
4100,39143.0000,451.1555,1000.0000,8.6581,39400.5195,750.0898,-0.0000,8.6581,0,0,-1,0.0000,39400.5195,750.0898,-0.0000,8.6581,31
4101,39153.0000,857.7465,923.0214,15.0000,39428.7188,-0.0000,69.4700,15.0000,0,0,-1,0.0000,39428.7188,-0.0000,69.4700,15.0000,32
4102,39165.0000,1000.0000,882.9810,14.5720,39498.4336,91.9410,-0.0000,14.5720,0,0,-1,0.0000,39498.4336,91.9410,-0.0000,14.5720,30
4103,39171.0000,0.0000,286.1572,14.8321,39410.7695,999.9999,445.5730,14.8321,0,0,-1,0.0000,39410.7695,999.9999,445.5730,14.8321,29
4104,39179.0000,976.8036,1000.0000,14.4534,39472.4453,498.6824,-0.0000,14.4534,0,0,-1,0.0000,39472.4453,498.6824,-0.0000,14.4534,28
4105,39190.0000,217.9091,799.1497,15.0000,39375.3945,592.8336,-0.0000,15.0000,0,0,-1,0.0000,39375.3945,592.8336,-0.0000,15.0000,29
4106,39195.0000,573.2496,1000.0000,11.8541,39497.5000,139.9087,-0.0000,11.8541,0,0,-1,0.0000,39497.5000,139.9087,-0.0000,11.8541,28
4107,39206.0000,789.0002,512.6106,15.0000,39445.0781,-0.0000,506.9617,15.0000,0,0,-1,0.0000,39445.0781,-0.0000,506.9617,15.0000,28
4108,39220.0000,1000.0000,400.3091,13.9490,39545.1055,-0.0000,811.5269,13.9490,0,0,-1,0.0000,39545.1055,-0.0000,811.5269,13.9490,27
4109,39225.0000,38.5169,543.6229,8.0000,39429.7617,1000.0000,602.5229,8.0000,0,0,-1,0.0000,39429.7617,1000.0000,602.5229,8.0000,28
4110,39231.0000,140.8481,551.3745,8.0000,39451.0586,999.9999,441.1654,8.0000,0,0,-1,0.0000,39451.0586,999.9999,441.1654,8.0000,29
4111,39240.0000,900.1187,651.1555,8.0000,39524.3906,-0.0000,50.5788,8.0000,0,0,-1,0.0000,39524.3906,-0.0000,50.5788,8.0000,30
4112,39250.0000,397.5085,0.0000,8.3851,39454.1328,533.1699,999.9999,8.3851,0,0,-1,0.0000,39454.1328,533.1699,999.9999,8.3851,31
4113,39258.0000,481.4213,858.2115,8.0000,39462.9336,697.6096,-0.0000,8.0000,0,0,-1,0.0000,39462.9336,697.6096,-0.0000,8.0000,31
4114,39267.0000,672.3702,1000.0000,10.1233,39485.8711,347.6019,-0.0000,10.1233,0,0,-1,0.0000,39485.8711,347.6019,-0.0000,10.1233,30
4115,39276.0000,760.7042,1000.0000,11.3455,39557.5625,495.7302,-0.0000,11.3455,0,0,-1,0.0000,39557.5625,495.7302,-0.0000,11.3455,30
4116,39289.0000,838.8965,0.0000,8.3003,39577.8906,39.7553,1000.0000,8.3003,0,0,-1,0.0000,39577.8906,39.7553,1000.0000,8.3003,29
4117,39295.0000,261.3188,693.3657,8.0000,39465.2930,1000.0000,386.7811,8.0000,0,0,-1,0.0000,39465.2930,1000.0000,386.7811,8.0000,29
4118,39308.0000,0.0000,826.1720,8.5908,39588.4023,1000.0000,22.6394,8.5908,0,0,-1,0.0000,39588.4023,1000.0000,22.6394,8.5908,29
4119,39321.0000,509.0778,0.0000,9.8162,39532.8008,787.1232,1000.0001,9.8162,0,0,-1,0.0000,39532.8008,787.1232,1000.0001,9.8162,27
4120,39329.0000,937.1339,1000.0000,11.7226,39619.7305,-0.0000,13.5534,11.7226,0,0,-1,0.0000,39619.7305,-0.0000,13.5534,11.7226,28
4121,39337.0000,1000.0000,839.0768,8.8807,39653.5742,114.8669,-0.0000,8.8807,0,0,-1,0.0000,39653.5742,114.8669,-0.0000,8.8807,29
4122,39345.0000,633.2855,0.0000,10.0194,39549.9141,720.7148,1000.0000,10.0194,0,0,-1,0.0000,39549.9141,720.7148,1000.0000,10.0194,29
4123,39351.0000,0.0000,824.9648,13.1441,39674.1211,1000.0001,513.6953,13.1441,0,0,-1,0.0000,39674.1211,1000.0001,513.6953,13.1441,30
4124,39360.0000,727.2448,435.7874,8.0000,39582.0898,-0.0000,809.5734,8.0000,0,0,-1,0.0000,39582.0898,-0.0000,809.5734,8.0000,31
4125,39368.0000,1000.0000,171.7634,8.0243,39605.0664,263.6154,1000.0000,8.0243,0,0,-1,0.0000,39605.0664,263.6154,1000.0000,8.0243,32
4126,39376.0000,0.0000,758.7720,13.6707,39617.2695,859.0535,-0.0000,13.6707,0,0,-1,0.0000,39617.2695,859.0535,-0.0000,13.6707,30
4127,39390.0000,1000.0000,978.4990,12.0023,39705.4375,-0.0000,277.5986,12.0023,0,0,-1,0.0000,39705.4375,-0.0000,277.5986,12.0023,31
4128,39395.0000,729.8016,831.8211,8.0000,39567.3906,508.3728,-0.0000,8.0000,0,0,-1,0.0000,39567.3906,508.3728,-0.0000,8.0000,31
4129,39407.0000,1000.0000,299.6567,8.6135,39711.8477,-0.0000,689.8123,8.6135,0,0,-1,0.0000,39711.8477,-0.0000,689.8123,8.6135,28
4130,39414.0000,1000.0000,735.5054,14.5920,39672.1055,-0.0000,367.4483,14.5920,0,0,-1,0.0000,39672.1055,-0.0000,367.4483,14.5920,28
4131,39426.0000,138.8740,0.0000,9.3649,39653.4883,513.3570,1000.0000,9.3649,0,0,-1,0.0000,39653.4883,513.3570,1000.0000,9.3649,29
4132,39432.0000,618.1792,437.1680,15.0000,39647.0898,-0.0000,738.6803,15.0000,0,0,-1,0.0000,39647.0898,-0.0000,738.6803,15.0000,28
4133,39442.0000,427.0506,144.2079,15.0000,39722.9219,491.5191,1000.0001,15.0000,0,0,-1,0.0000,39722.9219,491.5191,1000.0001,15.0000,29
4134,39455.0000,716.9277,557.7489,8.0000,39628.0312,-0.0000,492.5266,8.0000,0,0,-1,0.0000,39628.0312,-0.0000,492.5266,8.0000,26
4135,39467.0000,1000.0000,154.0407,12.8988,39816.4844,-0.0000,677.6808,12.8988,0,0,-1,0.0000,39816.4844,-0.0000,677.6808,12.8988,25
4136,39472.0000,978.8554,1000.0000,11.9133,39751.1133,50.3262,-0.0000,11.9133,0,0,-1,0.0000,39751.1133,50.3262,-0.0000,11.9133,26
4137,39482.0000,600.1146,85.2405,15.0000,39688.4844,311.5607,1000.0001,15.0000,0,0,-1,0.0000,39688.4844,311.5607,1000.0001,15.0000,26
4138,39493.0000,0.0000,309.9061,13.6350,39810.6484,1000.0000,394.7034,13.6350,0,0,-1,0.0000,39810.6484,1000.0000,394.7034,13.6350,26
4139,39507.0000,480.0598,399.7311,15.0000,39733.0391,820.7760,999.9999,15.0000,0,0,-1,0.0000,39733.0391,820.7760,999.9999,15.0000,25
4140,39518.0000,1000.0000,937.3510,13.8534,39867.3203,-0.0000,226.4565,13.8534,0,0,-1,0.0000,39867.3203,-0.0000,226.4565,13.8534,26
4141,39527.0000,0.0000,865.6272,10.1010,39746.1172,999.9999,481.0049,10.1010,0,0,-1,0.0000,39746.1172,999.9999,481.0049,10.1010,26
4142,39533.0000,659.8892,1000.0000,9.5788,39832.1680,329.7525,-0.0000,9.5788,0,0,-1,0.0000,39832.1680,329.7525,-0.0000,9.5788,26
4143,39544.0000,546.3843,752.6452,15.0000,39742.3828,303.6774,-0.0000,15.0000,0,0,-1,0.0000,39742.3828,303.6774,-0.0000,15.0000,27
4144,39558.0000,146.3051,742.9893,8.0000,39770.8906,999.9999,204.7916,8.0000,0,0,-1,0.0000,39770.8906,999.9999,204.7916,8.0000,25
4145,39570.0000,199.7497,0.0000,12.7943,39902.6406,961.0074,1000.0000,12.7943,0,0,-1,0.0000,39902.6406,961.0074,1000.0000,12.7943,25
4146,39581.0000,611.2472,298.0461,8.0000,39766.7500,-0.0000,986.4051,8.0000,0,0,-1,0.0000,39766.7500,-0.0000,986.4051,8.0000,25
4147,39587.0000,1000.0000,90.3397,9.1603,39873.4492,-0.0000,478.9468,9.1603,0,0,-1,0.0000,39873.4492,-0.0000,478.9468,9.1603,25
4148,39601.0000,629.8366,975.1702,15.0000,39837.0977,346.5157,-0.0000,15.0000,0,0,-1,0.0000,39837.0977,346.5157,-0.0000,15.0000,25
4149,39609.0000,0.0000,21.2761,9.0728,39973.5898,999.9999,513.7461,9.0728,0,0,-1,0.0000,39973.5898,999.9999,513.7461,9.0728,25
4150,39614.0000,1000.0000,888.0977,9.0029,39877.5547,-0.0000,116.9151,9.0029,0,0,-1,0.0000,39877.5547,-0.0000,116.9151,9.0029,26
4151,39628.0000,0.0000,384.0590,14.2620,39933.0195,999.9999,672.3587,14.2620,0,0,-1,0.0000,39933.0195,999.9999,672.3587,14.2620,25
4152,39642.0000,408.4845,873.6289,15.0000,39917.1562,609.1341,-0.0000,15.0000,0,0,-1,0.0000,39917.1562,609.1341,-0.0000,15.0000,25
4153,39650.0000,479.4580,720.3759,15.0000,39830.5352,386.9968,-0.0000,15.0000,0,0,-1,0.0000,39830.5352,386.9968,-0.0000,15.0000,25
4154,39658.0000,298.9814,0.0000,8.8306,39906.6016,857.2947,1000.0000,8.8306,0,0,-1,0.0000,39906.6016,857.2947,1000.0000,8.8306,24
4155,39669.0000,0.0000,539.1166,12.4701,39926.7070,1000.0000,305.6662,12.4701,0,0,-1,0.0000,39926.7070,1000.0000,305.6662,12.4701,25
4156,39677.0000,0.0000,250.2217,8.9596,40053.2461,889.6191,1000.0000,8.9596,0,0,-1,0.0000,40053.2461,889.6191,1000.0000,8.9596,24
4157,39686.0000,0.0000,654.2716,13.6209,39957.8906,1000.0000,404.2316,13.6209,0,0,-1,0.0000,39957.8906,1000.0000,404.2316,13.6209,25
4158,39693.0000,0.0000,493.9143,14.1925,39915.8789,999.9999,466.5939,14.1925,0,0,-1,0.0000,39915.8789,999.9999,466.5939,14.1925,25
4159,39704.0000,574.1548,1000.0000,10.4547,40014.5117,205.7512,-0.0000,10.4547,0,0,-1,0.0000,40014.5117,205.7512,-0.0000,10.4547,26
4160,39715.0000,0.0000,856.7277,11.5889,40082.6289,1000.0000,72.9300,11.5889,0,0,-1,0.0000,40082.6289,1000.0000,72.9300,11.5889,25
4161,39728.0000,0.0000,940.0530,9.9202,40116.5508,999.9999,46.4868,9.9202,0,0,-1,0.0000,40116.5508,999.9999,46.4868,9.9202,25
4162,39737.0000,0.0000,16.9132,10.9299,40141.6914,1000.0000,848.4164,10.9299,0,0,-1,0.0000,40141.6914,1000.0000,848.4164,10.9299,25
4163,39743.0000,363.1439,0.0000,14.1559,40070.6992,343.5936,1000.0000,14.1559,0,0,-1,0.0000,40070.6992,343.5936,1000.0000,14.1559,25
4164,39750.0000,204.6069,715.9399,15.0000,40012.5469,1000.0000,365.7124,15.0000,0,0,-1,0.0000,40012.5469,1000.0000,365.7124,15.0000,25
4165,39762.0000,986.8990,0.0000,14.1576,40095.6719,-0.0000,577.6824,14.1576,0,0,-1,0.0000,40095.6719,-0.0000,577.6824,14.1576,25
4166,39767.0000,174.5845,1000.0000,8.2840,39998.2539,1000.0001,336.8266,8.2840,0,0,-1,0.0000,39998.2539,1000.0001,336.8266,8.2840,25
4167,39780.0000,0.0000,916.9680,8.0119,40029.6406,1000.0000,215.5122,8.0119,0,0,-1,0.0000,40029.6406,1000.0000,215.5122,8.0119,25
4168,39789.0000,1000.0000,847.7859,10.2747,40036.9766,-0.0000,489.1688,10.2747,0,0,-1,0.0000,40036.9766,-0.0000,489.1688,10.2747,26
4169,39796.0000,363.4857,0.0000,8.6866,40112.1953,508.6404,1000.0000,8.6866,0,0,-1,0.0000,40112.1953,508.6404,1000.0000,8.6866,27
4170,39804.0000,273.0306,0.0000,10.6362,40187.3945,920.4631,1000.0001,10.6362,0,0,-1,0.0000,40187.3945,920.4631,1000.0001,10.6362,28
4171,39812.0000,334.7689,162.0376,8.0000,40065.7773,598.1281,999.9999,8.0000,0,0,-1,0.0000,40065.7773,598.1281,999.9999,8.0000,28
4172,39824.0000,469.2006,699.8285,8.0000,39965.4375,456.9162,-0.0000,8.0000,0,0,-1,0.0000,39965.4375,456.9162,-0.0000,8.0000,28
4173,39833.0000,1000.0000,317.8737,8.5137,40062.3828,119.5592,999.9999,8.5137,0,0,-1,0.0000,40062.3828,119.5592,999.9999,8.5137,27
4174,39844.0000,745.1826,838.1276,8.0000,40130.8594,488.0768,-0.0000,8.0000,0,0,-1,0.0000,40130.8594,488.0768,-0.0000,8.0000,27
4175,39851.0000,259.5276,0.0000,13.8125,40085.3125,363.4132,999.9999,13.8125,0,0,-1,0.0000,40085.3125,363.4132,999.9999,13.8125,28
4176,39856.0000,32.4293,680.1055,15.0000,40099.0078,1000.0000,274.1571,15.0000,0,0,-1,0.0000,40099.0078,1000.0000,274.1571,15.0000,29
4177,39866.0000,316.5175,803.9911,15.0000,40119.1719,730.3071,-0.0000,15.0000,0,0,-1,0.0000,40119.1719,730.3071,-0.0000,15.0000,30
4178,39873.0000,319.1227,334.5739,15.0000,40026.6523,679.2674,1000.0001,15.0000,0,0,-1,0.0000,40026.6523,679.2674,1000.0001,15.0000,30
4179,39883.0000,464.2222,613.4716,15.0000,40033.8516,828.1921,-0.0000,15.0000,0,0,-1,0.0000,40033.8516,828.1921,-0.0000,15.0000,29
4180,39893.0000,39.1722,681.0889,8.0000,40218.6758,1000.0001,204.1376,8.0000,0,0,-1,0.0000,40218.6758,1000.0001,204.1376,8.0000,30
4181,39899.0000,842.0886,0.0000,9.3956,40270.8438,-0.0000,863.3356,9.3956,0,0,-1,0.0000,40270.8438,-0.0000,863.3356,9.3956,31
4182,39908.0000,189.3018,606.3419,15.0000,40123.0742,1000.0000,185.8838,15.0000,0,0,-1,0.0000,40123.0742,1000.0000,185.8838,15.0000,30
4183,39919.0000,599.0781,0.0000,10.8401,40156.6914,475.6572,999.9999,10.8401,0,0,-1,0.0000,40156.6914,475.6572,999.9999,10.8401,29
4184,39925.0000,976.7596,869.0664,8.0000,40303.9844,-0.0000,35.6582,8.0000,0,0,-1,0.0000,40303.9844,-0.0000,35.6582,8.0000,30
4185,39933.0000,0.0000,990.9651,11.5060,40200.6758,1000.0001,439.1623,11.5060,0,0,-1,0.0000,40200.6758,1000.0001,439.1623,11.5060,30
4186,39943.0000,875.8179,1000.0000,8.4595,40319.7344,-0.0000,5.0267,8.4595,0,0,-1,0.0000,40319.7344,-0.0000,5.0267,8.4595,30
4187,39948.0000,886.1944,182.0252,8.0000,40190.9922,164.6055,999.9999,8.0000,0,0,-1,0.0000,40190.9922,164.6055,999.9999,8.0000,31
4188,39959.0000,0.0000,416.7390,8.7818,40189.8594,999.9999,889.5213,8.7818,0,0,-1,0.0000,40189.8594,999.9999,889.5213,8.7818,31
4189,39972.0000,561.3040,1000.0000,13.3816,40296.8438,279.7665,-0.0000,13.3816,0,0,-1,0.0000,40296.8438,279.7665,-0.0000,13.3816,31
4190,39982.0000,279.7212,1000.0000,10.2263,40286.7617,896.8882,-0.0000,10.2263,0,0,-1,0.0000,40286.7617,896.8882,-0.0000,10.2263,31
4191,39995.0000,538.4583,48.5777,15.0000,40246.7344,609.7764,999.9999,15.0000,0,0,-1,0.0000,40246.7344,609.7764,999.9999,15.0000,32
4192,40003.0000,447.7689,302.0308,8.0000,40192.2852,481.1933,1000.0001,8.0000,0,0,-1,0.0000,40192.2852,481.1933,1000.0001,8.0000,32
4193,40013.0000,340.0831,1000.0000,10.1695,40288.9453,695.4733,-0.0000,10.1695,0,0,-1,0.0000,40288.9453,695.4733,-0.0000,10.1695,32
4194,40026.0000,270.5548,391.7112,8.0000,40209.1680,999.9999,546.6915,8.0000,0,0,-1,0.0000,40209.1680,999.9999,546.6915,8.0000,32
4195,40034.0000,307.3688,0.0000,14.9951,40285.9102,624.5854,1000.0000,14.9951,0,0,-1,0.0000,40285.9102,624.5854,1000.0000,14.9951,30
4196,40046.0000,64.0196,250.9117,15.0000,40401.2656,1000.0000,924.7277,15.0000,0,0,-1,0.0000,40401.2656,1000.0000,924.7277,15.0000,30
4197,40059.0000,572.0549,37.2259,8.0000,40291.9688,249.7444,1000.0001,8.0000,0,0,-1,0.0000,40291.9688,249.7444,1000.0001,8.0000,30
4198,40070.0000,166.9170,842.0620,15.0000,40380.0469,999.9999,313.6577,15.0000,0,0,-1,0.0000,40380.0469,999.9999,313.6577,15.0000,29
4199,40082.0000,320.0611,0.0000,8.8924,40343.3906,928.0024,1000.0000,8.8924,0,0,-1,0.0000,40343.3906,928.0024,1000.0000,8.8924,29
4200,40089.0000,0.0000,393.9307,12.0157,40308.9258,1000.0000,761.1750,12.0157,0,0,-1,0.0000,40308.9258,1000.0000,761.1750,12.0157,28
4201,40101.0000,1000.0000,119.4803,14.4849,40360.6445,310.1589,1000.0000,14.4849,0,0,-1,0.0000,40360.6445,310.1589,1000.0000,14.4849,27
4202,40107.0000,280.2731,753.8080,15.0000,40410.7852,800.3597,-0.0000,15.0000,0,0,-1,0.0000,40410.7852,800.3597,-0.0000,15.0000,28
4203,40113.0000,856.7113,0.0000,10.6277,40491.3750,-0.0000,988.5876,10.6277,0,0,-1,0.0000,40491.3750,-0.0000,988.5876,10.6277,28
4204,40120.0000,0.0000,783.6920,9.0216,40378.3828,877.9536,-0.0000,9.0216,0,0,-1,0.0000,40378.3828,877.9536,-0.0000,9.0216,27
4205,40129.0000,0.0000,836.5532,13.0280,40441.8555,747.4280,-0.0000,13.0280,0,0,-1,0.0000,40441.8555,747.4280,-0.0000,13.0280,27
4206,40140.0000,576.7645,665.4915,15.0000,40310.4609,251.3346,-0.0000,15.0000,0,0,-1,0.0000,40310.4609,251.3346,-0.0000,15.0000,27
4207,40150.0000,535.0502,1000.0000,12.0030,40382.7891,429.2692,-0.0000,12.0030,0,0,-1,0.0000,40382.7891,429.2692,-0.0000,12.0030,27
4208,40157.0000,0.0000,563.6928,9.9959,40432.1523,999.9999,205.5801,9.9959,0,0,-1,0.0000,40432.1523,999.9999,205.5801,9.9959,27
4209,40169.0000,1000.0000,250.2147,10.9066,40445.5078,-0.0000,741.5391,10.9066,0,0,-1,0.0000,40445.5078,-0.0000,741.5391,10.9066,28
4210,40183.0000,0.0000,418.9605,12.5562,40448.2812,1000.0001,283.3242,12.5562,0,0,-1,0.0000,40448.2812,1000.0001,283.3242,12.5562,29
4211,40195.0000,0.0000,684.8027,12.1554,40488.7852,842.0381,-0.0000,12.1554,0,0,-1,0.0000,40488.7852,842.0381,-0.0000,12.1554,26
4212,40208.0000,1000.0000,907.9620,12.7522,40611.9023,7.1273,-0.0000,12.7522,0,0,-1,0.0000,40611.9023,7.1273,-0.0000,12.7522,26
4213,40216.0000,1000.0000,425.8117,13.3375,40418.9766,-0.0000,319.9963,13.3375,0,0,-1,0.0000,40418.9766,-0.0000,319.9963,13.3375,26
4214,40230.0000,936.3116,234.8808,15.0000,40455.8086,-0.0000,525.0107,15.0000,0,0,-1,0.0000,40455.8086,-0.0000,525.0107,15.0000,26
4215,40236.0000,166.6978,263.2290,15.0000,40460.9570,717.4675,1000.0001,15.0000,0,0,-1,0.0000,40460.9570,717.4675,1000.0001,15.0000,27
4216,40242.0000,1000.0000,984.7690,12.2066,40474.6133,463.4426,-0.0000,12.2066,0,0,-1,0.0000,40474.6133,463.4426,-0.0000,12.2066,28
4217,40251.0000,383.8176,0.0000,8.4206,40510.2305,859.6863,1000.0001,8.4206,0,0,-1,0.0000,40510.2305,859.6863,1000.0001,8.4206,28
4218,40263.0000,99.7691,0.0000,12.2565,40626.6836,705.3890,999.9999,12.2565,0,0,-1,0.0000,40626.6836,705.3890,999.9999,12.2565,29
4219,40274.0000,1000.0000,713.0707,12.4873,40506.6836,-0.0000,654.0386,12.4873,0,0,-1,0.0000,40506.6836,-0.0000,654.0386,12.4873,29
4220,40281.0000,259.1483,392.5157,8.0000,40500.2695,1000.0000,679.4182,8.0000,0,0,-1,0.0000,40500.2695,1000.0000,679.4182,8.0000,30
4221,40286.0000,281.4243,1000.0000,12.1502,40561.6562,484.4679,-0.0000,12.1502,0,0,-1,0.0000,40561.6562,484.4679,-0.0000,12.1502,30
4222,40300.0000,1000.0000,440.7092,10.9224,40614.6719,-0.0000,433.2017,10.9224,0,0,-1,0.0000,40614.6719,-0.0000,433.2017,10.9224,27
4223,40306.0000,1000.0000,682.1185,9.4752,40543.3906,-0.0000,419.4010,9.4752,0,0,-1,0.0000,40543.3906,-0.0000,419.4010,9.4752,27
4224,40315.0000,7.1433,186.6957,15.0000,40649.5508,1000.0000,429.9573,15.0000,0,0,-1,0.0000,40649.5508,1000.0000,429.9573,15.0000,26
4225,40325.0000,601.6407,568.0410,8.0000,40489.8633,-0.0000,31.0984,8.0000,0,0,-1,0.0000,40489.8633,-0.0000,31.0984,8.0000,26
4226,40332.0000,1000.0000,604.7221,11.5872,40575.5195,-0.0000,173.0005,11.5872,0,0,-1,0.0000,40575.5195,-0.0000,173.0005,11.5872,27
4227,40344.0000,0.0000,96.9623,14.0393,40669.2227,999.9999,791.3061,14.0393,0,0,-1,0.0000,40669.2227,999.9999,791.3061,14.0393,27
4228,40351.0000,0.0000,253.6350,14.0529,40675.5781,839.6904,1000.0001,14.0529,0,0,-1,0.0000,40675.5781,839.6904,1000.0001,14.0529,28
4229,40360.0000,456.2248,1000.0000,14.6803,40608.8945,206.7893,-0.0000,14.6803,0,0,-1,0.0000,40608.8945,206.7893,-0.0000,14.6803,29
4230,40369.0000,86.0687,641.9296,15.0000,40577.2969,1000.0000,407.1941,15.0000,0,0,-1,0.0000,40577.2969,1000.0000,407.1941,15.0000,29
4231,40383.0000,927.9691,608.9638,15.0000,40617.9023,-0.0000,485.6227,15.0000,0,0,-1,0.0000,40617.9023,-0.0000,485.6227,15.0000,27
4232,40389.0000,489.4050,185.2715,8.0000,40571.1484,473.8649,999.9999,8.0000,0,0,-1,0.0000,40571.1484,473.8649,999.9999,8.0000,28
4233,40403.0000,1000.0000,860.1022,13.7939,40723.4336,23.5195,-0.0000,13.7939,0,0,-1,0.0000,40723.4336,23.5195,-0.0000,13.7939,28
4234,40413.0000,0.0000,41.0083,12.4406,40693.1484,1000.0000,731.7338,12.4406,0,0,-1,0.0000,40693.1484,1000.0000,731.7338,12.4406,28
4235,40427.0000,912.9412,1000.0000,9.2968,40733.4492,478.7851,-0.0000,9.2968,0,0,-1,0.0000,40733.4492,478.7851,-0.0000,9.2968,28
4236,40432.0000,4.0246,242.5316,15.0000,40723.4141,1000.0000,448.0896,15.0000,0,0,-1,0.0000,40723.4141,1000.0000,448.0896,15.0000,29
4237,40437.0000,762.8719,225.9015,15.0000,40688.9297,287.4748,1000.0001,15.0000,0,0,-1,0.0000,40688.9297,287.4748,1000.0001,15.0000,29
4238,40447.0000,1000.0000,749.1083,13.1515,40691.7500,140.8349,-0.0000,13.1515,0,0,-1,0.0000,40691.7500,140.8349,-0.0000,13.1515,28
4239,40452.0000,281.7874,1000.0000,10.9458,40675.8672,364.4904,-0.0000,10.9458,0,0,-1,0.0000,40675.8672,364.4904,-0.0000,10.9458,28
4240,40460.0000,0.0000,151.6145,11.9138,40732.3164,1000.0001,856.4421,11.9138,0,0,-1,0.0000,40732.3164,1000.0001,856.4421,11.9138,28
4241,40473.0000,0.0000,384.0198,11.9655,40801.5547,1000.0000,492.6167,11.9655,0,0,-1,0.0000,40801.5547,1000.0000,492.6167,11.9655,28
4242,40484.0000,0.0000,197.9048,12.0653,40746.3164,1000.0001,684.6127,12.0653,0,0,-1,0.0000,40746.3164,1000.0001,684.6127,12.0653,28
4243,40489.0000,1000.0000,910.8952,13.6046,40769.8086,-0.0000,148.3611,13.6046,0,0,-1,0.0000,40769.8086,-0.0000,148.3611,13.6046,28
4244,40496.0000,637.6663,1000.0000,12.2507,40780.8477,414.6297,-0.0000,12.2507,0,0,-1,0.0000,40780.8477,414.6297,-0.0000,12.2507,27
4245,40503.0000,135.1400,973.6869,8.0000,40809.3789,599.7156,-0.0000,8.0000,0,0,-1,0.0000,40809.3789,599.7156,-0.0000,8.0000,27
4246,40514.0000,1000.0000,411.3830,12.5613,40825.5703,-0.0000,807.3857,12.5613,0,0,-1,0.0000,40825.5703,-0.0000,807.3857,12.5613,26
4247,40527.0000,976.2111,420.4272,8.0000,40745.6680,-0.0000,386.7038,8.0000,0,0,-1,0.0000,40745.6680,-0.0000,386.7038,8.0000,27
4248,40538.0000,634.3335,74.8468,15.0000,40754.1328,615.8708,1000.0000,15.0000,0,0,-1,0.0000,40754.1328,615.8708,1000.0000,15.0000,28
4249,40545.0000,856.6298,0.0000,9.3388,40831.5547,-0.0000,798.5760,9.3388,0,0,-1,0.0000,40831.5547,-0.0000,798.5760,9.3388,28
4250,40556.0000,32.5571,0.0000,14.9037,40882.5234,999.9999,631.8134,14.9037,0,0,-1,0.0000,40882.5234,999.9999,631.8134,14.9037,29
4251,40564.0000,48.1665,0.0000,14.0528,40856.4180,916.7090,1000.0000,14.0528,0,0,-1,0.0000,40856.4180,916.7090,1000.0000,14.0528,29
4252,40576.0000,1000.0000,636.8552,13.0362,40864.1758,-0.0000,137.1657,13.0362,0,0,-1,0.0000,40864.1758,-0.0000,137.1657,13.0362,28
4253,40581.0000,252.2618,1000.0000,12.4180,40846.2695,809.7372,-0.0000,12.4180,0,0,-1,0.0000,40846.2695,809.7372,-0.0000,12.4180,28
4254,40589.0000,424.2177,397.6593,8.0000,40772.6680,668.4626,1000.0000,8.0000,0,0,-1,0.0000,40772.6680,668.4626,1000.0000,8.0000,29
4255,40600.0000,71.3648,325.7378,8.0000,40846.4336,1000.0000,508.8719,8.0000,0,0,-1,0.0000,40846.4336,1000.0000,508.8719,8.0000,30
4256,40612.0000,0.0000,291.7801,9.5280,40846.7266,1000.0001,810.5132,9.5280,0,0,-1,0.0000,40846.7266,1000.0001,810.5132,9.5280,29
4257,40620.0000,849.7678,1000.0000,13.3050,40854.9766,-0.0000,252.8586,13.3050,0,0,-1,0.0000,40854.9766,-0.0000,252.8586,13.3050,28
4258,40634.0000,531.7040,1000.0000,10.2359,40923.7344,161.2310,-0.0000,10.2359,0,0,-1,0.0000,40923.7344,161.2310,-0.0000,10.2359,28
4259,40642.0000,229.0781,342.3824,8.0000,40905.5703,1000.0000,656.8895,8.0000,0,0,-1,0.0000,40905.5703,1000.0000,656.8895,8.0000,29
4260,40649.0000,1000.0000,91.5243,14.8488,40947.9727,-0.0000,602.1243,14.8488,0,0,-1,0.0000,40947.9727,-0.0000,602.1243,14.8488,30
4261,40661.0000,812.9689,258.1939,15.0000,40956.2227,-0.0000,798.5309,15.0000,0,0,-1,0.0000,40956.2227,-0.0000,798.5309,15.0000,30
4262,40672.0000,566.4005,1000.0000,10.4463,40914.7031,400.5226,-0.0000,10.4463,0,0,-1,0.0000,40914.7031,400.5226,-0.0000,10.4463,30
4263,40679.0000,440.6141,707.6033,8.0000,40892.8945,728.5386,-0.0000,8.0000,0,0,-1,0.0000,40892.8945,728.5386,-0.0000,8.0000,29
4264,40690.0000,14.5003,0.0000,11.8847,40984.6328,923.4213,1000.0000,11.8847,0,0,-1,0.0000,40984.6328,923.4213,1000.0000,11.8847,29
4265,40698.0000,0.0000,951.6451,8.8595,40932.5117,1000.0001,449.0102,8.8595,0,0,-1,0.0000,40932.5117,1000.0001,449.0102,8.8595,28
4266,40703.0000,1000.0000,161.4370,8.7594,40938.9258,-0.0000,711.3378,8.7594,0,0,-1,0.0000,40938.9258,-0.0000,711.3378,8.7594,29
4267,40711.0000,153.4520,417.7604,15.0000,41011.1484,1000.0001,821.7650,15.0000,0,0,-1,0.0000,41011.1484,1000.0001,821.7650,15.0000,30
4268,40722.0000,0.0000,408.0165,9.1320,40998.2969,999.9999,276.8676,9.1320,0,0,-1,0.0000,40998.2969,999.9999,276.8676,9.1320,31
4269,40727.0000,702.9262,144.1063,8.0000,41011.0664,359.0312,1000.0000,8.0000,0,0,-1,0.0000,41011.0664,359.0312,1000.0000,8.0000,30
4270,40740.0000,0.0000,378.2923,9.3879,40961.7695,1000.0000,446.4708,9.3879,0,0,-1,0.0000,40961.7695,1000.0000,446.4708,9.3879,29
4271,40748.0000,0.0000,989.8027,10.2543,41041.3984,673.1666,-0.0000,10.2543,0,0,-1,0.0000,41041.3984,673.1666,-0.0000,10.2543,28
4272,40754.0000,176.4611,0.0000,10.5798,41107.9453,602.4405,1000.0001,10.5798,0,0,-1,0.0000,41107.9453,602.4405,1000.0001,10.5798,29
4273,40768.0000,529.5765,996.4109,8.0000,41023.6992,439.9074,-0.0000,8.0000,0,0,-1,0.0000,41023.6992,439.9074,-0.0000,8.0000,29
4274,40773.0000,843.5125,996.6791,8.0000,41164.3203,182.7795,-0.0000,8.0000,0,0,-1,0.0000,41164.3203,182.7795,-0.0000,8.0000,28
4275,40779.0000,951.3757,822.2251,15.0000,41084.5000,-0.0000,57.5784,15.0000,0,0,-1,0.0000,41084.5000,-0.0000,57.5784,15.0000,29
4276,40786.0000,915.3793,1000.0000,9.0682,41027.8594,509.8625,-0.0000,9.0682,0,0,-1,0.0000,41027.8594,509.8625,-0.0000,9.0682,29
4277,40797.0000,937.8049,1000.0000,10.7285,41057.6875,-0.0000,315.9261,10.7285,0,0,-1,0.0000,41057.6875,-0.0000,315.9261,10.7285,30
4278,40808.0000,0.0000,798.9523,14.5120,41047.1562,1000.0001,442.0825,14.5120,0,0,-1,0.0000,41047.1562,1000.0001,442.0825,14.5120,30
4279,40813.0000,107.4213,0.0000,11.7998,41059.3750,577.0927,1000.0000,11.7998,0,0,-1,0.0000,41059.3750,577.0927,1000.0000,11.7998,30
4280,40820.0000,1000.0000,887.8354,14.2160,41083.5781,241.3290,-0.0000,14.2160,0,0,-1,0.0000,41083.5781,241.3290,-0.0000,14.2160,31
4281,40830.0000,515.7209,669.2585,15.0000,41005.0156,628.8480,-0.0000,15.0000,0,0,-1,0.0000,41005.0156,628.8480,-0.0000,15.0000,31
4282,40842.0000,0.0000,172.3090,11.5529,41076.7148,999.9999,539.9169,11.5529,0,0,-1,0.0000,41076.7148,999.9999,539.9169,11.5529,31
4283,40851.0000,827.6533,0.0000,9.5594,41127.3555,275.4693,1000.0000,9.5594,0,0,-1,0.0000,41127.3555,275.4693,1000.0000,9.5594,29
4284,40859.0000,737.2362,991.2599,8.0000,41177.0430,-0.0000,222.5599,8.0000,0,0,-1,0.0000,41177.0430,-0.0000,222.5599,8.0000,28
4285,40872.0000,11.4380,1000.0000,9.6405,41192.1836,1000.0000,88.3367,9.6405,0,0,-1,0.0000,41192.1836,1000.0000,88.3367,9.6405,28
4286,40878.0000,430.4324,649.5349,15.0000,41027.7969,619.4851,-0.0000,15.0000,0,0,-1,0.0000,41027.7969,619.4851,-0.0000,15.0000,29
4287,40884.0000,872.9075,375.9982,15.0000,41109.7031,76.3630,1000.0000,15.0000,0,0,-1,0.0000,41109.7031,76.3630,1000.0000,15.0000,29
4288,40892.0000,1000.0000,761.1672,11.7844,41120.5703,-0.0000,443.2518,11.7844,0,0,-1,0.0000,41120.5703,-0.0000,443.2518,11.7844,30
4289,40905.0000,98.8938,763.0306,15.0000,41116.7422,683.2973,-0.0000,15.0000,0,0,-1,0.0000,41116.7422,683.2973,-0.0000,15.0000,30
4290,40914.0000,0.0000,320.2165,12.5692,41221.5586,999.9999,391.1493,12.5692,0,0,-1,0.0000,41221.5586,999.9999,391.1493,12.5692,30
4291,40924.0000,640.8027,1000.0000,9.4707,41182.9375,423.5916,-0.0000,9.4707,0,0,-1,0.0000,41182.9375,423.5916,-0.0000,9.4707,29
4292,40934.0000,0.0000,250.7351,14.9482,41190.6797,884.6653,1000.0000,14.9482,0,0,-1,0.0000,41190.6797,884.6653,1000.0000,14.9482,29
4293,40940.0000,561.6077,1000.0000,14.8647,41246.0703,567.3696,-0.0000,14.8647,0,0,-1,0.0000,41246.0703,567.3696,-0.0000,14.8647,29
4294,40950.0000,825.2334,0.0000,11.9154,41251.8633,-0.0000,918.1241,11.9154,0,0,-1,0.0000,41251.8633,-0.0000,918.1241,11.9154,29
4295,40959.0000,1000.0000,161.4799,8.8305,41290.3789,-0.0000,565.3475,8.8305,0,0,-1,0.0000,41290.3789,-0.0000,565.3475,8.8305,29
4296,40973.0000,864.9153,1000.0000,11.4646,41372.6953,78.0576,-0.0000,11.4646,0,0,-1,0.0000,41372.6953,78.0576,-0.0000,11.4646,29
4297,40981.0000,955.3179,340.0830,15.0000,41200.7188,-0.0000,811.1173,15.0000,0,0,-1,0.0000,41200.7188,-0.0000,811.1173,15.0000,30
4298,40989.0000,0.0000,969.4988,10.4987,41329.7891,999.9999,395.0758,10.4987,0,0,-1,0.0000,41329.7891,999.9999,395.0758,10.4987,30
4299,41000.0000,1000.0000,655.3061,9.6927,41324.4844,38.9119,-0.0000,9.6927,0,0,-1,0.0000,41324.4844,38.9119,-0.0000,9.6927,30
4300,41014.0000,768.1765,0.0000,11.1858,41379.6289,-0.0000,802.7963,11.1858,0,0,-1,0.0000,41379.6289,-0.0000,802.7963,11.1858,28
4301,41021.0000,221.6620,1000.0000,10.4753,41305.2305,1000.0000,312.6361,10.4753,0,0,-1,0.0000,41305.2305,1000.0000,312.6361,10.4753,29
4302,41035.0000,674.3905,430.1699,15.0000,41220.2812,20.6623,1000.0000,15.0000,0,0,-1,0.0000,41220.2812,20.6623,1000.0000,15.0000,27
4303,41044.0000,949.4936,1000.0000,13.7165,41363.4062,103.7782,-0.0000,13.7165,0,0,-1,0.0000,41363.4062,103.7782,-0.0000,13.7165,27
4304,41049.0000,896.5958,0.0000,10.4075,41324.5820,328.1210,1000.0000,10.4075,0,0,-1,0.0000,41324.5820,328.1210,1000.0000,10.4075,27
4305,41062.0000,374.9571,0.0000,9.8803,41300.0430,452.6318,1000.0000,9.8803,0,0,-1,0.0000,41300.0430,452.6318,1000.0000,9.8803,26
4306,41067.0000,548.3145,521.1522,15.0000,41254.2305,-0.0000,243.4198,15.0000,0,0,-1,0.0000,41254.2305,-0.0000,243.4198,15.0000,27
4307,41078.0000,320.0960,550.2188,8.0000,41259.6680,999.9999,515.2062,8.0000,0,0,-1,0.0000,41259.6680,999.9999,515.2062,8.0000,27
4308,41086.0000,856.4332,1000.0000,10.1578,41344.1680,196.2148,-0.0000,10.1578,0,0,-1,0.0000,41344.1680,196.2148,-0.0000,10.1578,26
4309,41097.0000,387.8934,1000.0000,13.4343,41316.4961,569.4200,-0.0000,13.4343,0,0,-1,0.0000,41316.4961,569.4200,-0.0000,13.4343,27
4310,41104.0000,796.1177,0.0000,10.2293,41389.9375,-0.0000,862.2194,10.2293,0,0,-1,0.0000,41389.9375,-0.0000,862.2194,10.2293,28
4311,41111.0000,285.3721,0.0000,8.3790,41394.4375,1000.0000,769.9803,8.3790,0,0,-1,0.0000,41394.4375,1000.0000,769.9803,8.3790,27
4312,41122.0000,185.8729,492.3137,8.0000,41338.5898,999.9999,415.0045,8.0000,0,0,-1,0.0000,41338.5898,999.9999,415.0045,8.0000,26
4313,41133.0000,0.0000,827.9894,13.6658,41448.5469,974.1973,-0.0000,13.6658,0,0,-1,0.0000,41448.5469,974.1973,-0.0000,13.6658,26
4314,41142.0000,768.7253,57.9178,15.0000,41422.7773,396.3050,1000.0001,15.0000,0,0,-1,0.0000,41422.7773,396.3050,1000.0001,15.0000,27
4315,41149.0000,0.0000,859.9971,8.3034,41439.8984,1000.0001,564.0336,8.3034,0,0,-1,0.0000,41439.8984,1000.0001,564.0336,8.3034,28
4316,41158.0000,974.5772,374.3495,8.0000,41357.1055,-0.0000,351.9689,8.0000,0,0,-1,0.0000,41357.1055,-0.0000,351.9689,8.0000,29
4317,41170.0000,55.6162,633.9887,15.0000,41425.9648,1000.0001,220.7240,15.0000,0,0,-1,0.0000,41425.9648,1000.0001,220.7240,15.0000,29
4318,41180.0000,27.3896,945.7884,15.0000,41498.8125,579.9053,-0.0000,15.0000,0,0,-1,0.0000,41498.8125,579.9053,-0.0000,15.0000,29
4319,41191.0000,849.8031,1000.0000,14.3375,41427.7461,-0.0000,185.0226,14.3375,0,0,-1,0.0000,41427.7461,-0.0000,185.0226,14.3375,28
4320,41197.0000,1000.0000,833.8151,11.6602,41575.3164,-0.0000,244.4267,11.6602,0,0,-1,0.0000,41575.3164,-0.0000,244.4267,11.6602,28
4321,41209.0000,889.4619,541.9006,15.0000,41209.0000,889.4619,541.9006,15.0000,0,0,-1,0.0000,41209.0000,889.4619,541.9006,15.0000,28
4322,41215.0000,0.0000,449.0889,8.4424,41419.7031,1000.0001,586.6359,8.4424,0,0,-1,0.0000,41419.7031,1000.0001,586.6359,8.4424,28
4323,41228.0000,1000.0000,556.7730,10.5623,41450.9102,-0.0000,295.9221,10.5623,0,0,-1,0.0000,41450.9102,-0.0000,295.9221,10.5623,27
4324,41233.0000,666.1819,0.0000,11.3476,41478.6992,60.0682,999.9999,11.3476,0,0,-1,0.0000,41478.6992,60.0682,999.9999,11.3476,28
4325,41245.0000,850.7817,4.1000,15.0000,41624.4141,-0.0000,808.4143,15.0000,0,0,-1,0.0000,41624.4141,-0.0000,808.4143,15.0000,29
4326,41254.0000,627.9272,0.0000,10.2298,41569.6992,260.3361,1000.0000,10.2298,0,0,-1,0.0000,41569.6992,260.3361,1000.0000,10.2298,28
4327,41260.0000,207.5079,486.7217,8.0000,41454.1641,999.9999,804.6155,8.0000,0,0,-1,0.0000,41454.1641,999.9999,804.6155,8.0000,27
4328,41271.0000,278.2794,1000.0000,13.9808,41527.1758,346.4394,-0.0000,13.9808,0,0,-1,0.0000,41527.1758,346.4394,-0.0000,13.9808,28
4329,41284.0000,0.0000,422.7799,14.9620,41569.7227,999.9999,263.8584,14.9620,0,0,-1,0.0000,41569.7227,999.9999,263.8584,14.9620,29
4330,41295.0000,1000.0000,334.7800,9.1364,41619.1758,-0.0000,605.9033,9.1364,0,0,-1,0.0000,41619.1758,-0.0000,605.9033,9.1364,29
4331,41300.0000,610.7235,237.2272,15.0000,41562.1250,-0.0000,919.6705,15.0000,0,0,-1,0.0000,41562.1250,-0.0000,919.6705,15.0000,30
4332,41312.0000,1000.0000,810.2754,13.2885,41588.8672,206.0718,-0.0000,13.2885,0,0,-1,0.0000,41588.8672,206.0718,-0.0000,13.2885,29
4333,41325.0000,276.2498,0.0000,11.7205,41689.1562,1000.0001,997.9096,11.7205,0,0,-1,0.0000,41689.1562,1000.0001,997.9096,11.7205,27
4334,41336.0000,336.3005,1000.0000,9.3594,41567.5195,545.1977,-0.0000,9.3594,0,0,-1,0.0000,41567.5195,545.1977,-0.0000,9.3594,27
4335,41349.0000,0.0000,483.4248,8.1254,41579.5078,999.9999,672.9551,8.1254,0,0,-1,0.0000,41579.5078,999.9999,672.9551,8.1254,26
4336,41357.0000,639.0433,1000.0000,8.7589,41610.3594,8.6374,-0.0000,8.7589,0,0,-1,0.0000,41610.3594,8.6374,-0.0000,8.7589,27
4337,41370.0000,187.1840,1000.0000,12.8274,41743.5195,824.9739,-0.0000,12.8274,0,0,-1,0.0000,41743.5195,824.9739,-0.0000,12.8274,26
4338,41378.0000,491.5459,0.0000,10.7073,41617.5859,664.5622,999.9999,10.7073,0,0,-1,0.0000,41617.5859,664.5622,999.9999,10.7073,26
4339,41388.0000,929.7647,0.0000,11.9198,41720.3789,-0.0000,750.6660,11.9198,0,0,-1,0.0000,41720.3789,-0.0000,750.6660,11.9198,26
4340,41396.0000,391.7248,1000.0000,12.0854,41664.6250,990.3988,-0.0000,12.0854,0,0,-1,0.0000,41664.6250,990.3988,-0.0000,12.0854,25
4341,41403.0000,704.9212,0.0000,10.0529,41622.5625,340.1017,1000.0001,10.0529,0,0,-1,0.0000,41622.5625,340.1017,1000.0001,10.0529,26
4342,41411.0000,955.3928,51.5420,8.0000,41646.4258,344.5855,999.9999,8.0000,0,0,-1,0.0000,41646.4258,344.5855,999.9999,8.0000,27
4343,41416.0000,954.0242,0.0000,13.1451,41727.2422,227.8122,1000.0000,13.1451,0,0,-1,0.0000,41727.2422,227.8122,1000.0000,13.1451,28
4344,41424.0000,948.1947,0.0000,11.7007,41677.3516,455.1222,1000.0000,11.7007,0,0,-1,0.0000,41677.3516,455.1222,1000.0000,11.7007,27
4345,41432.0000,0.0000,952.7516,13.5431,41701.7617,572.8486,-0.0000,13.5431,0,0,-1,0.0000,41701.7617,572.8486,-0.0000,13.5431,26
4346,41440.0000,711.1693,4.5894,8.0000,41686.9688,156.2113,1000.0001,8.0000,0,0,-1,0.0000,41686.9688,156.2113,1000.0001,8.0000,26
4347,41451.0000,237.4236,103.3400,15.0000,41770.9766,1000.0000,789.2338,15.0000,0,0,-1,0.0000,41770.9766,1000.0000,789.2338,15.0000,25
4348,41457.0000,973.6658,1000.0000,8.4331,41683.9492,-0.0000,453.6184,8.4331,0,0,-1,0.0000,41683.9492,-0.0000,453.6184,8.4331,25
4349,41463.0000,500.8101,0.0000,13.5170,41684.3516,812.6691,1000.0000,13.5170,0,0,-1,0.0000,41684.3516,812.6691,1000.0000,13.5170,26
4350,41473.0000,283.0003,0.0000,8.1021,41705.3750,1000.0000,843.8406,8.1021,0,0,-1,0.0000,41705.3750,1000.0000,843.8406,8.1021,27
4351,41487.0000,342.3024,1000.0000,10.9649,41812.2773,369.8611,-0.0000,10.9649,0,0,-1,0.0000,41812.2773,369.8611,-0.0000,10.9649,27
4352,41493.0000,280.9280,46.2850,8.0000,41886.9258,980.0146,1000.0000,8.0000,0,0,-1,0.0000,41886.9258,980.0146,1000.0000,8.0000,28
4353,41500.0000,38.4183,565.5386,15.0000,41766.6094,1000.0001,250.1321,15.0000,0,0,-1,0.0000,41766.6094,1000.0001,250.1321,15.0000,28
4354,41508.0000,1000.0000,683.3738,8.7746,41886.8945,-0.0000,13.5041,8.7746,0,0,-1,0.0000,41886.8945,-0.0000,13.5041,8.7746,29
4355,41514.0000,415.4917,1000.0000,14.2678,41775.9258,906.4449,-0.0000,14.2678,0,0,-1,0.0000,41775.9258,906.4449,-0.0000,14.2678,30
4356,41525.0000,701.4875,1000.0000,13.2313,41802.3984,-0.0000,185.9638,13.2313,0,0,-1,0.0000,41802.3984,-0.0000,185.9638,13.2313,31
4357,41534.0000,1000.0000,996.8809,10.1694,41882.3125,-0.0000,397.8200,10.1694,0,0,-1,0.0000,41882.3125,-0.0000,397.8200,10.1694,31
4358,41542.0000,804.5082,737.5043,15.0000,41741.6602,266.1721,-0.0000,15.0000,0,0,-1,0.0000,41741.6602,266.1721,-0.0000,15.0000,32
4359,41556.0000,345.5281,49.8738,15.0000,41836.0234,999.4240,999.9999,15.0000,0,0,-1,0.0000,41836.0234,999.4240,999.9999,15.0000,33
4360,41563.0000,737.5835,461.0797,8.0000,41738.8008,-0.0000,511.6414,8.0000,0,0,-1,0.0000,41738.8008,-0.0000,511.6414,8.0000,33
4361,41575.0000,293.6371,42.9391,8.0000,41824.4844,484.9305,1000.0000,8.0000,0,0,-1,0.0000,41824.4844,484.9305,1000.0000,8.0000,31
4362,41585.0000,1000.0000,631.0467,12.7344,41844.7812,-0.0000,378.1034,12.7344,0,0,-1,0.0000,41844.7812,-0.0000,378.1034,12.7344,30
4363,41599.0000,622.2661,1000.0000,10.4480,41860.4922,7.2502,-0.0000,10.4480,0,0,-1,0.0000,41860.4922,7.2502,-0.0000,10.4480,30
4364,41611.0000,857.7308,1000.0000,8.5412,41890.3867,564.9810,-0.0000,8.5412,0,0,-1,0.0000,41890.3867,564.9810,-0.0000,8.5412,30
4365,41623.0000,0.0000,559.4194,8.5287,41896.7344,999.9999,167.4818,8.5287,0,0,-1,0.0000,41896.7344,999.9999,167.4818,8.5287,28
4366,41633.0000,1000.0000,705.7282,10.6973,41895.9688,112.2138,-0.0000,10.6973,0,0,-1,0.0000,41895.9688,112.2138,-0.0000,10.6973,28
4367,41646.0000,1000.0000,905.9218,13.3335,41943.9531,284.3272,-0.0000,13.3335,0,0,-1,0.0000,41943.9531,284.3272,-0.0000,13.3335,29
4368,41654.0000,976.1608,136.8524,8.0000,41949.1094,-0.0000,610.5950,8.0000,0,0,-1,0.0000,41949.1094,-0.0000,610.5950,8.0000,29
4369,41667.0000,168.6984,1000.0000,11.2260,42001.6758,999.9999,239.8954,11.2260,0,0,-1,0.0000,42001.6758,999.9999,239.8954,11.2260,29
4370,41680.0000,1000.0000,489.5598,12.0449,41884.5352,-0.0000,381.4783,12.0449,0,0,-1,0.0000,41884.5352,-0.0000,381.4783,12.0449,29
4371,41689.0000,772.9495,0.0000,11.6720,42033.9766,100.5615,1000.0001,11.6720,0,0,-1,0.0000,42033.9766,100.5615,1000.0001,11.6720,27
4372,41699.0000,826.3254,1000.0000,11.8220,41963.5273,354.8286,-0.0000,11.8220,0,0,-1,0.0000,41963.5273,354.8286,-0.0000,11.8220,27
4373,41706.0000,0.0000,175.6773,12.5106,41946.5039,1000.0000,489.7392,12.5106,0,0,-1,0.0000,41946.5039,1000.0000,489.7392,12.5106,26
4374,41712.0000,289.8522,137.8578,8.0000,41911.7539,553.8286,1000.0001,8.0000,0,0,-1,0.0000,41911.7539,553.8286,1000.0001,8.0000,27
4375,41717.0000,261.7160,0.0000,9.5795,41930.4219,491.8423,1000.0000,9.5795,0,0,-1,0.0000,41930.4219,491.8423,1000.0000,9.5795,28
4376,41724.0000,719.5421,5.2409,8.0000,41941.1445,-0.0000,781.3876,8.0000,0,0,-1,0.0000,41941.1445,-0.0000,781.3876,8.0000,28
4377,41733.0000,1000.0000,814.0932,12.0264,42037.9609,-0.0000,322.1537,12.0264,0,0,-1,0.0000,42037.9609,-0.0000,322.1537,12.0264,28
4378,41745.0000,832.0865,255.3341,15.0000,42045.2305,304.0488,999.9999,15.0000,0,0,-1,0.0000,42045.2305,304.0488,999.9999,15.0000,26
4379,41757.0000,1000.0000,959.5272,9.1002,42085.0391,-0.0000,212.1541,9.1002,0,0,-1,0.0000,42085.0391,-0.0000,212.1541,9.1002,27
4380,41764.0000,523.0853,0.0000,10.7287,42032.6953,579.5594,1000.0000,10.7287,0,0,-1,0.0000,42032.6953,579.5594,1000.0000,10.7287,28
4381,41770.0000,555.2358,0.0000,13.5293,42083.2852,555.7485,1000.0000,13.5293,0,0,-1,0.0000,42083.2852,555.7485,1000.0000,13.5293,28
4382,41781.0000,1000.0000,620.0287,8.2787,42078.5703,52.3205,-0.0000,8.2787,0,0,-1,0.0000,42078.5703,52.3205,-0.0000,8.2787,27
4383,41794.0000,556.4665,1000.0000,10.7472,42022.8633,469.5369,-0.0000,10.7472,0,0,-1,0.0000,42022.8633,469.5369,-0.0000,10.7472,28
4384,41799.0000,651.8287,573.6351,8.0000,42005.4727,-0.0000,265.1310,8.0000,0,0,-1,0.0000,42005.4727,-0.0000,265.1310,8.0000,29
4385,41813.0000,0.0000,562.9644,14.5705,42057.6484,999.9999,686.2166,14.5705,0,0,-1,0.0000,42057.6484,999.9999,686.2166,14.5705,28
4386,41827.0000,31.4278,0.0000,13.7889,42090.2617,556.6346,1000.0001,13.7889,0,0,-1,0.0000,42090.2617,556.6346,1000.0001,13.7889,28
4387,41839.0000,780.2769,0.0000,12.7747,42106.4805,431.0509,1000.0000,12.7747,0,0,-1,0.0000,42106.4805,431.0509,1000.0000,12.7747,28
4388,41853.0000,0.0000,952.1169,8.5466,42260.3320,932.8371,-0.0000,8.5466,0,0,-1,0.0000,42260.3320,932.8371,-0.0000,8.5466,28
4389,41864.0000,911.4976,785.7643,8.0000,42164.0000,-0.0000,160.9763,8.0000,0,0,-1,0.0000,42164.0000,-0.0000,160.9763,8.0000,28
4390,41872.0000,770.0135,527.3954,8.0000,42115.5078,-0.0000,220.4676,8.0000,0,0,-1,0.0000,42115.5078,-0.0000,220.4676,8.0000,29
4391,41879.0000,1000.0000,293.7031,9.3769,42175.0039,-0.0000,653.0743,9.3769,0,0,-1,0.0000,42175.0039,-0.0000,653.0743,9.3769,30
4392,41887.0000,650.6516,429.8376,8.0000,42044.0117,-0.0000,771.6423,8.0000,0,0,-1,0.0000,42044.0117,-0.0000,771.6423,8.0000,27
4393,41899.0000,457.0919,1000.0000,9.8497,42158.1328,203.4004,-0.0000,9.8497,0,0,-1,0.0000,42158.1328,203.4004,-0.0000,9.8497,25
4394,41907.0000,843.4659,31.3277,8.0000,42124.3203,547.5171,999.9999,8.0000,0,0,-1,0.0000,42124.3203,547.5171,999.9999,8.0000,26
4395,41913.0000,839.5143,1000.0000,14.7083,42216.5898,559.3300,-0.0000,14.7083,0,0,-1,0.0000,42216.5898,559.3300,-0.0000,14.7083,26
4396,41921.0000,503.1893,1000.0000,10.1515,42134.2812,840.2971,-0.0000,10.1515,0,0,-1,0.0000,42134.2812,840.2971,-0.0000,10.1515,27
4397,41928.0000,1000.0000,81.7975,9.2060,42193.6680,132.3302,1000.0000,9.2060,0,0,-1,0.0000,42193.6680,132.3302,1000.0000,9.2060,28
4398,41941.0000,599.0278,0.0000,11.3597,42167.9102,702.4388,1000.0000,11.3597,0,0,-1,0.0000,42167.9102,702.4388,1000.0000,11.3597,28
4399,41949.0000,326.6993,1000.0000,10.9396,42266.2734,328.4052,-0.0000,10.9396,0,0,-1,0.0000,42266.2734,328.4052,-0.0000,10.9396,26
4400,41956.0000,280.4037,642.7071,15.0000,42129.2344,785.3543,-0.0000,15.0000,0,0,-1,0.0000,42129.2344,785.3543,-0.0000,15.0000,26
4401,41966.0000,840.0029,56.5306,8.0000,42211.2188,-0.0000,835.7572,8.0000,0,0,-1,0.0000,42211.2188,-0.0000,835.7572,8.0000,26
4402,41973.0000,964.8997,183.0560,15.0000,42210.5547,190.9008,1000.0000,15.0000,0,0,-1,0.0000,42210.5547,190.9008,1000.0000,15.0000,27
4403,41980.0000,517.6958,1000.0000,13.1129,42205.7344,246.7759,-0.0000,13.1129,0,0,-1,0.0000,42205.7344,246.7759,-0.0000,13.1129,28
4404,41987.0000,439.1339,1000.0000,11.4067,42199.8125,626.8279,-0.0000,11.4067,0,0,-1,0.0000,42199.8125,626.8279,-0.0000,11.4067,29
4405,41993.0000,314.2142,0.0000,9.5638,42232.1055,392.1291,1000.0000,9.5638,0,0,-1,0.0000,42232.1055,392.1291,1000.0000,9.5638,30
4406,42006.0000,839.8787,363.7246,15.0000,42298.6172,-0.0000,776.4016,15.0000,0,0,-1,0.0000,42298.6172,-0.0000,776.4016,15.0000,29
4407,42013.0000,721.8709,0.0000,8.1024,42227.2969,422.7187,1000.0000,8.1024,0,0,-1,0.0000,42227.2969,422.7187,1000.0000,8.1024,30
4408,42021.0000,0.0000,533.6630,8.0372,42300.1016,999.9999,264.0665,8.0372,0,0,-1,0.0000,42300.1016,999.9999,264.0665,8.0372,31
4409,42026.0000,571.7519,311.0254,15.0000,42271.5273,-0.0000,980.6965,15.0000,0,0,-1,0.0000,42271.5273,-0.0000,980.6965,15.0000,31
4410,42031.0000,580.8300,0.0000,11.9264,42347.9258,719.4978,1000.0000,11.9264,0,0,-1,0.0000,42347.9258,719.4978,1000.0000,11.9264,32
4411,42041.0000,1000.0000,66.7137,11.1082,42305.8398,71.2662,1000.0000,11.1082,0,0,-1,0.0000,42305.8398,71.2662,1000.0000,11.1082,30
4412,42055.0000,1000.0000,899.5827,9.7077,42398.9961,69.3139,-0.0000,9.7077,0,0,-1,0.0000,42398.9961,69.3139,-0.0000,9.7077,29
4413,42064.0000,0.0000,942.5952,13.3678,42470.8555,1000.0000,65.8976,13.3678,0,0,-1,0.0000,42470.8555,1000.0000,65.8976,13.3678,29
4414,42078.0000,1000.0000,544.1119,8.5550,42078.0000,1000.0000,544.1119,8.5550,0,0,-1,0.0000,42078.0000,1000.0000,544.1119,8.5550,30
4415,42088.0000,797.9555,1000.0000,12.3147,42408.3555,-0.0000,301.7962,12.3147,0,0,-1,0.0000,42408.3555,-0.0000,301.7962,12.3147,27
4416,42094.0000,430.8450,19.8574,15.0000,42311.5234,660.5927,999.9999,15.0000,0,0,-1,0.0000,42311.5234,660.5927,999.9999,15.0000,27
4417,42101.0000,550.3635,260.0646,8.0000,42338.9883,436.1159,1000.0000,8.0000,0,0,-1,0.0000,42338.9883,436.1159,1000.0000,8.0000,28
4418,42111.0000,114.7252,0.0000,10.2047,42406.8750,781.0586,1000.0000,10.2047,0,0,-1,0.0000,42406.8750,781.0586,1000.0000,10.2047,28
4419,42117.0000,444.4859,810.6185,8.0000,42310.4961,807.8429,-0.0000,8.0000,0,0,-1,0.0000,42310.4961,807.8429,-0.0000,8.0000,28
4420,42122.0000,1000.0000,48.6466,9.6101,42406.8516,-0.0000,757.7801,9.6101,0,0,-1,0.0000,42406.8516,-0.0000,757.7801,9.6101,29
4421,42130.0000,491.6392,0.0000,11.9785,42385.8086,376.1800,1000.0000,11.9785,0,0,-1,0.0000,42385.8086,376.1800,1000.0000,11.9785,28
4422,42143.0000,656.3305,1000.0000,8.9805,42464.8320,568.7962,-0.0000,8.9805,0,0,-1,0.0000,42464.8320,568.7962,-0.0000,8.9805,28
4423,42155.0000,694.4639,410.2318,8.0000,42318.4531,-0.0000,556.7297,8.0000,0,0,-1,0.0000,42318.4531,-0.0000,556.7297,8.0000,29
4424,42163.0000,0.0000,993.7570,12.8185,42444.2656,722.1562,-0.0000,12.8185,0,0,-1,0.0000,42444.2656,722.1562,-0.0000,12.8185,29
4425,42171.0000,145.6895,93.3255,8.0000,42467.3008,620.1036,1000.0000,8.0000,0,0,-1,0.0000,42467.3008,620.1036,1000.0000,8.0000,28
4426,42181.0000,497.8898,290.8403,8.0000,42343.0117,453.7287,999.9999,8.0000,0,0,-1,0.0000,42343.0117,453.7287,999.9999,8.0000,28
4427,42191.0000,73.8782,110.6914,15.0000,42508.4883,1000.0000,556.7924,15.0000,0,0,-1,0.0000,42508.4883,1000.0000,556.7924,15.0000,29
4428,42201.0000,645.7381,281.2773,15.0000,42413.1797,104.6788,1000.0000,15.0000,0,0,-1,0.0000,42413.1797,104.6788,1000.0000,15.0000,28
4429,42209.0000,1000.0000,859.2331,10.5798,42474.6562,-0.0000,579.0696,10.5798,0,0,-1,0.0000,42474.6562,-0.0000,579.0696,10.5798,28
4430,42219.0000,243.7331,169.8213,8.0000,42429.6094,1000.0000,807.0647,8.0000,0,0,-1,0.0000,42429.6094,1000.0000,807.0647,8.0000,26
4431,42231.0000,0.0000,399.5044,14.0907,42454.4414,999.9999,570.2158,14.0907,0,0,-1,0.0000,42454.4414,999.9999,570.2158,14.0907,26
4432,42240.0000,1000.0000,251.5576,9.8211,42453.5469,-0.0000,522.8256,9.8211,0,0,-1,0.0000,42453.5469,-0.0000,522.8256,9.8211,26
4433,42249.0000,1000.0000,397.7997,11.9165,42476.4648,-0.0000,822.0834,11.9165,0,0,-1,0.0000,42476.4648,-0.0000,822.0834,11.9165,27
4434,42255.0000,879.5234,358.2468,8.0000,42533.8555,-0.0000,523.1919,8.0000,0,0,-1,0.0000,42533.8555,-0.0000,523.1919,8.0000,28
4435,42262.0000,0.0000,785.1548,14.7655,42584.7031,1000.0000,247.8239,14.7655,0,0,-1,0.0000,42584.7031,1000.0000,247.8239,14.7655,28
4436,42269.0000,749.5084,0.0000,11.0517,42536.2031,519.8406,999.9999,11.0517,0,0,-1,0.0000,42536.2031,519.8406,999.9999,11.0517,28
4437,42277.0000,266.5570,383.2172,8.0000,42482.4570,1000.0000,871.9416,8.0000,0,0,-1,0.0000,42482.4570,1000.0000,871.9416,8.0000,28
4438,42282.0000,0.0000,939.7003,8.4970,42705.8008,1000.0000,137.7747,8.4970,0,0,-1,0.0000,42705.8008,1000.0000,137.7747,8.4970,29
4439,42288.0000,1000.0000,974.8211,9.0070,42591.0508,-0.0000,519.8356,9.0070,0,0,-1,0.0000,42591.0508,-0.0000,519.8356,9.0070,30
4440,42302.0000,216.4994,95.8115,15.0000,42517.3477,1000.0000,777.1558,15.0000,0,0,-1,0.0000,42517.3477,1000.0000,777.1558,15.0000,29
4441,42308.0000,113.7086,0.0000,12.5728,42649.8945,903.9464,1000.0000,12.5728,0,0,-1,0.0000,42649.8945,903.9464,1000.0000,12.5728,29
4442,42321.0000,1000.0000,284.5331,13.5319,42537.9883,-0.0000,576.7988,13.5319,0,0,-1,0.0000,42537.9883,-0.0000,576.7988,13.5319,27
4443,42330.0000,445.8009,0.0000,14.2990,42588.3633,368.2525,999.9999,14.2990,0,0,-1,0.0000,42588.3633,368.2525,999.9999,14.2990,28
4444,42336.0000,583.9271,901.9969,15.0000,42557.7969,119.0396,-0.0000,15.0000,0,0,-1,0.0000,42557.7969,119.0396,-0.0000,15.0000,29
4445,42350.0000,776.4371,1000.0000,8.2751,42660.1523,114.3772,-0.0000,8.2751,0,0,-1,0.0000,42660.1523,114.3772,-0.0000,8.2751,27
4446,42357.0000,485.9370,1000.0000,12.0937,42686.3438,335.8213,-0.0000,12.0937,0,0,-1,0.0000,42686.3438,335.8213,-0.0000,12.0937,28
4447,42365.0000,0.0000,268.9203,13.1187,42581.3125,764.9487,1000.0000,13.1187,0,0,-1,0.0000,42581.3125,764.9487,1000.0000,13.1187,29
4448,42376.0000,1000.0000,345.1328,11.3481,42706.7578,-0.0000,897.1096,11.3481,0,0,-1,0.0000,42706.7578,-0.0000,897.1096,11.3481,30
4449,42383.0000,468.5555,1000.0000,14.6259,42646.4492,706.4173,-0.0000,14.6259,0,0,-1,0.0000,42646.4492,706.4173,-0.0000,14.6259,31
4450,42396.0000,41.3965,0.0000,10.8694,42782.4727,1000.0000,825.7557,10.8694,0,0,-1,0.0000,42782.4727,1000.0000,825.7557,10.8694,31
4451,42402.0000,1000.0000,329.0674,10.3557,42662.8164,-0.0000,430.3734,10.3557,0,0,-1,0.0000,42662.8164,-0.0000,430.3734,10.3557,31
4452,42408.0000,123.9269,134.1076,8.0000,42680.8789,997.0035,1000.0000,8.0000,0,0,-1,0.0000,42680.8789,997.0035,1000.0000,8.0000,30
4453,42418.0000,849.8232,235.7553,15.0000,42637.8750,-0.0000,777.4307,15.0000,0,0,-1,0.0000,42637.8750,-0.0000,777.4307,15.0000,29
4454,42428.0000,922.6540,1000.0000,11.7798,42674.3281,-0.0000,472.0156,11.7798,0,0,-1,0.0000,42674.3281,-0.0000,472.0156,11.7798,30
4455,42435.0000,0.0000,600.2621,10.1746,42648.2500,999.9999,353.3138,10.1746,0,0,-1,0.0000,42648.2500,999.9999,353.3138,10.1746,30
4456,42440.0000,305.7498,54.8932,15.0000,42790.8672,967.4604,1000.0001,15.0000,0,0,-1,0.0000,42790.8672,967.4604,1000.0001,15.0000,31
4457,42448.0000,992.8782,0.0000,14.3599,42737.7695,501.8492,1000.0000,14.3599,0,0,-1,0.0000,42737.7695,501.8492,1000.0000,14.3599,31
4458,42461.0000,326.2164,1000.0000,11.8284,42858.8438,993.7330,-0.0000,11.8284,0,0,-1,0.0000,42858.8438,993.7330,-0.0000,11.8284,30
4459,42470.0000,1000.0000,856.5103,10.3792,42832.2148,-0.0000,399.0666,10.3792,0,0,-1,0.0000,42832.2148,-0.0000,399.0666,10.3792,29
4460,42475.0000,474.9658,795.9359,15.0000,42685.5547,389.5531,-0.0000,15.0000,0,0,-1,0.0000,42685.5547,389.5531,-0.0000,15.0000,28
4461,42489.0000,681.9172,940.7388,8.0000,42788.5391,195.6866,-0.0000,8.0000,0,0,-1,0.0000,42788.5391,195.6866,-0.0000,8.0000,27
4462,42499.0000,606.7037,1000.0000,9.6826,42810.8320,630.3004,-0.0000,9.6826,0,0,-1,0.0000,42810.8320,630.3004,-0.0000,9.6826,28
4463,42506.0000,95.7884,0.0000,14.6456,42853.4570,670.9673,999.9999,14.6456,0,0,-1,0.0000,42853.4570,670.9673,999.9999,14.6456,29
4464,42512.0000,948.1993,1000.0000,9.7178,42799.9648,239.3526,-0.0000,9.7178,0,0,-1,0.0000,42799.9648,239.3526,-0.0000,9.7178,29
4465,42519.0000,0.0000,470.4432,13.5083,42794.9531,1000.0001,507.7005,13.5083,0,0,-1,0.0000,42794.9531,1000.0001,507.7005,13.5083,29
4466,42527.0000,840.0923,225.9932,15.0000,42825.3281,-0.0000,609.1013,15.0000,0,0,-1,0.0000,42825.3281,-0.0000,609.1013,15.0000,30
4467,42540.0000,538.1343,198.8872,15.0000,42713.0391,426.4821,999.9999,15.0000,0,0,-1,0.0000,42713.0391,426.4821,999.9999,15.0000,28
4468,42551.0000,206.0068,708.8669,15.0000,42793.8281,1000.0000,308.5876,15.0000,0,0,-1,0.0000,42793.8281,1000.0000,308.5876,15.0000,29
4469,42564.0000,56.8770,75.4544,15.0000,42917.9219,974.2734,1000.0000,15.0000,0,0,-1,0.0000,42917.9219,974.2734,1000.0000,15.0000,29
4470,42575.0000,673.7877,999.8516,15.0000,42923.2617,183.7367,-0.0000,15.0000,0,0,-1,0.0000,42923.2617,183.7367,-0.0000,15.0000,30
4471,42585.0000,919.2587,0.0000,10.1288,42840.9219,329.2791,1000.0001,10.1288,0,0,-1,0.0000,42840.9219,329.2791,1000.0001,10.1288,29
4472,42595.0000,0.0000,512.3530,13.0122,42840.6133,1000.0001,674.9909,13.0122,0,0,-1,0.0000,42840.6133,1000.0001,674.9909,13.0122,28
4473,42600.0000,80.4772,598.7839,8.0000,42941.2578,1000.0000,110.8530,8.0000,0,0,-1,0.0000,42941.2578,1000.0000,110.8530,8.0000,29
4474,42613.0000,1000.0000,954.8863,11.4609,42920.5820,299.0936,-0.0000,11.4609,0,0,-1,0.0000,42920.5820,299.0936,-0.0000,11.4609,30
4475,42620.0000,0.0000,651.0573,13.5449,42885.1562,1000.0001,55.5926,13.5449,0,0,-1,0.0000,42885.1562,1000.0001,55.5926,13.5449,31
4476,42629.0000,655.4736,1000.0000,12.1988,42947.5312,592.4706,-0.0000,12.1988,0,0,-1,0.0000,42947.5312,592.4706,-0.0000,12.1988,32
4477,42640.0000,629.7162,820.3807,15.0000,42813.6758,551.3235,-0.0000,15.0000,0,0,-1,0.0000,42813.6758,551.3235,-0.0000,15.0000,32
4478,42649.0000,1000.0000,523.5735,9.5258,42868.5586,-0.0000,307.0882,9.5258,0,0,-1,0.0000,42868.5586,-0.0000,307.0882,9.5258,31
4479,42656.0000,757.8020,379.8145,15.0000,42893.0273,-0.0000,774.7432,15.0000,0,0,-1,0.0000,42893.0273,-0.0000,774.7432,15.0000,31
4480,42664.0000,268.5941,818.6558,8.0000,43010.0430,976.3346,-0.0000,8.0000,0,0,-1,0.0000,43010.0430,976.3346,-0.0000,8.0000,30
4481,42671.0000,272.7205,0.0000,12.6274,42886.9844,393.9539,1000.0001,12.6274,0,0,-1,0.0000,42886.9844,393.9539,1000.0001,12.6274,31
4482,42681.0000,537.5538,0.0000,8.9449,42930.1094,380.3235,1000.0001,8.9449,0,0,-1,0.0000,42930.1094,380.3235,1000.0001,8.9449,30
4483,42688.0000,425.7148,172.3384,15.0000,42866.8125,497.0934,1000.0001,15.0000,0,0,-1,0.0000,42866.8125,497.0934,1000.0001,15.0000,29
4484,42700.0000,0.0000,517.0192,12.5507,42987.3008,1000.0001,803.5762,12.5507,0,0,-1,0.0000,42987.3008,1000.0001,803.5762,12.5507,30
4485,42709.0000,1000.0000,463.6607,9.5423,43006.5898,-0.0000,758.3965,9.5423,0,0,-1,0.0000,43006.5898,-0.0000,758.3965,9.5423,29
4486,42715.0000,732.4509,160.3592,15.0000,42974.8906,-0.0000,890.9584,15.0000,0,0,-1,0.0000,42974.8906,-0.0000,890.9584,15.0000,29
4487,42725.0000,855.5076,1000.0000,8.7935,42997.1680,495.6742,-0.0000,8.7935,0,0,-1,0.0000,42997.1680,495.6742,-0.0000,8.7935,30
4488,42737.0000,1000.0000,379.6342,11.2361,42990.4961,-0.0000,998.3164,11.2361,0,0,-1,0.0000,42990.4961,-0.0000,998.3164,11.2361,31
4489,42749.0000,148.6335,713.1358,8.0000,43040.7305,968.0183,-0.0000,8.0000,0,0,-1,0.0000,43040.7305,968.0183,-0.0000,8.0000,31
4490,42760.0000,1000.0000,965.1265,14.8998,43167.1602,199.8904,-0.0000,14.8998,0,0,-1,0.0000,43167.1602,199.8904,-0.0000,14.8998,32
4491,42768.0000,860.7006,760.6498,15.0000,42975.3594,-0.0000,432.6102,15.0000,0,0,-1,0.0000,42975.3594,-0.0000,432.6102,15.0000,33
4492,42782.0000,761.7438,1000.0000,14.4713,43075.8672,574.6470,-0.0000,14.4713,0,0,-1,0.0000,43075.8672,574.6470,-0.0000,14.4713,34
4493,42793.0000,275.6122,0.0000,10.2949,43079.9336,1000.0001,962.2250,10.2949,0,0,-1,0.0000,43079.9336,1000.0001,962.2250,10.2949,32
4494,42800.0000,0.0000,711.2597,12.8177,43022.1562,811.4491,-0.0000,12.8177,0,0,-1,0.0000,43022.1562,811.4491,-0.0000,12.8177,30
4495,42809.0000,1000.0000,260.0674,14.0232,43115.9688,108.3313,1000.0001,14.0232,0,0,-1,0.0000,43115.9688,108.3313,1000.0001,14.0232,31
4496,42816.0000,544.2991,193.6581,15.0000,43007.5586,606.5392,1000.0000,15.0000,0,0,-1,0.0000,43007.5586,606.5392,1000.0000,15.0000,30
4497,42824.0000,0.0000,199.2834,8.7036,43062.0625,1000.0001,649.4755,8.7036,0,0,-1,0.0000,43062.0625,1000.0001,649.4755,8.7036,31
4498,42836.0000,1000.0000,665.8293,13.4068,43150.6094,-0.0000,235.0610,13.4068,0,0,-1,0.0000,43150.6094,-0.0000,235.0610,13.4068,30
4499,42841.0000,627.1062,472.8141,15.0000,42992.5547,-0.0000,660.0205,15.0000,0,0,-1,0.0000,42992.5547,-0.0000,660.0205,15.0000,29
4500,42846.0000,139.7943,443.4037,8.0000,43135.4688,1000.0000,875.0823,8.0000,0,0,-1,0.0000,43135.4688,1000.0000,875.0823,8.0000,30
4501,42852.0000,1000.0000,866.6354,9.6789,43251.3711,-0.0000,96.1807,9.6789,0,0,-1,0.0000,43251.3711,-0.0000,96.1807,9.6789,31
4502,42863.0000,452.1580,0.0000,12.8524,43189.5391,631.1003,999.9999,12.8524,0,0,-1,0.0000,43189.5391,631.1003,999.9999,12.8524,30
4503,42872.0000,672.2775,1000.0000,12.9770,43167.0859,-0.0000,145.2201,12.9770,0,0,-1,0.0000,43167.0859,-0.0000,145.2201,12.9770,29
4504,42886.0000,510.7527,594.8514,15.0000,43063.9531,556.5090,-0.0000,15.0000,0,0,-1,0.0000,43063.9531,556.5090,-0.0000,15.0000,29
4505,42897.0000,30.5983,1000.0000,13.7232,43213.8008,1000.0000,328.1452,13.7232,0,0,-1,0.0000,43213.8008,1000.0000,328.1452,13.7232,28
4506,42902.0000,1000.0000,257.2138,13.9347,43253.8242,198.1326,1000.0000,13.9347,0,0,-1,0.0000,43253.8242,198.1326,1000.0000,13.9347,29
4507,42913.0000,510.2619,385.7003,8.0000,43089.3086,378.5229,999.9999,8.0000,0,0,-1,0.0000,43089.3086,378.5229,999.9999,8.0000,30
4508,42921.0000,240.9512,607.1010,15.0000,43089.6641,1000.0001,276.5951,15.0000,0,0,-1,0.0000,43089.6641,1000.0001,276.5951,15.0000,29
4509,42927.0000,1000.0000,184.5653,11.9321,43226.2344,193.5096,1000.0000,11.9321,0,0,-1,0.0000,43226.2344,193.5096,1000.0000,11.9321,29
4510,42940.0000,404.3061,363.5479,15.0000,43180.1172,995.2630,1000.0000,15.0000,0,0,-1,0.0000,43180.1172,995.2630,1000.0000,15.0000,29
4511,42953.0000,1000.0000,964.3874,10.4152,43180.7461,-0.0000,536.9927,10.4152,0,0,-1,0.0000,43180.7461,-0.0000,536.9927,10.4152,28
4512,42958.0000,1000.0000,488.2443,12.6689,43185.0000,-0.0000,646.3196,12.6689,0,0,-1,0.0000,43185.0000,-0.0000,646.3196,12.6689,29
4513,42967.0000,639.0424,1000.0000,11.0798,43293.0820,48.9090,-0.0000,11.0798,0,0,-1,0.0000,43293.0820,48.9090,-0.0000,11.0798,30
4514,42973.0000,493.1449,559.9575,8.0000,43104.8906,491.9538,-0.0000,8.0000,0,0,-1,0.0000,43104.8906,491.9538,-0.0000,8.0000,31
4515,42978.0000,1000.0000,964.3778,13.2219,43299.3516,83.2056,-0.0000,13.2219,0,0,-1,0.0000,43299.3516,83.2056,-0.0000,13.2219,30
4516,42992.0000,568.9487,0.0000,12.1491,43238.7188,358.1864,1000.0000,12.1491,0,0,-1,0.0000,43238.7188,358.1864,1000.0000,12.1491,29
4517,43004.0000,47.1383,586.2185,15.0000,43256.0117,1000.0000,528.3904,15.0000,0,0,-1,0.0000,43256.0117,1000.0000,528.3904,15.0000,28
4518,43018.0000,314.5751,1000.0000,9.2566,43308.2422,431.2303,-0.0000,9.2566,0,0,-1,0.0000,43308.2422,431.2303,-0.0000,9.2566,26
4519,43026.0000,1000.0000,263.7109,10.9415,43273.9766,-0.0000,384.3828,10.9415,0,0,-1,0.0000,43273.9766,-0.0000,384.3828,10.9415,26
4520,43033.0000,1000.0000,366.0213,11.4704,43317.8398,-0.0000,698.1498,11.4704,0,0,-1,0.0000,43317.8398,-0.0000,698.1498,11.4704,27
4521,43045.0000,485.5565,202.7834,15.0000,43288.5430,483.2160,1000.0000,15.0000,0,0,-1,0.0000,43288.5430,483.2160,1000.0000,15.0000,27
4522,43055.0000,617.7097,41.9413,15.0000,43340.7852,371.4924,999.9999,15.0000,0,0,-1,0.0000,43340.7852,371.4924,999.9999,15.0000,28
4523,43061.0000,1000.0000,812.5508,13.3155,43345.0430,193.3542,-0.0000,13.3155,0,0,-1,0.0000,43345.0430,193.3542,-0.0000,13.3155,29
4524,43068.0000,342.0237,572.0477,15.0000,43242.2422,1000.0001,286.2539,15.0000,0,0,-1,0.0000,43242.2422,1000.0001,286.2539,15.0000,28
4525,43082.0000,480.7540,185.4042,8.0000,43298.9922,647.4398,1000.0000,8.0000,0,0,-1,0.0000,43298.9922,647.4398,1000.0000,8.0000,27
4526,43092.0000,0.0000,344.5000,14.2760,43332.8789,1000.0000,624.3552,14.2760,0,0,-1,0.0000,43332.8789,1000.0000,624.3552,14.2760,26
4527,43103.0000,1000.0000,28.2410,8.1696,43366.1289,425.6695,1000.0001,8.1696,0,0,-1,0.0000,43366.1289,425.6695,1000.0001,8.1696,27
4528,43111.0000,1000.0000,475.9342,14.5246,43380.4453,-0.0000,219.6808,14.5246,0,0,-1,0.0000,43380.4453,-0.0000,219.6808,14.5246,27
4529,43120.0000,973.6303,0.0000,12.9055,43365.5039,518.4814,1000.0000,12.9055,0,0,-1,0.0000,43365.5039,518.4814,1000.0000,12.9055,27
4530,43131.0000,1000.0000,98.4757,11.7917,43372.2461,-0.0000,642.3530,11.7917,0,0,-1,0.0000,43372.2461,-0.0000,642.3530,11.7917,28
4531,43143.0000,525.0419,0.0000,12.8279,43426.8203,229.9362,1000.0000,12.8279,0,0,-1,0.0000,43426.8203,229.9362,1000.0000,12.8279,28
4532,43154.0000,0.0000,704.5098,13.0630,43371.7422,1000.0000,306.8150,13.0630,0,0,-1,0.0000,43371.7422,1000.0000,306.8150,13.0630,28
4533,43161.0000,0.0000,168.1069,13.2798,43427.1680,1000.0001,447.5557,13.2798,0,0,-1,0.0000,43427.1680,1000.0001,447.5557,13.2798,29
4534,43168.0000,0.0000,643.5918,12.3717,43396.1250,1000.0000,545.4789,12.3717,0,0,-1,0.0000,43396.1250,1000.0000,545.4789,12.3717,28
4535,43176.0000,27.6825,1000.0000,9.6814,43577.2148,753.9585,-0.0000,9.6814,0,0,-1,0.0000,43577.2148,753.9585,-0.0000,9.6814,29
4536,43182.0000,0.0000,699.7460,14.5170,43502.0742,999.9999,605.3462,14.5170,0,0,-1,0.0000,43502.0742,999.9999,605.3462,14.5170,28
4537,43196.0000,366.8817,380.1982,15.0000,43341.5977,999.9999,732.3720,15.0000,0,0,-1,0.0000,43341.5977,999.9999,732.3720,15.0000,27
4538,43208.0000,993.2236,0.0000,11.9356,43554.4727,372.0174,999.9999,11.9356,0,0,-1,0.0000,43554.4727,372.0174,999.9999,11.9356,28
4539,43220.0000,0.0000,404.8615,8.7128,43489.4219,999.9999,505.8455,8.7128,0,0,-1,0.0000,43489.4219,999.9999,505.8455,8.7128,28
4540,43229.0000,724.4865,326.3354,15.0000,43495.4219,-0.0000,737.9722,15.0000,0,0,-1,0.0000,43495.4219,-0.0000,737.9722,15.0000,28
4541,43238.0000,61.7311,953.7606,15.1524,43483.3242,999.9999,304.4609,15.0000,1,1,1,0.0000,43483.3242,999.9999,304.4609,15.1524,29
4542,43244.0000,380.9278,307.8795,15.0000,43411.7070,616.7811,999.9999,15.0000,0,0,-1,0.0000,43411.7070,616.7811,999.9999,15.0000,28
4543,43258.0000,998.3481,0.0000,8.0577,43536.8750,222.7039,999.9999,8.0577,0,0,-1,0.0000,43536.8750,222.7039,999.9999,8.0577,26
4544,43271.0000,1000.0000,678.9210,12.6238,43523.5000,102.2123,-0.0000,12.6238,0,0,-1,0.0000,43523.5000,102.2123,-0.0000,12.6238,27
4545,43278.0000,277.7174,1000.0000,12.6866,43600.4219,530.8528,-0.0000,12.6866,0,0,-1,0.0000,43600.4219,530.8528,-0.0000,12.6866,27
4546,43292.0000,246.3152,1000.0000,13.0765,43626.6523,962.5813,-0.0000,13.0765,0,0,-1,0.0000,43626.6523,962.5813,-0.0000,13.0765,27
4547,43306.0000,695.3760,1000.0000,9.1790,43513.0938,630.2727,-0.0000,9.1790,0,0,-1,0.0000,43513.0938,630.2727,-0.0000,9.1790,25
4548,43317.0000,1000.0000,707.4862,13.0203,43569.1953,-0.0000,149.8854,13.0203,0,0,-1,0.0000,43569.1953,-0.0000,149.8854,13.0203,25
4549,43323.0000,14.8364,1000.0000,11.6065,43666.6289,1000.0000,438.5939,11.6065,0,0,-1,0.0000,43666.6289,1000.0000,438.5939,11.6065,25
4550,43328.0000,582.0988,0.0000,10.4841,43594.9023,688.8357,1000.0001,10.4841,0,0,-1,0.0000,43594.9023,688.8357,1000.0001,10.4841,26
4551,43333.0000,623.9442,0.0000,14.7964,43546.1602,275.6821,999.9999,14.7964,0,0,-1,0.0000,43546.1602,275.6821,999.9999,14.7964,26
4552,43342.0000,524.7126,0.0000,9.1760,43623.3125,366.0192,1000.0000,9.1760,0,0,-1,0.0000,43623.3125,366.0192,1000.0000,9.1760,25
4553,43347.0000,741.9507,605.2444,15.0000,43507.9336,-0.0000,517.0831,15.0000,0,0,-1,0.0000,43507.9336,-0.0000,517.0831,15.0000,25
4554,43354.0000,1000.0000,922.5830,13.5623,43649.6250,-0.0000,89.0034,13.5623,0,0,-1,0.0000,43649.6250,-0.0000,89.0034,13.5623,26
4555,43366.0000,629.1248,1000.0000,10.9736,43596.5938,433.2930,-0.0000,10.9736,0,0,-1,0.0000,43596.5938,433.2930,-0.0000,10.9736,26
4556,43375.0000,281.9673,402.6129,15.0000,43546.4258,1000.0000,685.7148,15.0000,0,0,-1,0.0000,43546.4258,1000.0000,685.7148,15.0000,24
4557,43386.0000,365.8276,599.0830,8.0000,43603.0703,923.3163,-0.0000,8.0000,0,0,-1,0.0000,43603.0703,923.3163,-0.0000,8.0000,24
4558,43400.0000,391.4626,0.0000,13.0625,43658.4062,886.0980,1000.0000,13.0625,0,0,-1,0.0000,43658.4062,886.0980,1000.0000,13.0625,24
4559,43411.0000,819.0469,301.9063,8.0000,43627.1875,-0.0000,735.3686,8.0000,0,0,-1,0.0000,43627.1875,-0.0000,735.3686,8.0000,25
4560,43421.0000,0.0000,341.2122,9.1247,43766.9062,999.9999,849.7818,9.1247,0,0,-1,0.0000,43766.9062,999.9999,849.7818,9.1247,25
4561,43434.0000,44.9353,1000.0000,12.8425,43690.3750,999.9999,248.4404,12.8425,0,0,-1,0.0000,43690.3750,999.9999,248.4404,12.8425,24
4562,43441.0000,1000.0000,349.8567,12.9735,43730.5859,-0.0000,895.7762,12.9735,0,0,-1,0.0000,43730.5859,-0.0000,895.7762,12.9735,25
4563,43451.0000,451.0002,0.0000,12.3233,43754.7344,329.4767,1000.0000,12.3233,0,0,-1,0.0000,43754.7344,329.4767,1000.0000,12.3233,26
4564,43456.0000,533.7670,343.9140,15.0000,43625.1133,430.8345,999.9999,15.0000,0,0,-1,0.0000,43625.1133,430.8345,999.9999,15.0000,27
4565,43461.0000,1000.0000,744.9972,8.2295,43792.5586,-0.0000,174.2644,8.2295,0,0,-1,0.0000,43792.5586,-0.0000,174.2644,8.2295,28
4566,43469.0000,229.1213,591.8799,8.0000,43673.3008,999.9999,517.6641,8.0000,0,0,-1,0.0000,43673.3008,999.9999,517.6641,8.0000,29
4567,43480.0000,0.0000,27.8535,11.1779,43781.7109,1000.0000,756.1738,11.1779,0,0,-1,0.0000,43781.7109,1000.0000,756.1738,11.1779,30
4568,43487.0000,655.1560,0.0000,9.8706,43700.4570,528.0740,999.9999,9.8706,0,0,-1,0.0000,43700.4570,528.0740,999.9999,9.8706,30
4569,43500.0000,253.3856,1000.0000,9.3835,43767.1211,792.7770,-0.0000,9.3835,0,0,-1,0.0000,43767.1211,792.7770,-0.0000,9.3835,29
4570,43506.0000,1000.0000,101.3148,12.1922,43756.3281,-0.0000,694.7966,12.1922,0,0,-1,0.0000,43756.3281,-0.0000,694.7966,12.1922,29
4571,43511.0000,1000.0000,118.8078,14.9031,43864.8008,-0.0000,932.3941,14.9031,0,0,-1,0.0000,43864.8008,-0.0000,932.3941,14.9031,29
4572,43522.0000,953.3695,577.5396,15.0000,43522.0000,953.3695,577.5396,15.0000,0,0,-1,0.0000,43522.0000,953.3695,577.5396,15.0000,29
4573,43529.0000,528.1306,1000.0000,10.7683,43740.9844,456.4813,-0.0000,10.7683,0,0,-1,0.0000,43740.9844,456.4813,-0.0000,10.7683,28
4574,43535.0000,0.0000,33.6916,11.0831,43909.5352,697.4354,1000.0000,11.0831,0,0,-1,0.0000,43909.5352,697.4354,1000.0000,11.0831,29
4575,43547.0000,245.6206,352.6213,8.0000,43747.0234,1000.0001,546.5443,8.0000,0,0,-1,0.0000,43747.0234,1000.0001,546.5443,8.0000,27
4576,43560.0000,807.4850,0.0000,8.6382,43822.2266,-0.0000,997.8490,8.6382,0,0,-1,0.0000,43822.2266,-0.0000,997.8490,8.6382,27
4577,43569.0000,966.7664,0.0000,10.5481,43901.7734,305.6000,1000.0001,10.5481,0,0,-1,0.0000,43901.7734,305.6000,1000.0001,10.5481,28
4578,43583.0000,648.7470,0.0000,11.1662,43852.5742,88.4039,999.9999,11.1662,0,0,-1,0.0000,43852.5742,88.4039,999.9999,11.1662,27
4579,43594.0000,356.6595,1000.0000,12.0053,43840.1992,484.2291,-0.0000,12.0053,0,0,-1,0.0000,43840.1992,484.2291,-0.0000,12.0053,28
4580,43601.0000,398.3194,1000.0000,14.2516,43931.0586,373.7178,-0.0000,14.2516,0,0,-1,0.0000,43931.0586,373.7178,-0.0000,14.2516,26
4581,43610.0000,478.9714,609.3369,15.0000,43787.8398,655.3798,-0.0000,15.0000,0,0,-1,0.0000,43787.8398,655.3798,-0.0000,15.0000,26
4582,43615.0000,745.1261,532.0392,15.0000,43615.0000,745.1261,532.0392,15.0000,0,0,-1,0.0000,43615.0000,745.1261,532.0392,15.0000,27
4583,43628.0000,0.0000,926.4097,13.4705,43865.4570,1000.0000,535.5900,13.4705,0,0,-1,0.0000,43865.4570,1000.0000,535.5900,13.4705,23
4584,43639.0000,401.5396,1000.0000,8.7072,43913.7695,500.0149,-0.0000,8.7072,0,0,-1,0.0000,43913.7695,500.0149,-0.0000,8.7072,24
4585,43652.0000,121.4313,215.1622,15.0000,43882.0352,881.5928,999.9999,15.0000,0,0,-1,0.0000,43882.0352,881.5928,999.9999,15.0000,24
4586,43658.0000,765.6570,1000.0000,8.6578,43979.0391,-0.0000,122.0768,8.6578,0,0,-1,0.0000,43979.0391,-0.0000,122.0768,8.6578,25
4587,43665.0000,0.0000,247.5340,9.4553,43947.0781,1000.0001,695.4847,9.4553,0,0,-1,0.0000,43947.0781,1000.0001,695.4847,9.4553,25
4588,43674.0000,784.3514,1000.0000,8.7900,43991.7500,-0.0000,212.6233,8.7900,0,0,-1,0.0000,43991.7500,-0.0000,212.6233,8.7900,24
4589,43686.0000,543.9829,222.3273,8.0000,43913.5156,585.1788,1000.0000,8.0000,0,0,-1,0.0000,43913.5156,585.1788,1000.0000,8.0000,25
4590,43697.0000,1000.0000,349.3044,9.1507,43918.8945,-0.0000,783.2137,9.1507,0,0,-1,0.0000,43918.8945,-0.0000,783.2137,9.1507,25
4591,43706.0000,570.1465,299.4169,15.0000,43938.2852,429.9968,1000.0001,15.0000,0,0,-1,0.0000,43938.2852,429.9968,1000.0001,15.0000,25
4592,43717.0000,886.3705,880.0964,15.0000,43927.0195,322.9265,-0.0000,15.0000,0,0,-1,0.0000,43927.0195,322.9265,-0.0000,15.0000,26
4593,43723.0000,1000.0000,729.4265,8.1556,44039.1641,-0.0000,386.1381,8.1556,0,0,-1,0.0000,44039.1641,-0.0000,386.1381,8.1556,27
4594,43728.0000,27.9999,774.0959,8.0000,43960.9688,711.6537,-0.0000,8.0000,0,0,-1,0.0000,43960.9688,711.6537,-0.0000,8.0000,28
4595,43737.0000,741.6689,1000.0000,14.8058,44125.3750,58.6849,-0.0000,14.8058,0,0,-1,0.0000,44125.3750,58.6849,-0.0000,14.8058,28
4596,43748.0000,490.4626,0.0000,13.7923,43985.7891,617.7541,1000.0000,13.7923,0,0,-1,0.0000,43985.7891,617.7541,1000.0000,13.7923,27
4597,43753.0000,120.6861,0.0000,13.1397,44099.1641,978.4095,1000.0001,13.1397,0,0,-1,0.0000,44099.1641,978.4095,1000.0001,13.1397,28
4598,43766.0000,1000.0000,834.2613,11.4886,44077.9609,286.0209,-0.0000,11.4886,0,0,-1,0.0000,44077.9609,286.0209,-0.0000,11.4886,27
4599,43776.0000,404.9238,1000.0000,10.2335,44038.2773,882.2770,-0.0000,10.2335,0,0,-1,0.0000,44038.2773,882.2770,-0.0000,10.2335,26
4600,43782.0000,988.8814,0.0000,14.6166,44093.0781,293.5850,999.9999,14.6166,0,0,-1,0.0000,44093.0781,293.5850,999.9999,14.6166,26
4601,43790.0000,1000.0000,434.5974,8.1524,44063.1133,-0.0000,275.0766,8.1524,0,0,-1,0.0000,44063.1133,-0.0000,275.0766,8.1524,26
4602,43802.0000,385.4927,1000.0000,10.4851,44125.6133,794.6865,-0.0000,10.4851,0,0,-1,0.0000,44125.6133,794.6865,-0.0000,10.4851,26
4603,43807.0000,1000.0000,539.6362,13.7975,44061.3242,-0.0000,493.5118,13.7975,0,0,-1,0.0000,44061.3242,-0.0000,493.5118,13.7975,27
4604,43821.0000,1000.0000,52.0030,11.9076,44103.1250,66.6613,1000.0001,11.9076,0,0,-1,0.0000,44103.1250,66.6613,1000.0001,11.9076,28
4605,43834.0000,115.3083,771.6594,8.0000,44064.9883,701.2537,-0.0000,8.0000,0,0,-1,0.0000,44064.9883,701.2537,-0.0000,8.0000,28
4606,43848.0000,78.0994,0.0000,12.3056,44188.8594,485.5841,1000.0000,12.3056,0,0,-1,0.0000,44188.8594,485.5841,1000.0000,12.3056,28
4607,43855.0000,568.6379,484.9813,15.0000,43999.6289,-0.0000,479.0807,15.0000,0,0,-1,0.0000,43999.6289,-0.0000,479.0807,15.0000,28
4608,43868.0000,1000.0000,339.1986,12.3235,44126.5391,62.1641,999.9999,12.3235,0,0,-1,0.0000,44126.5391,62.1641,999.9999,12.3235,27
4609,43881.0000,875.0386,321.8007,8.0000,44117.0586,-0.0000,762.0492,8.0000,0,0,-1,0.0000,44117.0586,-0.0000,762.0492,8.0000,28
4610,43888.0000,1000.0000,404.5795,13.2483,44167.6445,-0.0000,426.3467,13.2483,0,0,-1,0.0000,44167.6445,-0.0000,426.3467,13.2483,28
4611,43900.0000,1000.0000,688.1202,9.7760,44145.9453,-0.0000,408.5443,9.7760,0,0,-1,0.0000,44145.9453,-0.0000,408.5443,9.7760,29
4612,43910.0000,1000.0000,953.8570,13.8475,44294.4609,103.0354,-0.0000,13.8475,0,0,-1,0.0000,44294.4609,103.0354,-0.0000,13.8475,28
4613,43916.0000,922.9885,819.7799,8.0000,44187.0898,-0.0000,196.1688,8.0000,0,0,-1,0.0000,44187.0898,-0.0000,196.1688,8.0000,27
4614,43929.0000,1000.0000,3.5654,14.8137,44165.1602,398.2134,999.9999,14.8137,0,0,-1,0.0000,44165.1602,398.2134,999.9999,14.8137,26
4615,43936.0000,0.0000,17.1840,11.4254,44200.7422,504.1534,999.9999,11.4254,0,0,-1,0.0000,44200.7422,504.1534,999.9999,11.4254,26
4616,43948.0000,55.9065,0.0000,14.2683,44275.9062,817.1484,1000.0000,14.2683,0,0,-1,0.0000,44275.9062,817.1484,1000.0000,14.2683,25
4617,43958.0000,332.3236,193.2377,15.0000,44214.6641,895.4694,999.9999,15.0000,0,0,-1,0.0000,44214.6641,895.4694,999.9999,15.0000,26
4618,43970.0000,558.7467,538.1765,8.0000,44128.8164,-0.0000,41.4990,8.0000,0,0,-1,0.0000,44128.8164,-0.0000,41.4990,8.0000,26
4619,43983.0000,988.1127,189.8435,15.0000,44343.8672,-0.0000,636.4268,15.0000,0,0,-1,0.0000,44343.8672,-0.0000,636.4268,15.0000,26
4620,43988.0000,345.9392,14.4468,15.0000,44287.2422,587.5197,1000.0001,15.0000,0,0,-1,0.0000,44287.2422,587.5197,1000.0001,15.0000,26
4621,44000.0000,657.6823,1000.0000,11.6313,44299.9883,561.4698,-0.0000,11.6313,0,0,-1,0.0000,44299.9883,561.4698,-0.0000,11.6313,25
4622,44010.0000,965.8110,900.1764,15.0000,44363.3633,-0.0000,447.3208,15.0000,0,0,-1,0.0000,44363.3633,-0.0000,447.3208,15.0000,26
4623,44023.0000,0.0000,622.0657,12.9428,44369.2930,1000.0000,297.3898,12.9428,0,0,-1,0.0000,44369.2930,1000.0000,297.3898,12.9428,27
4624,44033.0000,866.2842,1000.0000,8.4097,44430.0469,156.6409,-0.0000,8.4097,0,0,-1,0.0000,44430.0469,156.6409,-0.0000,8.4097,28
4625,44042.0000,739.7118,646.5872,15.0000,44226.8164,216.2055,-0.0000,15.0000,0,0,-1,0.0000,44226.8164,216.2055,-0.0000,15.0000,27
4626,44049.0000,588.6113,386.5339,8.0000,44220.1602,10.7410,1000.0001,8.0000,0,0,-1,0.0000,44220.1602,10.7410,1000.0001,8.0000,28
4627,44063.0000,307.2079,0.0000,10.0647,44375.7070,1000.0001,972.6124,10.0647,0,0,-1,0.0000,44375.7070,1000.0001,972.6124,10.0647,28
4628,44069.0000,160.7883,0.0000,12.4569,44347.6992,1000.0000,967.0673,12.4569,0,0,-1,0.0000,44347.6992,1000.0000,967.0673,12.4569,27
4629,44078.0000,1000.0000,523.7674,11.8786,44317.0273,-0.0000,401.5951,11.8786,0,0,-1,0.0000,44317.0273,-0.0000,401.5951,11.8786,27
4630,44091.0000,0.0000,698.3322,9.2257,44428.0078,1000.0000,410.6478,9.2257,0,0,-1,0.0000,44428.0078,1000.0000,410.6478,9.2257,28
4631,44098.0000,508.0385,579.9113,8.0000,44219.6875,331.7552,-0.0000,8.0000,0,0,-1,0.0000,44219.6875,331.7552,-0.0000,8.0000,28
4632,44103.0000,325.9198,1000.0000,14.0162,44314.7891,475.0423,-0.0000,14.0162,0,0,-1,0.0000,44314.7891,475.0423,-0.0000,14.0162,28
4633,44109.0000,194.2355,587.2199,15.0000,44321.7344,999.9999,44.8315,15.0000,0,0,-1,0.0000,44321.7344,999.9999,44.8315,15.0000,28
4634,44120.0000,627.7814,42.2588,15.0000,44333.0977,591.7237,1000.0000,15.0000,0,0,-1,0.0000,44333.0977,591.7237,1000.0000,15.0000,28
4635,44131.0000,575.9213,463.2229,8.0000,44290.1289,-0.0000,986.0681,8.0000,0,0,-1,0.0000,44290.1289,-0.0000,986.0681,8.0000,25
4636,44141.0000,655.9681,0.0000,14.8857,44446.6562,169.7616,1000.0000,14.8857,0,0,-1,0.0000,44446.6562,169.7616,1000.0000,14.8857,26
4637,44153.0000,513.4647,1000.0000,14.8790,44466.4883,232.9258,-0.0000,14.8790,0,0,-1,0.0000,44466.4883,232.9258,-0.0000,14.8790,26
4638,44158.0000,76.9020,862.0908,15.0000,44476.5781,999.9999,358.7250,15.0000,0,0,-1,0.0000,44476.5781,999.9999,358.7250,15.0000,27
4639,44163.0000,0.0000,790.7605,14.2249,44437.3164,803.7345,-0.0000,14.2249,0,0,-1,0.0000,44437.3164,803.7345,-0.0000,14.2249,28
4640,44176.0000,667.6866,410.4621,15.0000,44350.4219,-0.0000,669.8760,15.0000,0,0,-1,0.0000,44350.4219,-0.0000,669.8760,15.0000,27
4641,44190.0000,99.9977,29.9430,8.0000,44413.0898,599.2639,1000.0000,8.0000,0,0,-1,0.0000,44413.0898,599.2639,1000.0000,8.0000,26
4642,44195.0000,1000.0000,297.3466,11.0553,44423.8281,148.3573,999.9999,11.0553,0,0,-1,0.0000,44423.8281,148.3573,999.9999,11.0553,27
4643,44203.0000,523.3467,552.0720,15.0000,44375.5078,10.2030,-0.0000,15.0000,0,0,-1,0.0000,44375.5078,10.2030,-0.0000,15.0000,27
4644,44217.0000,1000.0000,787.1971,9.5333,44531.1016,-0.0000,557.7136,9.5333,0,0,-1,0.0000,44531.1016,-0.0000,557.7136,9.5333,27
4645,44228.0000,770.6086,0.0000,8.8977,44499.3281,-0.0000,992.2833,8.8977,0,0,-1,0.0000,44499.3281,-0.0000,992.2833,8.8977,25
4646,44239.0000,858.0388,846.5911,8.0000,44525.4062,238.2773,-0.0000,8.0000,0,0,-1,0.0000,44525.4062,238.2773,-0.0000,8.0000,26
4647,44249.0000,0.0000,701.0574,10.6705,44497.9336,1000.0001,653.7021,10.6705,0,0,-1,0.0000,44497.9336,1000.0001,653.7021,10.6705,27
4648,44255.0000,546.8163,80.0000,8.0000,44439.5859,519.0531,1000.0000,8.0000,0,0,-1,0.0000,44439.5859,519.0531,1000.0000,8.0000,28
4649,44267.0000,558.9153,777.4620,8.0000,44487.7188,455.0966,-0.0000,8.0000,0,0,-1,0.0000,44487.7188,455.0966,-0.0000,8.0000,29
4650,44276.0000,130.1604,1000.0000,12.6902,44615.9531,1000.0001,73.5166,12.6902,0,0,-1,0.0000,44615.9531,1000.0001,73.5166,12.6902,29
4651,44288.0000,670.9568,899.4180,15.0000,44502.4609,505.3015,-0.0000,15.0000,0,0,-1,0.0000,44502.4609,505.3015,-0.0000,15.0000,29
4652,44298.0000,1000.0000,578.5664,12.3927,44298.0000,1000.0000,578.5664,12.3927,0,0,-1,0.0000,44298.0000,1000.0000,578.5664,12.3927,28
4653,44312.0000,180.4930,165.1506,8.0000,44505.8125,999.9999,586.5289,8.0000,0,0,-1,0.0000,44505.8125,999.9999,586.5289,8.0000,27
4654,44324.0000,639.8912,1000.0000,12.0298,44600.4531,56.7298,-0.0000,12.0298,0,0,-1,0.0000,44600.4531,56.7298,-0.0000,12.0298,25
4655,44337.0000,847.4177,822.4150,8.0000,44617.3906,-0.0000,228.6372,8.0000,0,0,-1,0.0000,44617.3906,-0.0000,228.6372,8.0000,25
4656,44348.0000,1000.0000,697.9996,9.8225,44581.6875,-0.0000,531.5568,9.8225,0,0,-1,0.0000,44581.6875,-0.0000,531.5568,9.8225,24
4657,44358.0000,395.7557,1000.0000,12.9317,44681.6875,657.4053,-0.0000,12.9317,0,0,-1,0.0000,44681.6875,657.4053,-0.0000,12.9317,24
4658,44366.0000,320.0266,1000.0000,14.4496,44720.9219,1000.0001,12.3230,14.4496,0,0,-1,0.0000,44720.9219,1000.0001,12.3230,14.4496,24
4659,44373.0000,794.4656,1000.0000,14.6295,44592.0000,463.9371,-0.0000,14.6295,0,0,-1,0.0000,44592.0000,463.9371,-0.0000,14.6295,24
4660,44386.0000,440.3250,1000.0000,11.1580,44702.7500,448.8398,-0.0000,11.1580,0,0,-1,0.0000,44702.7500,448.8398,-0.0000,11.1580,23
4661,44397.0000,1000.0000,423.1873,14.1714,44625.3906,-0.0000,950.7386,14.1714,0,0,-1,0.0000,44625.3906,-0.0000,950.7386,14.1714,24
4662,44404.0000,16.3802,585.4365,15.0000,44697.3008,1000.0000,143.6716,15.0000,0,0,-1,0.0000,44697.3008,1000.0000,143.6716,15.0000,25
4663,44413.0000,0.0000,286.5735,14.8055,44754.9219,999.9999,782.4471,14.8055,0,0,-1,0.0000,44754.9219,999.9999,782.4471,14.8055,26
4664,44422.0000,498.1369,156.7510,8.0000,44661.0312,278.2203,1000.0001,8.0000,0,0,-1,0.0000,44661.0312,278.2203,1000.0001,8.0000,26
4665,44429.0000,153.9129,0.0000,13.6345,44721.8828,1000.0000,620.7977,13.6345,0,0,-1,0.0000,44721.8828,1000.0000,620.7977,13.6345,25
4666,44441.0000,1000.0000,7.2638,12.0639,44696.0273,352.0827,1000.0000,12.0639,0,0,-1,0.0000,44696.0273,352.0827,1000.0000,12.0639,23
4667,44446.0000,661.5323,142.3232,8.0000,44693.9922,118.2679,999.9999,8.0000,0,0,-1,0.0000,44693.9922,118.2679,999.9999,8.0000,24
4668,44458.0000,32.7164,630.2358,8.0000,44718.5977,999.9999,307.4606,8.0000,0,0,-1,0.0000,44718.5977,999.9999,307.4606,8.0000,24
4669,44464.0000,1000.0000,0.5106,14.3210,44770.2812,-0.0000,562.6924,14.3210,0,0,-1,0.0000,44770.2812,-0.0000,562.6924,14.3210,25
4670,44477.0000,962.4150,1.1322,15.0000,44808.3359,491.5085,999.9999,15.0000,0,0,-1,0.0000,44808.3359,491.5085,999.9999,15.0000,24
4671,44484.0000,1000.0000,759.2649,10.2472,44786.5156,265.9004,-0.0000,10.2472,0,0,-1,0.0000,44786.5156,265.9004,-0.0000,10.2472,25
4672,44498.0000,572.7208,1000.0000,10.3109,44770.5039,546.6132,-0.0000,10.3109,0,0,-1,0.0000,44770.5039,546.6132,-0.0000,10.3109,24
4673,44510.0000,228.3122,1000.0000,10.1244,44806.7656,749.9659,-0.0000,10.1244,0,0,-1,0.0000,44806.7656,749.9659,-0.0000,10.1244,22
4674,44519.0000,0.0000,552.0278,14.4174,44837.2227,1000.0001,129.1045,14.4174,0,0,-1,0.0000,44837.2227,1000.0001,129.1045,14.4174,23
4675,44529.0000,374.8131,1000.0000,12.0308,44838.6914,335.4607,-0.0000,12.0308,0,0,-1,0.0000,44838.6914,335.4607,-0.0000,12.0308,23
4676,44537.0000,0.0000,173.2589,9.0623,44773.0195,1000.0000,619.9801,9.0623,0,0,-1,0.0000,44773.0195,1000.0000,619.9801,9.0623,23
4677,44549.0000,1000.0000,25.5921,8.8231,44918.5742,-0.0000,757.6005,8.8231,0,0,-1,0.0000,44918.5742,-0.0000,757.6005,8.8231,24
4678,44563.0000,248.7237,1000.0000,14.8379,44798.2852,815.0891,-0.0000,14.8379,0,0,-1,0.0000,44798.2852,815.0891,-0.0000,14.8379,25
4679,44573.0000,944.6002,654.4952,15.0000,44806.1992,-0.0000,99.3283,15.0000,0,0,-1,0.0000,44806.1992,-0.0000,99.3283,15.0000,26
4680,44584.0000,754.8510,72.2034,15.0000,44862.7695,20.2023,1000.0000,15.0000,0,0,-1,0.0000,44862.7695,20.2023,1000.0000,15.0000,26
4681,44596.0000,551.4233,0.0000,8.0825,44874.9727,719.1389,1000.0000,8.0825,0,0,-1,0.0000,44874.9727,719.1389,1000.0000,8.0825,26
4682,44605.0000,144.7173,0.0000,8.1376,44849.6992,457.8887,1000.0001,8.1376,0,0,-1,0.0000,44849.6992,457.8887,1000.0001,8.1376,26
4683,44610.0000,809.0511,0.0000,13.3554,44844.0820,405.7868,1000.0000,13.3554,0,0,-1,0.0000,44844.0820,405.7868,1000.0000,13.3554,27
4684,44624.0000,122.8679,0.0000,12.6277,44901.7383,1000.0000,580.0656,12.6277,0,0,-1,0.0000,44901.7383,1000.0000,580.0656,12.6277,26
4685,44633.0000,586.8798,798.8268,8.0000,44921.4648,183.9441,-0.0000,8.0000,0,0,-1,0.0000,44921.4648,183.9441,-0.0000,8.0000,26
4686,44645.0000,1000.0000,700.6379,12.0092,44883.3984,-0.0000,338.7883,12.0092,0,0,-1,0.0000,44883.3984,-0.0000,338.7883,12.0092,27
4687,44653.0000,0.0000,856.5092,10.0108,44869.1445,617.2917,-0.0000,10.0108,0,0,-1,0.0000,44869.1445,617.2917,-0.0000,10.0108,28
4688,44658.0000,576.0776,0.0000,14.7208,44986.0547,151.9350,1000.0001,14.7208,0,0,-1,0.0000,44986.0547,151.9350,1000.0001,14.7208,29
4689,44669.0000,1000.0000,437.2006,14.8678,44924.4375,-0.0000,519.5245,14.8678,0,0,-1,0.0000,44924.4375,-0.0000,519.5245,14.8678,29
4690,44679.0000,925.3118,21.6938,8.0000,44948.6484,271.1566,999.9999,8.0000,0,0,-1,0.0000,44948.6484,271.1566,999.9999,8.0000,30
4691,44691.0000,0.0000,880.7413,9.9941,44986.4062,665.6984,-0.0000,9.9941,0,0,-1,0.0000,44986.4062,665.6984,-0.0000,9.9941,30
4692,44700.0000,178.8561,0.0000,12.4458,44963.5156,1000.0000,734.8281,12.4458,0,0,-1,0.0000,44963.5156,1000.0000,734.8281,12.4458,28
4693,44710.0000,63.9823,0.0000,10.7661,45012.5391,999.9999,575.3418,10.7661,0,0,-1,0.0000,45012.5391,999.9999,575.3418,10.7661,28
4694,44717.0000,736.2115,901.3761,15.0000,44926.5781,240.5987,-0.0000,15.0000,0,0,-1,0.0000,44926.5781,240.5987,-0.0000,15.0000,29
4695,44724.0000,1000.0000,998.4974,9.3595,45001.1992,291.6796,-0.0000,9.3595,0,0,-1,0.0000,45001.1992,291.6796,-0.0000,9.3595,27
4696,44733.0000,0.0000,91.8123,10.5127,45000.3242,816.6281,1000.0000,10.5127,0,0,-1,0.0000,45000.3242,816.6281,1000.0000,10.5127,28
4697,44739.0000,4.1005,518.4614,15.0000,44966.3711,999.9999,469.2386,15.0000,0,0,-1,0.0000,44966.3711,999.9999,469.2386,15.0000,29
4698,44745.0000,1000.0000,407.9521,14.0865,44987.3711,-0.0000,830.1331,14.0865,0,0,-1,0.0000,44987.3711,-0.0000,830.1331,14.0865,30
4699,44756.0000,720.3629,837.5853,15.0000,44985.7383,-0.0000,122.0870,15.0000,0,0,-1,0.0000,44985.7383,-0.0000,122.0870,15.0000,30
4700,44766.0000,0.0000,196.1080,11.5359,45099.4297,1000.0000,960.6567,11.5359,0,0,-1,0.0000,45099.4297,1000.0000,960.6567,11.5359,31
4701,44771.0000,431.7448,1000.0000,9.4256,44999.8516,548.5305,-0.0000,9.4256,0,0,-1,0.0000,44999.8516,548.5305,-0.0000,9.4256,30
4702,44781.0000,23.0550,797.6754,15.0000,45027.2695,1000.0000,84.6418,15.0000,0,0,-1,0.0000,45027.2695,1000.0000,84.6418,15.0000,30
4703,44789.0000,722.1208,653.2916,15.0000,44999.6211,-0.0000,95.9334,15.0000,0,0,-1,0.0000,44999.6211,-0.0000,95.9334,15.0000,30
4704,44795.0000,39.3804,0.0000,8.1815,45038.4375,533.4631,999.9999,8.1815,0,0,-1,0.0000,45038.4375,533.4631,999.9999,8.1815,31
4705,44807.0000,750.4188,1000.0000,11.3853,45181.8984,42.5715,-0.0000,11.3853,0,0,-1,0.0000,45181.8984,42.5715,-0.0000,11.3853,29
4706,44812.0000,434.7370,1000.0000,9.4340,45102.5977,843.9116,-0.0000,9.4340,0,0,-1,0.0000,45102.5977,843.9116,-0.0000,9.4340,29
4707,44822.0000,0.0000,201.6365,14.1501,45095.4961,749.0232,1000.0000,14.1501,0,0,-1,0.0000,45095.4961,749.0232,1000.0000,14.1501,30
4708,44829.0000,550.9045,61.1804,15.0000,45120.4883,501.0340,1000.0000,15.0000,0,0,-1,0.0000,45120.4883,501.0340,1000.0000,15.0000,31
4709,44836.0000,443.3506,1000.0000,13.6618,45069.3203,464.7360,-0.0000,13.6618,0,0,-1,0.0000,45069.3203,464.7360,-0.0000,13.6618,32
4710,44846.0000,1000.0000,96.9663,9.1348,45185.9336,-0.0000,881.1555,9.1348,0,0,-1,0.0000,45185.9336,-0.0000,881.1555,9.1348,30
4711,44855.0000,1000.0000,834.5513,14.0785,45217.8281,-0.0000,266.3669,14.0785,0,0,-1,0.0000,45217.8281,-0.0000,266.3669,14.0785,30
4712,44861.0000,768.0729,683.6814,15.0000,45058.8633,-0.0000,481.1535,15.0000,0,0,-1,0.0000,45058.8633,-0.0000,481.1535,15.0000,31
4713,44866.0000,0.0000,438.0206,14.5723,45070.3672,999.9999,277.1752,14.5723,0,0,-1,0.0000,45070.3672,999.9999,277.1752,14.5723,31
4714,44880.0000,285.5272,0.0000,8.5033,45159.5820,610.0576,1000.0000,8.5033,0,0,-1,0.0000,45159.5820,610.0576,1000.0000,8.5033,30
4715,44893.0000,54.1099,0.0000,14.8550,45171.3438,1000.0000,823.7303,14.8550,0,0,-1,0.0000,45171.3438,1000.0000,823.7303,14.8550,30
4716,44902.0000,164.6316,1000.0000,9.8338,45150.5156,1000.0000,291.5108,9.8338,0,0,-1,0.0000,45150.5156,1000.0000,291.5108,9.8338,30
4717,44914.0000,579.4312,128.2481,15.0000,45200.2070,222.3576,1000.0001,15.0000,0,0,-1,0.0000,45200.2070,222.3576,1000.0001,15.0000,31
4718,44924.0000,651.2715,1000.0000,14.8010,45196.9023,122.3162,-0.0000,14.8010,0,0,-1,0.0000,45196.9023,122.3162,-0.0000,14.8010,30
4719,44938.0000,25.0159,0.0000,13.4167,45312.6680,999.9999,662.9290,13.4167,0,0,-1,0.0000,45312.6680,999.9999,662.9290,13.4167,29
4720,44952.0000,0.0000,900.6047,10.2880,45201.0352,1000.0000,351.8344,10.2880,0,0,-1,0.0000,45201.0352,1000.0000,351.8344,10.2880,29
4721,44958.0000,0.0000,280.3535,9.9863,45254.3906,1000.0001,869.3597,9.9863,0,0,-1,0.0000,45254.3906,1000.0001,869.3597,9.9863,30
4722,44968.0000,1000.0000,604.7834,10.0830,45296.8906,-0.0000,429.8272,10.0830,0,0,-1,0.0000,45296.8906,-0.0000,429.8272,10.0830,29
4723,44977.0000,72.6947,1000.0000,9.6764,45266.5742,999.9999,361.3255,9.6764,0,0,-1,0.0000,45266.5742,999.9999,361.3255,9.6764,30
4724,44986.0000,518.2370,948.3925,15.0000,45198.0352,670.2797,-0.0000,15.0000,0,0,-1,0.0000,45198.0352,670.2797,-0.0000,15.0000,30
4725,44998.0000,110.2846,1000.0000,14.6230,45298.7070,548.1378,-0.0000,14.6230,0,0,-1,0.0000,45298.7070,548.1378,-0.0000,14.6230,28
4726,45007.0000,735.7454,119.3851,8.0000,45306.0352,164.3280,1000.0000,8.0000,0,0,-1,0.0000,45306.0352,164.3280,1000.0000,8.0000,25
4727,45013.0000,176.1913,0.0000,8.6437,45308.2852,691.6765,1000.0000,8.6437,0,0,-1,0.0000,45308.2852,691.6765,1000.0000,8.6437,25
4728,45023.0000,106.9711,297.1947,15.0000,45318.8477,794.0889,1000.0000,15.0000,0,0,-1,0.0000,45318.8477,794.0889,1000.0000,15.0000,26
4729,45031.0000,355.0029,0.0000,10.0363,45340.3555,412.2774,1000.0001,10.0363,0,0,-1,0.0000,45340.3555,412.2774,1000.0001,10.0363,26
4730,45045.0000,244.9525,0.0000,14.7656,45253.8047,535.5506,1000.0000,14.7656,0,0,-1,0.0000,45253.8047,535.5506,1000.0000,14.7656,26
4731,45053.0000,25.2732,1000.0000,13.0445,45318.3984,735.4957,-0.0000,13.0445,0,0,-1,0.0000,45318.3984,735.4957,-0.0000,13.0445,27
4732,45067.0000,958.3848,1000.0000,13.0663,45331.9375,291.4760,-0.0000,13.0663,0,0,-1,0.0000,45331.9375,291.4760,-0.0000,13.0663,27
4733,45075.0000,539.9552,0.0000,12.0591,45301.8906,608.6101,1000.0001,12.0591,0,0,-1,0.0000,45301.8906,608.6101,1000.0001,12.0591,26
4734,45088.0000,501.0189,193.1375,8.0000,45321.4375,468.5265,1000.0001,8.0000,0,0,-1,0.0000,45321.4375,468.5265,1000.0001,8.0000,27
4735,45093.0000,163.3387,1000.0000,13.0834,45388.9883,997.7473,-0.0000,13.0834,0,0,-1,0.0000,45388.9883,997.7473,-0.0000,13.0834,28
4736,45099.0000,713.2931,1000.0000,13.0075,45411.6641,564.8651,-0.0000,13.0075,0,0,-1,0.0000,45411.6641,564.8651,-0.0000,13.0075,28
4737,45112.0000,785.0516,634.7859,15.0000,45353.1719,34.1648,-0.0000,15.0000,0,0,-1,0.0000,45353.1719,34.1648,-0.0000,15.0000,27
4738,45121.0000,47.3757,524.3049,8.0000,45347.3438,1000.0000,712.9827,8.0000,0,0,-1,0.0000,45347.3438,1000.0000,712.9827,8.0000,27
4739,45129.0000,759.7520,0.0000,12.6034,45370.7812,503.9580,999.9999,12.6034,0,0,-1,0.0000,45370.7812,503.9580,999.9999,12.6034,28
4740,45138.0000,1000.0000,785.7284,11.4634,45486.5703,-0.0000,390.9713,11.4634,0,0,-1,0.0000,45486.5703,-0.0000,390.9713,11.4634,29
4741,45150.0000,881.4296,171.2226,15.0000,45378.4453,-0.0000,683.2501,15.0000,0,0,-1,0.0000,45378.4453,-0.0000,683.2501,15.0000,30
4742,45162.0000,850.0693,410.6324,15.0000,45490.3828,-0.0000,951.3994,15.0000,0,0,-1,0.0000,45490.3828,-0.0000,951.3994,15.0000,29
4743,45168.0000,147.1853,507.1396,15.0000,45402.5781,1000.0001,600.1340,15.0000,0,0,-1,0.0000,45402.5781,1000.0001,600.1340,15.0000,30
4744,45178.0000,776.3271,1000.0000,12.0840,45530.0039,324.7004,-0.0000,12.0840,0,0,-1,0.0000,45530.0039,324.7004,-0.0000,12.0840,30
4745,45189.0000,659.4308,1000.0000,11.5856,45426.9648,-0.0000,121.5812,11.5856,0,0,-1,0.0000,45426.9648,-0.0000,121.5812,11.5856,29
4746,45196.0000,231.3225,0.0000,10.9590,45588.0000,942.0340,999.9999,10.9590,0,0,-1,0.0000,45588.0000,942.0340,999.9999,10.9590,30
4747,45205.0000,205.5638,589.4455,15.0000,45420.1875,999.9999,219.3565,15.0000,0,0,-1,0.0000,45420.1875,999.9999,219.3565,15.0000,27
4748,45214.0000,692.2086,1000.0000,13.7172,45489.1367,-0.0000,204.3094,13.7172,0,0,-1,0.0000,45489.1367,-0.0000,204.3094,13.7172,28
4749,45222.0000,0.0000,193.4467,10.9747,45552.1523,999.4831,1000.0001,10.9747,0,0,-1,0.0000,45552.1523,999.4831,1000.0001,10.9747,28
4750,45233.0000,887.8988,911.3624,8.0000,45570.5469,390.2326,-0.0000,8.0000,0,0,-1,0.0000,45570.5469,390.2326,-0.0000,8.0000,29
4751,45247.0000,44.2144,0.0000,11.6551,45518.9375,929.5367,1000.0000,11.6551,0,0,-1,0.0000,45518.9375,929.5367,1000.0000,11.6551,30
4752,45255.0000,1000.0000,27.0601,10.3429,45516.9844,370.4751,999.9999,10.3429,0,0,-1,0.0000,45516.9844,370.4751,999.9999,10.3429,29
4753,45262.0000,1000.0000,109.5850,14.0333,45644.3984,-0.0000,857.7079,14.0333,0,0,-1,0.0000,45644.3984,-0.0000,857.7079,14.0333,30
4754,45274.0000,1000.0000,47.9598,10.3250,45631.6133,494.7881,1000.0000,10.3250,0,0,-1,0.0000,45631.6133,494.7881,1000.0000,10.3250,30
4755,45280.0000,568.1276,1000.0000,10.8176,45524.7578,710.9318,-0.0000,10.8176,0,0,-1,0.0000,45524.7578,710.9318,-0.0000,10.8176,31
4756,45293.0000,1000.0000,106.2875,9.7811,45561.0820,9.6813,1000.0000,9.7811,0,0,-1,0.0000,45561.0820,9.6813,1000.0000,9.7811,32
4757,45304.0000,59.6835,86.4005,15.0000,45534.9609,727.7701,1000.0000,15.0000,0,0,-1,0.0000,45534.9609,727.7701,1000.0000,15.0000,30
4758,45314.0000,0.0000,163.7633,13.9669,45735.2500,1000.0000,957.8889,13.9669,0,0,-1,0.0000,45735.2500,1000.0000,957.8889,13.9669,28
4759,45319.0000,1000.0000,4.5514,11.5666,45635.5898,-0.0000,828.8105,11.5666,0,0,-1,0.0000,45635.5898,-0.0000,828.8105,11.5666,27
4760,45326.0000,0.0000,35.0986,13.3554,45734.5664,1000.0001,872.2314,13.3554,0,0,-1,0.0000,45734.5664,1000.0001,872.2314,13.3554,27
4761,45339.0000,58.9436,1000.0000,8.7019,45670.6172,899.8524,-0.0000,8.7019,0,0,-1,0.0000,45670.6172,899.8524,-0.0000,8.7019,27
4762,45344.0000,250.5811,0.0000,11.9984,45605.3164,999.9999,771.1966,11.9984,0,0,-1,0.0000,45605.3164,999.9999,771.1966,11.9984,27
4763,45358.0000,921.5281,1000.0000,8.2539,45680.6406,257.0281,-0.0000,8.2539,0,0,-1,0.0000,45680.6406,257.0281,-0.0000,8.2539,26
4764,45363.0000,515.3059,0.0000,14.6625,45590.8359,834.3776,1000.0001,14.6625,0,0,-1,0.0000,45590.8359,834.3776,1000.0001,14.6625,27
4765,45373.0000,992.5250,912.4063,15.0000,45739.4453,-0.0000,399.4884,15.0000,0,0,-1,0.0000,45739.4453,-0.0000,399.4884,15.0000,27
4766,45378.0000,284.6033,982.3387,8.0000,45585.1836,460.3255,-0.0000,8.0000,0,0,-1,0.0000,45585.1836,460.3255,-0.0000,8.0000,28
4767,45390.0000,929.0879,0.0000,14.2620,45710.2539,360.2968,1000.0001,14.2620,0,0,-1,0.0000,45710.2539,360.2968,1000.0001,14.2620,27
4768,45404.0000,670.5994,955.8807,8.0000,45660.8750,113.3102,-0.0000,8.0000,0,0,-1,0.0000,45660.8750,113.3102,-0.0000,8.0000,27
4769,45418.0000,568.0309,0.0000,13.7756,45695.9648,623.4625,1000.0000,13.7756,0,0,-1,0.0000,45695.9648,623.4625,1000.0000,13.7756,27
4770,45430.0000,861.2334,596.1300,15.0000,45732.7617,-0.0000,18.3876,15.0000,0,0,-1,0.0000,45732.7617,-0.0000,18.3876,15.0000,26
4771,45441.0000,1000.0000,713.7703,13.4117,45731.7773,-0.0000,602.8837,13.4117,0,0,-1,0.0000,45731.7773,-0.0000,602.8837,13.4117,27
4772,45454.0000,819.7277,846.0000,8.0000,45809.3164,95.6073,-0.0000,8.0000,0,0,-1,0.0000,45809.3164,95.6073,-0.0000,8.0000,28
4773,45463.0000,158.4920,24.2355,8.0000,45678.6914,999.9999,635.1702,8.0000,0,0,-1,0.0000,45678.6914,999.9999,635.1702,8.0000,29
4774,45471.0000,794.6215,614.9500,8.0000,45690.9375,-0.0000,293.8090,8.0000,0,0,-1,0.0000,45690.9375,-0.0000,293.8090,8.0000,30
4775,45479.0000,1000.0000,73.7230,14.7171,45769.5586,-0.0000,751.4362,14.7171,0,0,-1,0.0000,45769.5586,-0.0000,751.4362,14.7171,31
4776,45487.0000,718.6945,252.9997,8.0000,45742.1641,418.8430,1000.0000,8.0000,0,0,-1,0.0000,45742.1641,418.8430,1000.0000,8.0000,31
4777,45500.0000,87.5673,1000.0000,8.1547,45753.7773,599.1305,-0.0000,8.1547,0,0,-1,0.0000,45753.7773,599.1305,-0.0000,8.1547,30
4778,45506.0000,344.0504,770.7148,15.0000,45823.4453,1000.0000,59.8366,15.0000,0,0,-1,0.0000,45823.4453,1000.0000,59.8366,15.0000,31
4779,45511.0000,0.0000,27.3037,11.7225,45759.1680,709.5549,1000.0000,11.7225,0,0,-1,0.0000,45759.1680,709.5549,1000.0000,11.7225,32
4780,45524.0000,538.1696,1000.0000,9.2577,45756.5859,641.8967,-0.0000,9.2577,0,0,-1,0.0000,45756.5859,641.8967,-0.0000,9.2577,31
4781,45531.0000,1000.0000,865.3759,9.2900,45917.9180,67.1667,-0.0000,9.2900,0,0,-1,0.0000,45917.9180,67.1667,-0.0000,9.2900,30
4782,45540.0000,575.7112,115.4092,8.0000,45795.2109,482.3580,999.9999,8.0000,0,0,-1,0.0000,45795.2109,482.3580,999.9999,8.0000,30
4783,45546.0000,838.3446,984.2485,15.0000,45783.0391,569.6732,-0.0000,15.0000,0,0,-1,0.0000,45783.0391,569.6732,-0.0000,15.0000,31
4784,45557.0000,751.7057,203.0789,8.0000,45773.3789,62.6136,1000.0000,8.0000,0,0,-1,0.0000,45773.3789,62.6136,1000.0000,8.0000,31
4785,45567.0000,0.0000,256.8637,13.5560,45847.0781,986.2996,999.9999,13.5560,0,0,-1,0.0000,45847.0781,986.2996,999.9999,13.5560,31
4786,45575.0000,274.8589,0.0000,10.8292,45904.5273,546.5624,1000.0001,10.8292,0,0,-1,0.0000,45904.5273,546.5624,1000.0001,10.8292,31
4787,45580.0000,0.0000,734.5083,8.3191,45867.6289,1000.0000,432.0474,8.3191,0,0,-1,0.0000,45867.6289,1000.0000,432.0474,8.3191,32
4788,45590.0000,74.9601,1000.0000,8.7712,45920.9766,543.1047,-0.0000,8.7712,0,0,-1,0.0000,45920.9766,543.1047,-0.0000,8.7712,31
4789,45599.0000,894.4020,17.1541,15.0000,45915.6875,539.6252,1000.0001,15.0000,0,0,-1,0.0000,45915.6875,539.6252,1000.0001,15.0000,31
4790,45613.0000,774.6206,1000.0000,11.2712,45854.3750,213.4145,-0.0000,11.2712,0,0,-1,0.0000,45854.3750,213.4145,-0.0000,11.2712,31
4791,45621.0000,802.6627,1000.0000,8.9532,45897.2734,-0.0000,98.5138,8.9532,0,0,-1,0.0000,45897.2734,-0.0000,98.5138,8.9532,32
4792,45626.0000,381.8300,897.3208,15.0000,45846.7227,645.6379,-0.0000,15.0000,0,0,-1,0.0000,45846.7227,645.6379,-0.0000,15.0000,33
4793,45634.0000,0.0000,472.4136,12.7637,45916.7812,1000.0000,503.0738,12.7637,0,0,-1,0.0000,45916.7812,1000.0000,503.0738,12.7637,33
4794,45648.0000,0.0000,547.3292,11.9782,45875.6172,1000.0000,506.1872,11.9782,0,0,-1,0.0000,45875.6172,1000.0000,506.1872,11.9782,32
4795,45659.0000,1000.0000,925.9677,9.5021,45921.5703,-0.0000,299.1127,9.5021,0,0,-1,0.0000,45921.5703,-0.0000,299.1127,9.5021,33
4796,45672.0000,0.0000,25.9498,10.6728,46000.9180,1000.0000,804.8439,10.6728,0,0,-1,0.0000,46000.9180,1000.0000,804.8439,10.6728,32
4797,45679.0000,0.0000,654.3488,8.4096,45970.6641,1000.0000,147.4916,8.4096,0,0,-1,0.0000,45970.6641,1000.0000,147.4916,8.4096,32
4798,45684.0000,373.2186,103.7355,8.0000,45952.1250,650.7292,1000.0001,8.0000,0,0,-1,0.0000,45952.1250,650.7292,1000.0001,8.0000,32
4799,45689.0000,156.0786,1000.0000,11.9187,45954.3984,473.3995,-0.0000,11.9187,0,0,-1,0.0000,45954.3984,473.3995,-0.0000,11.9187,33
4800,45699.0000,91.1865,918.4639,15.0000,45952.1289,569.2714,-0.0000,15.0000,0,0,-1,0.0000,45952.1289,569.2714,-0.0000,15.0000,32
4801,45710.0000,536.4178,967.6761,15.0000,45922.8438,420.6148,-0.0000,15.0000,0,0,-1,0.0000,45922.8438,420.6148,-0.0000,15.0000,33
4802,45721.0000,346.0410,1000.0000,8.3057,45928.4766,510.2790,-0.0000,8.3057,0,0,-1,0.0000,45928.4766,510.2790,-0.0000,8.3057,33
4803,45735.0000,0.0000,540.9533,8.3981,45966.4062,1000.0000,711.1073,8.3981,0,0,-1,0.0000,45966.4062,1000.0000,711.1073,8.3981,31
4804,45743.0000,1000.0000,704.0353,9.2674,46037.9766,-0.0000,179.2693,9.2674,0,0,-1,0.0000,46037.9766,-0.0000,179.2693,9.2674,29
4805,45749.0000,965.1527,302.2795,15.0000,46048.7344,-0.0000,931.3607,15.0000,0,0,-1,0.0000,46048.7344,-0.0000,931.3607,15.0000,30
4806,45759.0000,670.7968,0.0000,10.2618,46055.6914,-0.0000,969.7658,10.2618,0,0,-1,0.0000,46055.6914,-0.0000,969.7658,10.2618,29
4807,45768.0000,280.5620,294.5886,15.0000,46022.3906,1000.0000,775.2350,15.0000,0,0,-1,0.0000,46022.3906,1000.0000,775.2350,15.0000,29
4808,45778.0000,548.4724,1000.0000,9.1852,46000.4922,569.7967,-0.0000,9.1852,0,0,-1,0.0000,46000.4922,569.7967,-0.0000,9.1852,28
4809,45792.0000,812.3212,1000.0000,10.3269,46056.6094,251.7939,-0.0000,10.3269,0,0,-1,0.0000,46056.6094,251.7939,-0.0000,10.3269,28
4810,45802.0000,995.2102,0.0000,12.7489,46077.0391,342.3767,1000.0000,12.7489,0,0,-1,0.0000,46077.0391,342.3767,1000.0000,12.7489,28
4811,45807.0000,396.3128,623.2352,15.0000,46013.5234,818.3980,-0.0000,15.0000,0,0,-1,0.0000,46013.5234,818.3980,-0.0000,15.0000,29
4812,45816.0000,483.0836,1000.0000,13.2128,46092.9922,204.5022,-0.0000,13.2128,0,0,-1,0.0000,46092.9922,204.5022,-0.0000,13.2128,29
4813,45830.0000,804.0261,502.5070,8.0000,46044.5664,-0.0000,244.8947,8.0000,0,0,-1,0.0000,46044.5664,-0.0000,244.8947,8.0000,29
4814,45844.0000,1000.0000,992.4302,12.7270,46134.2773,-0.0000,429.6851,12.7270,0,0,-1,0.0000,46134.2773,-0.0000,429.6851,12.7270,30
4815,45851.0000,84.4636,683.4180,8.0000,46056.6523,1000.0000,390.0352,8.0000,0,0,-1,0.0000,46056.6523,1000.0000,390.0352,8.0000,29
4816,45858.0000,27.4833,35.1237,15.0000,46122.0391,1000.0000,652.5872,15.0000,0,0,-1,0.0000,46122.0391,1000.0000,652.5872,15.0000,29
4817,45866.0000,1000.0000,914.9172,13.7974,46113.2812,-0.0000,457.9688,13.7974,0,0,-1,0.0000,46113.2812,-0.0000,457.9688,13.7974,30
4818,45873.0000,862.5477,760.9335,15.0000,46213.5781,129.0812,-0.0000,15.0000,0,0,-1,0.0000,46213.5781,129.0812,-0.0000,15.0000,30
4819,45881.0000,394.6173,0.0000,9.0407,46208.4336,794.8564,1000.0000,9.0407,0,0,-1,0.0000,46208.4336,794.8564,1000.0000,9.0407,30
4820,45895.0000,0.0000,549.5987,8.2240,46127.1641,1000.0000,684.6767,8.2240,0,0,-1,0.0000,46127.1641,1000.0000,684.6767,8.2240,31
4821,45904.0000,0.0000,286.6723,8.7023,46219.7422,904.8438,1000.0000,8.7023,0,0,-1,0.0000,46219.7422,904.8438,1000.0000,8.7023,31
4822,45917.0000,1000.0000,243.5342,10.9059,46203.8828,-0.0000,715.2512,10.9059,0,0,-1,0.0000,46203.8828,-0.0000,715.2512,10.9059,29
4823,45930.0000,285.3997,0.0000,13.2709,46178.3086,1000.0001,892.3287,13.2709,0,0,-1,0.0000,46178.3086,1000.0001,892.3287,13.2709,25
4824,45937.0000,375.7212,31.7168,8.0000,46302.5508,909.1681,1000.0000,8.0000,0,0,-1,0.0000,46302.5508,909.1681,1000.0000,8.0000,26
4825,45942.0000,1000.0000,577.2358,8.8515,45942.0000,1000.0000,577.2358,8.8515,0,0,-1,0.0000,45942.0000,1000.0000,577.2358,8.8515,27
4826,45955.0000,1000.0000,169.7974,14.6172,46223.3516,-0.0000,581.7531,14.6172,0,0,-1,0.0000,46223.3516,-0.0000,581.7531,14.6172,24
4827,45961.0000,308.3496,337.6877,15.0000,46121.2812,999.9999,708.1641,15.0000,0,0,-1,0.0000,46121.2812,999.9999,708.1641,15.0000,25
4828,45967.0000,167.1824,0.0000,9.1749,46304.4883,999.2243,1000.0000,9.1749,0,0,-1,0.0000,46304.4883,999.2243,1000.0000,9.1749,25
4829,45977.0000,459.7224,0.0000,9.1401,46300.6484,381.7583,1000.0000,9.1401,0,0,-1,0.0000,46300.6484,381.7583,1000.0000,9.1401,25
4830,45988.0000,907.5521,1000.0000,11.3237,46298.5664,63.4399,-0.0000,11.3237,0,0,-1,0.0000,46298.5664,63.4399,-0.0000,11.3237,26
4831,45995.0000,0.0000,458.2233,11.6089,46341.8047,1000.0000,914.8912,11.6089,0,0,-1,0.0000,46341.8047,1000.0000,914.8912,11.6089,27
4832,46001.0000,1000.0000,728.5598,14.2130,46249.5039,-0.0000,198.4649,14.2130,0,0,-1,0.0000,46249.5039,-0.0000,198.4649,14.2130,26
4833,46013.0000,161.1535,653.0955,15.0000,46355.6953,961.9383,-0.0000,15.0000,0,0,-1,0.0000,46355.6953,961.9383,-0.0000,15.0000,27
4834,46021.0000,375.0016,1000.0000,10.1609,46226.4414,301.2299,-0.0000,10.1609,0,0,-1,0.0000,46226.4414,301.2299,-0.0000,10.1609,27
4835,46035.0000,514.9246,617.6868,8.0000,46183.0352,387.9340,-0.0000,8.0000,0,0,-1,0.0000,46183.0352,387.9340,-0.0000,8.0000,27
4836,46046.0000,777.7020,820.4866,8.0000,46228.9648,-0.0000,345.5403,8.0000,0,0,-1,0.0000,46228.9648,-0.0000,345.5403,8.0000,26
4837,46053.0000,628.4788,335.7623,15.0000,46209.3828,365.2494,1000.0000,15.0000,0,0,-1,0.0000,46209.3828,365.2494,1000.0000,15.0000,26
4838,46061.0000,0.0000,0.3630,12.4486,46307.9609,1000.0000,714.7254,12.4486,0,0,-1,0.0000,46307.9609,1000.0000,714.7254,12.4486,24
4839,46069.0000,895.6939,0.0000,13.4091,46337.9922,529.4083,1000.0000,13.4091,0,0,-1,0.0000,46337.9922,529.4083,1000.0000,13.4091,25
4840,46075.0000,785.0147,1000.0000,12.0982,46320.9453,318.4414,-0.0000,12.0982,0,0,-1,0.0000,46320.9453,318.4414,-0.0000,12.0982,26
4841,46085.0000,0.0000,408.3777,9.0162,46359.8594,1000.0000,630.6367,9.0162,0,0,-1,0.0000,46359.8594,1000.0000,630.6367,9.0162,26
4842,46096.0000,757.0844,0.0000,10.0429,46364.1406,428.2009,1000.0001,10.0429,0,0,-1,0.0000,46364.1406,428.2009,1000.0001,10.0429,26
4843,46104.0000,262.9118,331.6130,8.0000,46274.6914,1000.0000,726.9666,8.0000,0,0,-1,0.0000,46274.6914,1000.0000,726.9666,8.0000,27
4844,46115.0000,0.0000,834.4227,8.8458,46469.4297,1000.0001,204.8233,8.8458,0,0,-1,0.0000,46469.4297,1000.0001,204.8233,8.8458,27
4845,46123.0000,72.5479,1000.0000,11.9580,46533.9414,981.2181,-0.0000,11.9580,0,0,-1,0.0000,46533.9414,981.2181,-0.0000,11.9580,26
4846,46128.0000,0.0000,885.0964,12.3417,46396.3711,1000.0000,211.7012,12.3417,0,0,-1,0.0000,46396.3711,1000.0000,211.7012,12.3417,26
4847,46136.0000,593.3975,324.7555,8.0000,46282.2500,479.1685,1000.0001,8.0000,0,0,-1,0.0000,46282.2500,479.1685,1000.0001,8.0000,26
4848,46150.0000,0.0000,736.7003,12.5216,46437.8594,999.9999,538.1022,12.5216,0,0,-1,0.0000,46437.8594,999.9999,538.1022,12.5216,27
4849,46157.0000,78.9560,99.3479,8.0000,46510.8164,999.9999,710.9982,8.0000,0,0,-1,0.0000,46510.8164,999.9999,710.9982,8.0000,28
4850,46167.0000,467.6441,0.0000,12.9662,46378.8711,406.8723,1000.0000,12.9662,0,0,-1,0.0000,46378.8711,406.8723,1000.0000,12.9662,29
4851,46173.0000,766.4576,972.9575,8.0000,46484.6094,112.2018,-0.0000,8.0000,0,0,-1,0.0000,46484.6094,112.2018,-0.0000,8.0000,30
4852,46183.0000,279.2933,99.3112,8.0000,46437.9531,670.8915,1000.0001,8.0000,0,0,-1,0.0000,46437.9531,670.8915,1000.0001,8.0000,30
4853,46195.0000,753.6931,910.2551,15.0000,46493.8320,475.0457,-0.0000,15.0000,0,0,-1,0.0000,46493.8320,475.0457,-0.0000,15.0000,30
4854,46209.0000,307.7989,1000.0000,9.0865,46504.2852,663.6470,-0.0000,9.0865,0,0,-1,0.0000,46504.2852,663.6470,-0.0000,9.0865,29
4855,46220.0000,167.5814,0.0000,9.4253,46586.7891,832.2980,1000.0000,9.4253,0,0,-1,0.0000,46586.7891,832.2980,1000.0000,9.4253,27
4856,46227.0000,709.8177,52.3489,15.0000,46458.5586,520.6718,999.9999,15.0000,0,0,-1,0.0000,46458.5586,520.6718,999.9999,15.0000,26
4857,46234.0000,125.0022,0.0000,9.7137,46590.4570,1000.0000,712.2668,9.7137,0,0,-1,0.0000,46590.4570,1000.0000,712.2668,9.7137,26
4858,46246.0000,260.2361,0.0000,9.2054,46478.5586,596.5272,1000.0001,9.2054,0,0,-1,0.0000,46478.5586,596.5272,1000.0001,9.2054,27
4859,46258.0000,157.2238,134.2238,8.0000,46602.2500,923.2395,1000.0000,8.0000,0,0,-1,0.0000,46602.2500,923.2395,1000.0000,8.0000,27
4860,46263.0000,18.8734,0.0000,14.7886,46604.8750,749.5295,1000.0000,14.7886,0,0,-1,0.0000,46604.8750,749.5295,1000.0000,14.7886,28
4861,46268.0000,1000.0000,665.0988,10.4610,46581.8672,-0.0000,367.3748,10.4610,0,0,-1,0.0000,46581.8672,-0.0000,367.3748,10.4610,29
4862,46276.0000,1000.0000,329.5387,13.9810,46484.3594,-0.0000,576.5775,13.9810,0,0,-1,0.0000,46484.3594,-0.0000,576.5775,13.9810,29
4863,46290.0000,1000.0000,80.4274,14.1804,46648.4336,121.7621,1000.0001,14.1804,0,0,-1,0.0000,46648.4336,121.7621,1000.0001,14.1804,29
4864,46295.0000,0.0000,742.9255,9.3556,46570.2344,1000.0000,183.5030,9.3556,0,0,-1,0.0000,46570.2344,1000.0000,183.5030,9.3556,30
4865,46308.0000,521.2538,83.7782,15.0000,46500.3711,274.5916,1000.0001,15.0000,0,0,-1,0.0000,46500.3711,274.5916,1000.0001,15.0000,26
4866,46320.0000,160.0420,0.0000,8.5413,46720.8477,935.2983,1000.0000,8.5413,0,0,-1,0.0000,46720.8477,935.2983,1000.0000,8.5413,27
4867,46332.0000,308.0833,1000.0000,10.5484,46615.8594,1000.0000,135.5662,10.5484,0,0,-1,0.0000,46615.8594,1000.0000,135.5662,10.5484,27
4868,46343.0000,34.2446,453.2632,15.0000,46604.3789,1000.0000,881.9299,15.0000,0,0,-1,0.0000,46604.3789,1000.0000,881.9299,15.0000,26
4869,46355.0000,0.0000,464.9852,9.8666,46667.7031,1000.0001,374.8878,9.8666,0,0,-1,0.0000,46667.7031,1000.0001,374.8878,9.8666,27
4870,46364.0000,653.5939,1000.0000,14.3109,46628.3672,57.4566,-0.0000,14.3109,0,0,-1,0.0000,46628.3672,57.4566,-0.0000,14.3109,26
4871,46377.0000,1000.0000,637.6852,9.9270,46644.3555,-0.0000,595.6744,9.9270,0,0,-1,0.0000,46644.3555,-0.0000,595.6744,9.9270,26
4872,46389.0000,1000.0000,405.3315,14.3812,46640.7383,-0.0000,362.8832,14.3812,0,0,-1,0.0000,46640.7383,-0.0000,362.8832,14.3812,26
4873,46394.0000,56.7572,0.0000,8.7115,46633.8281,512.8225,1000.0000,8.7115,0,0,-1,0.0000,46633.8281,512.8225,1000.0000,8.7115,27
4874,46405.0000,0.0000,822.9952,10.5197,46624.8008,999.9999,478.8271,10.5197,0,0,-1,0.0000,46624.8008,999.9999,478.8271,10.5197,27
4875,46416.0000,992.0854,0.0000,14.0574,46771.1836,-0.0000,723.6959,14.0574,0,0,-1,0.0000,46771.1836,-0.0000,723.6959,14.0574,28
4876,46428.0000,899.1415,1000.0000,8.5189,46832.8164,186.2564,-0.0000,8.5189,0,0,-1,0.0000,46832.8164,186.2564,-0.0000,8.5189,29
4877,46435.0000,0.0000,63.9709,10.9194,46675.6250,1000.0000,604.9043,10.9194,0,0,-1,0.0000,46675.6250,1000.0000,604.9043,10.9194,30
4878,46447.0000,1000.0000,294.6748,14.8411,46696.8750,-0.0000,395.1288,14.8411,0,0,-1,0.0000,46696.8750,-0.0000,395.1288,14.8411,29
4879,46452.0000,846.2872,476.5724,15.0000,46652.3242,-0.0000,821.3732,15.0000,0,0,-1,0.0000,46652.3242,-0.0000,821.3732,15.0000,30
4880,46464.0000,722.5895,417.1188,15.0000,46672.6562,-0.0000,849.4673,15.0000,0,0,-1,0.0000,46672.6562,-0.0000,849.4673,15.0000,30
4881,46475.0000,0.0000,447.6123,13.0199,46753.2773,1000.0000,437.5716,13.0199,0,0,-1,0.0000,46753.2773,1000.0000,437.5716,13.0199,30
4882,46488.0000,697.7316,0.0000,10.9796,46718.1836,446.6286,1000.0000,10.9796,0,0,-1,0.0000,46718.1836,446.6286,1000.0000,10.9796,28
4883,46498.0000,1000.0000,121.4293,9.8785,46833.8281,-0.0000,722.5735,9.8785,0,0,-1,0.0000,46833.8281,-0.0000,722.5735,9.8785,28
4884,46507.0000,0.0000,519.4099,11.7271,46763.9688,999.9999,776.3184,11.7271,0,0,-1,0.0000,46763.9688,999.9999,776.3184,11.7271,27
4885,46518.0000,737.6895,424.7639,8.0000,46749.3320,-0.0000,445.1613,8.0000,0,0,-1,0.0000,46749.3320,-0.0000,445.1613,8.0000,27
4886,46527.0000,0.0000,527.2413,10.2186,46756.2070,1000.0000,791.0862,10.2186,0,0,-1,0.0000,46756.2070,1000.0000,791.0862,10.2186,28
4887,46537.0000,0.0000,920.4218,14.0209,46779.1133,999.9999,348.8480,14.0209,0,0,-1,0.0000,46779.1133,999.9999,348.8480,14.0209,28
4888,46549.0000,0.0000,816.8173,12.3979,46847.8789,1000.0001,170.8849,12.3979,0,0,-1,0.0000,46847.8789,1000.0001,170.8849,12.3979,29
4889,46556.0000,676.2122,1000.0000,13.2862,46887.3984,-0.0000,147.8177,13.2862,0,0,-1,0.0000,46887.3984,-0.0000,147.8177,13.2862,30
4890,46568.0000,873.1689,273.0803,8.0000,46767.7734,-0.0000,636.6572,8.0000,0,0,-1,0.0000,46767.7734,-0.0000,636.6572,8.0000,31
4891,46576.0000,69.6836,0.0000,9.2887,46822.6172,779.0752,1000.0000,9.2887,0,0,-1,0.0000,46822.6172,779.0752,1000.0000,9.2887,31
4892,46581.0000,368.8524,0.0000,12.5995,46924.9727,628.5281,1000.0001,12.5995,0,0,-1,0.0000,46924.9727,628.5281,1000.0001,12.5995,32
4893,46587.0000,107.5808,18.6851,15.0000,46912.4180,842.6155,1000.0000,15.0000,0,0,-1,0.0000,46912.4180,842.6155,1000.0000,15.0000,31
4894,46599.0000,512.7793,955.1423,8.0000,46819.4219,683.1055,-0.0000,8.0000,0,0,-1,0.0000,46819.4219,683.1055,-0.0000,8.0000,31
4895,46608.0000,614.6294,0.0000,14.6385,46896.4297,117.7330,1000.0000,14.6385,0,0,-1,0.0000,46896.4297,117.7330,1000.0000,14.6385,29
4896,46617.0000,415.2639,879.3314,15.0000,46845.7148,323.9794,-0.0000,15.0000,0,0,-1,0.0000,46845.7148,323.9794,-0.0000,15.0000,29
4897,46624.0000,454.8156,0.0000,8.4367,46840.3945,377.8091,1000.0001,8.4367,0,0,-1,0.0000,46840.3945,377.8091,1000.0001,8.4367,30
4898,46634.0000,1000.0000,695.2374,11.2447,46907.9570,-0.0000,448.7231,11.2447,0,0,-1,0.0000,46907.9570,-0.0000,448.7231,11.2447,28
4899,46644.0000,1000.0000,351.6895,13.5734,46855.7461,-0.0000,312.5513,13.5734,0,0,-1,0.0000,46855.7461,-0.0000,312.5513,13.5734,28
4900,46656.0000,80.4030,0.0000,12.4138,46964.4844,486.7375,1000.0001,12.4138,0,0,-1,0.0000,46964.4844,486.7375,1000.0001,12.4138,26
4901,46665.0000,0.0000,657.8156,9.4129,46884.7109,1000.0001,341.1129,9.4129,0,0,-1,0.0000,46884.7109,1000.0001,341.1129,9.4129,27
4902,46671.0000,473.4145,1000.0000,9.1118,46895.2070,481.6301,-0.0000,9.1118,0,0,-1,0.0000,46895.2070,481.6301,-0.0000,9.1118,27
4903,46676.0000,1000.0000,882.6832,11.3021,46952.7422,-0.0000,232.0581,11.3021,0,0,-1,0.0000,46952.7422,-0.0000,232.0581,11.3021,26
4904,46688.0000,34.1829,1000.0000,11.5794,46962.5820,1000.0001,228.5221,11.5794,0,0,-1,0.0000,46962.5820,1000.0001,228.5221,11.5794,27
4905,46698.0000,39.3283,1000.0000,13.2452,46935.4141,541.0017,-0.0000,13.2452,0,0,-1,0.0000,46935.4141,541.0017,-0.0000,13.2452,27
4906,46709.0000,1000.0000,823.5496,11.2180,46941.0664,299.9680,-0.0000,11.2180,0,0,-1,0.0000,46941.0664,299.9680,-0.0000,11.2180,28
4907,46718.0000,46.9969,1000.0000,11.2130,47105.3398,849.5359,-0.0000,11.2130,0,0,-1,0.0000,47105.3398,849.5359,-0.0000,11.2130,29
4908,46727.0000,286.0874,1000.0000,9.8578,46958.0938,558.2696,-0.0000,9.8578,0,0,-1,0.0000,46958.0938,558.2696,-0.0000,9.8578,28
4909,46734.0000,119.3110,1000.0000,14.4253,47080.8711,1000.0000,301.4568,14.4253,0,0,-1,0.0000,47080.8711,1000.0000,301.4568,14.4253,29
4910,46747.0000,986.7355,1000.0000,8.4240,46987.0000,508.5976,-0.0000,8.4240,0,0,-1,0.0000,46987.0000,508.5976,-0.0000,8.4240,30
4911,46759.0000,832.3784,166.5775,15.0000,47065.3477,-0.0000,564.1783,15.0000,0,0,-1,0.0000,47065.3477,-0.0000,564.1783,15.0000,28
4912,46770.0000,723.6594,1000.0000,12.3508,47097.5859,499.0524,-0.0000,12.3508,0,0,-1,0.0000,47097.5859,499.0524,-0.0000,12.3508,27
4913,46784.0000,1000.0000,594.7422,10.8478,46988.9609,-0.0000,375.2534,10.8478,0,0,-1,0.0000,46988.9609,-0.0000,375.2534,10.8478,26
4914,46790.0000,1000.0000,572.7297,10.8175,47144.6133,-0.0000,195.5804,10.8175,0,0,-1,0.0000,47144.6133,-0.0000,195.5804,10.8175,27
4915,46795.0000,1000.0000,189.6246,10.4545,47102.9922,-0.0000,409.4673,10.4545,0,0,-1,0.0000,47102.9922,-0.0000,409.4673,10.4545,28
4916,46802.0000,92.2279,233.7852,15.0000,47044.2461,1000.0000,520.7371,15.0000,0,0,-1,0.0000,47044.2461,1000.0000,520.7371,15.0000,29
4917,46807.0000,1000.0000,362.5058,12.0864,47025.4102,-0.0000,650.3791,12.0864,0,0,-1,0.0000,47025.4102,-0.0000,650.3791,12.0864,30
4918,46817.0000,57.8530,888.6021,8.0000,47113.2852,994.9520,-0.0000,8.0000,0,0,-1,0.0000,47113.2852,994.9520,-0.0000,8.0000,31
4919,46824.0000,497.0635,0.0000,10.6247,47074.1055,565.2144,999.9999,10.6247,0,0,-1,0.0000,47074.1055,565.2144,999.9999,10.6247,30
4920,46830.0000,874.4570,0.0000,13.6573,47051.7148,462.8466,999.9999,13.6573,0,0,-1,0.0000,47051.7148,462.8466,999.9999,13.6573,31
4921,46842.0000,219.4365,0.0000,13.1520,47137.1055,617.4758,1000.0000,13.1520,0,0,-1,0.0000,47137.1055,617.4758,1000.0000,13.1520,29
4922,46855.0000,198.9630,0.0000,8.5763,47082.6250,1000.0001,749.8326,8.5763,0,0,-1,0.0000,47082.6250,1000.0001,749.8326,8.5763,28
4923,46861.0000,925.5455,797.1248,8.0000,47067.2969,316.2551,-0.0000,8.0000,0,0,-1,0.0000,47067.2969,316.2551,-0.0000,8.0000,28
4924,46872.0000,145.9164,487.0272,8.0000,47065.5352,1000.0000,796.9048,8.0000,0,0,-1,0.0000,47065.5352,1000.0000,796.9048,8.0000,29
4925,46886.0000,293.8282,368.3197,8.0000,47090.5703,1000.0000,692.4971,8.0000,0,0,-1,0.0000,47090.5703,1000.0000,692.4971,8.0000,29
4926,46897.0000,729.9659,0.0000,13.2439,47232.6758,287.1170,1000.0001,13.2439,0,0,-1,0.0000,47232.6758,287.1170,1000.0001,13.2439,27
4927,46904.0000,412.3875,0.0000,9.3341,47266.3203,879.1895,1000.0001,9.3341,0,0,-1,0.0000,47266.3203,879.1895,1000.0001,9.3341,28
4928,46913.0000,534.2156,1000.0000,11.5168,47191.4766,166.3645,-0.0000,11.5168,0,0,-1,0.0000,47191.4766,166.3645,-0.0000,11.5168,27
4929,46925.0000,332.0571,0.0000,9.7985,47186.8320,735.2103,999.9999,9.7985,0,0,-1,0.0000,47186.8320,735.2103,999.9999,9.7985,27
4930,46932.0000,273.3104,896.8875,8.0000,47213.4180,938.8951,-0.0000,8.0000,0,0,-1,0.0000,47213.4180,938.8951,-0.0000,8.0000,28
4931,46938.0000,937.1283,0.0000,9.0990,47334.2109,-0.0000,974.0483,9.0990,0,0,-1,0.0000,47334.2109,-0.0000,974.0483,9.0990,28
4932,46944.0000,447.6999,0.0000,10.1779,47158.9961,628.7582,1000.0001,10.1779,0,0,-1,0.0000,47158.9961,628.7582,1000.0001,10.1779,28
4933,46952.0000,0.0000,853.4747,12.1468,47230.1016,1000.0000,490.6920,12.1468,0,0,-1,0.0000,47230.1016,1000.0000,490.6920,12.1468,29
4934,46959.0000,669.6866,1000.0000,12.2602,47202.7734,528.5995,-0.0000,12.2602,0,0,-1,0.0000,47202.7734,528.5995,-0.0000,12.2602,28
4935,46969.0000,182.6400,0.0000,13.5784,47257.4453,821.6263,1000.0000,13.5784,0,0,-1,0.0000,47257.4453,821.6263,1000.0000,13.5784,27
4936,46978.0000,254.1671,0.0000,11.4691,47314.9141,1000.0000,835.8974,11.4691,0,0,-1,0.0000,47314.9141,1000.0000,835.8974,11.4691,28
4937,46989.0000,1000.0000,599.6517,12.2738,47346.5195,-0.0000,146.5244,12.2738,0,0,-1,0.0000,47346.5195,-0.0000,146.5244,12.2738,27
4938,46994.0000,961.7180,1000.0000,11.0497,47256.0039,535.6714,-0.0000,11.0497,0,0,-1,0.0000,47256.0039,535.6714,-0.0000,11.0497,28
4939,47003.0000,1000.0000,627.0211,11.5133,47257.5586,-0.0000,340.2237,11.5133,0,0,-1,0.0000,47257.5586,-0.0000,340.2237,11.5133,29
4940,47017.0000,84.0909,819.5903,15.0000,47333.0391,870.3423,-0.0000,15.0000,0,0,-1,0.0000,47333.0391,870.3423,-0.0000,15.0000,30
4941,47030.0000,1000.0000,699.7340,11.3675,47324.5938,-0.0000,371.6765,11.3675,0,0,-1,0.0000,47324.5938,-0.0000,371.6765,11.3675,30
4942,47042.0000,99.7459,185.3816,8.0000,47270.0391,1000.0001,872.4793,8.0000,0,0,-1,0.0000,47270.0391,1000.0001,872.4793,8.0000,31
4943,47052.0000,0.0000,313.6983,11.5759,47341.9258,1000.0001,742.5271,11.5759,0,0,-1,0.0000,47341.9258,1000.0001,742.5271,11.5759,30
4944,47061.0000,327.5962,341.0135,15.0000,47242.1797,1000.0000,924.2109,15.0000,0,0,-1,0.0000,47242.1797,1000.0000,924.2109,15.0000,31
4945,47068.0000,623.5522,0.0000,8.6068,47317.1172,558.0311,999.9999,8.6068,0,0,-1,0.0000,47317.1172,558.0311,999.9999,8.6068,29
4946,47079.0000,1000.0000,138.4837,12.3382,47344.3672,-0.0000,652.8629,12.3382,0,0,-1,0.0000,47344.3672,-0.0000,652.8629,12.3382,29
4947,47090.0000,1000.0000,66.2239,14.0355,47386.1797,153.6243,1000.0000,14.0355,0,0,-1,0.0000,47386.1797,153.6243,1000.0000,14.0355,28
4948,47101.0000,0.0000,190.9319,8.3974,47339.3984,1000.0001,601.4697,8.3974,0,0,-1,0.0000,47339.3984,1000.0001,601.4697,8.3974,27
4949,47115.0000,754.5430,938.3600,8.0000,47387.9180,-0.0000,154.7219,8.0000,0,0,-1,0.0000,47387.9180,-0.0000,154.7219,8.0000,25
4950,47121.0000,0.0000,232.6806,9.4230,47409.1289,746.4326,1000.0000,9.4230,0,0,-1,0.0000,47409.1289,746.4326,1000.0000,9.4230,26
4951,47132.0000,935.5156,1000.0000,14.4630,47472.7031,173.4080,-0.0000,14.4630,0,0,-1,0.0000,47472.7031,173.4080,-0.0000,14.4630,27
4952,47142.0000,0.0000,715.9584,9.7230,47422.0234,1000.0000,511.1203,9.7230,0,0,-1,0.0000,47422.0234,1000.0000,511.1203,9.7230,27
4953,47153.0000,0.0000,415.3454,9.7027,47367.3828,1000.0000,254.8867,9.7027,0,0,-1,0.0000,47367.3828,1000.0000,254.8867,9.7027,27
4954,47161.0000,705.6307,1000.0000,13.9786,47475.3516,431.5647,-0.0000,13.9786,0,0,-1,0.0000,47475.3516,431.5647,-0.0000,13.9786,27
4955,47169.0000,438.0479,1000.0000,10.7692,47412.6602,645.1336,-0.0000,10.7692,0,0,-1,0.0000,47412.6602,645.1336,-0.0000,10.7692,28
4956,47177.0000,821.9789,0.0000,14.4744,47421.9727,-0.0000,701.1436,14.4744,0,0,-1,0.0000,47421.9727,-0.0000,701.1436,14.4744,29
4957,47186.0000,674.1672,298.7300,8.0000,47455.0312,251.7463,1000.0001,8.0000,0,0,-1,0.0000,47455.0312,251.7463,1000.0001,8.0000,30
4958,47197.0000,0.0000,55.5618,12.8550,47447.5312,1000.0000,783.0906,12.8550,0,0,-1,0.0000,47447.5312,1000.0000,783.0906,12.8550,29
4959,47208.0000,1000.0000,684.2598,8.7502,47533.0977,-0.0000,659.3253,8.7502,0,0,-1,0.0000,47533.0977,-0.0000,659.3253,8.7502,29
4960,47218.0000,0.0000,890.8777,12.1979,47477.4609,1000.0001,500.1190,12.1979,0,0,-1,0.0000,47477.4609,1000.0001,500.1190,12.1979,29
4961,47227.0000,34.9705,57.2987,15.0000,47514.9766,999.9999,970.4048,15.0000,0,0,-1,0.0000,47514.9766,999.9999,970.4048,15.0000,30
4962,47236.0000,0.0000,128.5374,12.8690,47606.1953,1000.0001,974.2426,12.8690,0,0,-1,0.0000,47606.1953,1000.0001,974.2426,12.8690,29
4963,47246.0000,1000.0000,649.6951,13.1458,47516.8086,106.2764,-0.0000,13.1458,0,0,-1,0.0000,47516.8086,106.2764,-0.0000,13.1458,29
4964,47257.0000,207.7943,42.9734,8.0000,47548.2305,678.8527,1000.0001,8.0000,0,0,-1,0.0000,47548.2305,678.8527,1000.0001,8.0000,29
4965,47262.0000,206.2866,0.0000,8.0669,47524.6562,489.8772,1000.0000,8.0669,0,0,-1,0.0000,47524.6562,489.8772,1000.0000,8.0669,28
4966,47268.0000,668.5092,1000.0000,8.7713,47538.5977,259.2738,-0.0000,8.7713,0,0,-1,0.0000,47538.5977,259.2738,-0.0000,8.7713,28
4967,47277.0000,63.4427,1000.0000,12.2461,47603.6719,973.6223,-0.0000,12.2461,0,0,-1,0.0000,47603.6719,973.6223,-0.0000,12.2461,28
4968,47291.0000,793.1807,1000.0000,12.1352,47545.8203,371.4831,-0.0000,12.1352,0,0,-1,0.0000,47545.8203,371.4831,-0.0000,12.1352,29
4969,47304.0000,0.0000,762.2613,10.2111,47550.0195,881.6143,-0.0000,10.2111,0,0,-1,0.0000,47550.0195,881.6143,-0.0000,10.2111,30
4970,47313.0000,877.9438,0.0000,12.4580,47608.3789,153.8381,1000.0000,12.4580,0,0,-1,0.0000,47608.3789,153.8381,1000.0000,12.4580,31
4971,47323.0000,921.1232,1000.0000,8.1270,47635.6602,-0.0000,470.8939,8.1270,0,0,-1,0.0000,47635.6602,-0.0000,470.8939,8.1270,30
4972,47336.0000,1000.0000,317.4846,10.2649,47691.3906,-0.0000,750.4518,10.2649,0,0,-1,0.0000,47691.3906,-0.0000,750.4518,10.2649,28
4973,47343.0000,0.0000,858.1495,12.2710,47604.1719,601.4802,-0.0000,12.2710,0,0,-1,0.0000,47604.1719,601.4802,-0.0000,12.2710,27
4974,47351.0000,585.5480,0.0000,8.0500,47670.5547,124.5359,1000.0000,8.0500,0,0,-1,0.0000,47670.5547,124.5359,1000.0000,8.0500,26
4975,47358.0000,0.0000,991.6798,14.4971,47737.2852,1000.0000,232.5959,14.4971,0,0,-1,0.0000,47737.2852,1000.0000,232.5959,14.4971,27
4976,47367.0000,1000.0000,42.7904,9.7521,47623.6680,-0.0000,511.3535,9.7521,0,0,-1,0.0000,47623.6680,-0.0000,511.3535,9.7521,28
4977,47379.0000,465.7921,1000.0000,12.3609,47690.2734,809.2380,-0.0000,12.3609,0,0,-1,0.0000,47690.2734,809.2380,-0.0000,12.3609,28
4978,47389.0000,674.7747,0.0000,10.7886,47773.9922,93.4098,1000.0000,10.7886,0,0,-1,0.0000,47773.9922,93.4098,1000.0000,10.7886,27
4979,47403.0000,414.1116,1000.0000,13.6939,47699.2539,552.7540,-0.0000,13.6939,0,0,-1,0.0000,47699.2539,552.7540,-0.0000,13.6939,28
4980,47409.0000,1000.0000,427.4253,13.1686,47633.6797,-0.0000,388.1861,13.1686,0,0,-1,0.0000,47633.6797,-0.0000,388.1861,13.1686,29
4981,47418.0000,412.5368,531.4562,15.0000,47550.5039,1000.0000,499.4612,15.0000,0,0,-1,0.0000,47550.5039,1000.0000,499.4612,15.0000,28
4982,47430.0000,1000.0000,550.0948,10.7771,47430.0000,1000.0000,550.0948,10.7771,0,0,-1,0.0000,47430.0000,1000.0000,550.0948,10.7771,27
4983,47437.0000,299.8645,0.0000,14.8178,47698.0703,653.3679,1000.0000,14.8178,0,0,-1,0.0000,47698.0703,653.3679,1000.0000,14.8178,27
4984,47451.0000,1000.0000,655.7307,14.4131,47451.0000,1000.0000,655.7307,14.4131,0,0,-1,0.0000,47451.0000,1000.0000,655.7307,14.4131,27
4985,47457.0000,253.9032,0.0000,9.3167,47726.3359,734.8246,1000.0000,9.3167,0,0,-1,0.0000,47726.3359,734.8246,1000.0000,9.3167,26
4986,47462.0000,647.6808,456.3861,8.0000,47692.0977,-0.0000,761.3160,8.0000,0,0,-1,0.0000,47692.0977,-0.0000,761.3160,8.0000,27
4987,47476.0000,1000.0000,938.2015,9.9890,47841.6914,331.4100,-0.0000,9.9890,0,0,-1,0.0000,47841.6914,331.4100,-0.0000,9.9890,26
4988,47485.0000,1000.0000,756.1434,9.2579,47749.2188,12.5250,-0.0000,9.2579,0,0,-1,0.0000,47749.2188,12.5250,-0.0000,9.2579,26
4989,47491.0000,813.0237,976.9359,15.0000,47785.8906,-0.0000,318.5697,15.0000,0,0,-1,0.0000,47785.8906,-0.0000,318.5697,15.0000,27
4990,47504.0000,545.7282,993.5037,8.0000,47708.1484,478.2584,-0.0000,8.0000,0,0,-1,0.0000,47708.1484,478.2584,-0.0000,8.0000,28
4991,47509.0000,0.0000,912.3325,9.7834,47870.5039,710.4897,-0.0000,9.7834,0,0,-1,0.0000,47870.5039,710.4897,-0.0000,9.7834,29
4992,47520.0000,721.1846,1000.0000,14.0024,47748.5039,421.9421,-0.0000,14.0024,0,0,-1,0.0000,47748.5039,421.9421,-0.0000,14.0024,28
4993,47532.0000,0.0000,968.5103,11.0188,47850.1797,1000.0000,432.8297,11.0188,0,0,-1,0.0000,47850.1797,1000.0000,432.8297,11.0188,28
4994,47543.0000,0.0000,137.1152,8.2907,47884.3828,1000.0000,729.3748,8.2907,0,0,-1,0.0000,47884.3828,1000.0000,729.3748,8.2907,27
4995,47555.0000,716.9961,0.0000,10.8298,47844.3984,63.1208,1000.0000,10.8298,0,0,-1,0.0000,47844.3984,63.1208,1000.0000,10.8298,24
4996,47567.0000,0.0000,468.5792,12.6376,47843.6133,1000.0000,592.0563,12.6376,0,0,-1,0.0000,47843.6133,1000.0000,592.0563,12.6376,25
4997,47578.0000,497.1225,387.6457,15.0000,47722.1562,454.6240,999.9999,15.0000,0,0,-1,0.0000,47722.1562,454.6240,999.9999,15.0000,26
4998,47588.0000,175.9964,1000.0000,10.3824,47885.3398,614.4423,-0.0000,10.3824,0,0,-1,0.0000,47885.3398,614.4423,-0.0000,10.3824,27
4999,47598.0000,85.8607,0.0000,10.8455,47866.9297,747.6111,1000.0001,10.8455,0,0,-1,0.0000,47866.9297,747.6111,1000.0001,10.8455,28
5000,47603.0000,1000.0000,933.1711,11.6327,47881.7969,-0.0000,499.0151,11.6327,0,0,-1,0.0000,47881.7969,-0.0000,499.0151,11.6327,29
5001,47615.0000,448.8365,1000.0000,9.3222,47886.6836,462.2869,-0.0000,9.3222,0,0,-1,0.0000,47886.6836,462.2869,-0.0000,9.3222,26
5002,47621.0000,1000.0000,914.6672,11.8459,47904.5195,364.0967,-0.0000,11.8459,0,0,-1,0.0000,47904.5195,364.0967,-0.0000,11.8459,27
5003,47627.0000,604.0743,1000.0000,10.6398,47852.0195,532.4927,-0.0000,10.6398,0,0,-1,0.0000,47852.0195,532.4927,-0.0000,10.6398,27
5004,47632.0000,239.1387,742.2711,15.0000,47835.0898,1000.0000,215.6413,15.0000,0,0,-1,0.0000,47835.0898,1000.0000,215.6413,15.0000,28
5005,47642.0000,474.9252,316.9293,8.0000,47852.7930,473.6203,999.9999,8.0000,0,0,-1,0.0000,47852.7930,473.6203,999.9999,8.0000,27
5006,47656.0000,510.1162,585.3773,8.0000,47791.5234,256.4959,-0.0000,8.0000,0,0,-1,0.0000,47791.5234,256.4959,-0.0000,8.0000,28
5007,47664.0000,0.0000,368.6984,8.7087,47916.4609,999.9999,523.5116,8.7087,0,0,-1,0.0000,47916.4609,999.9999,523.5116,8.7087,29
5008,47677.0000,0.0000,952.8657,13.2379,48076.6758,877.9995,-0.0000,13.2379,0,0,-1,0.0000,48076.6758,877.9995,-0.0000,13.2379,29
5009,47688.0000,219.3948,0.0000,11.0869,48037.5703,628.4898,1000.0000,11.0869,0,0,-1,0.0000,48037.5703,628.4898,1000.0000,11.0869,30
5010,47701.0000,235.5710,977.3803,8.0000,47921.3906,470.2411,-0.0000,8.0000,0,0,-1,0.0000,47921.3906,470.2411,-0.0000,8.0000,26
5011,47708.0000,355.4958,0.0000,13.3259,48025.3633,307.3689,1000.0001,13.3259,0,0,-1,0.0000,48025.3633,307.3689,1000.0001,13.3259,27
5012,47716.0000,836.8943,1000.0000,12.2808,48082.0156,227.4823,-0.0000,12.2808,0,0,-1,0.0000,48082.0156,227.4823,-0.0000,12.2808,27
5013,47729.0000,878.6643,1000.0000,12.7329,47970.1914,-0.0000,302.3824,12.7329,0,0,-1,0.0000,47970.1914,-0.0000,302.3824,12.7329,26
5014,47738.0000,235.2071,751.7835,8.0000,47966.7852,938.7014,-0.0000,8.0000,0,0,-1,0.0000,47966.7852,938.7014,-0.0000,8.0000,26
5015,47743.0000,442.3879,1000.0000,9.4354,48060.8477,548.7278,-0.0000,9.4354,0,0,-1,0.0000,48060.8477,548.7278,-0.0000,9.4354,27
5016,47755.0000,25.6440,0.0000,8.9825,48114.8984,536.8892,999.9999,8.9825,0,0,-1,0.0000,48114.8984,536.8892,999.9999,8.9825,26
5017,47760.0000,1000.0000,247.4195,9.6261,48097.0469,-0.0000,498.1337,9.6261,0,0,-1,0.0000,48097.0469,-0.0000,498.1337,9.6261,27
5018,47769.0000,1000.0000,136.6470,11.2285,48120.4336,-0.0000,855.5342,11.2285,0,0,-1,0.0000,48120.4336,-0.0000,855.5342,11.2285,28
5019,47780.0000,0.0000,838.6096,13.3427,47998.9023,999.9999,447.1780,13.3427,0,0,-1,0.0000,47998.9023,999.9999,447.1780,13.3427,28
5020,47788.0000,0.0000,466.2567,14.5451,48079.2930,1000.0000,562.0267,14.5451,0,0,-1,0.0000,48079.2930,1000.0000,562.0267,14.5451,28
5021,47800.0000,489.0901,686.5468,8.0000,47964.4023,421.5184,-0.0000,8.0000,0,0,-1,0.0000,47964.4023,421.5184,-0.0000,8.0000,28
5022,47806.0000,454.3186,669.7275,8.0000,48012.7031,781.1633,-0.0000,8.0000,0,0,-1,0.0000,48012.7031,781.1633,-0.0000,8.0000,29
5023,47811.0000,1000.0000,69.8044,12.3688,48113.7461,-0.0000,599.5836,12.3688,0,0,-1,0.0000,48113.7461,-0.0000,599.5836,12.3688,30
5024,47818.0000,0.0000,879.3326,12.9418,48144.9883,1000.0000,526.1096,12.9418,0,0,-1,0.0000,48144.9883,1000.0000,526.1096,12.9418,31
5025,47824.0000,0.0000,404.8509,8.2480,48038.6172,1000.0000,738.2433,8.2480,0,0,-1,0.0000,48038.6172,1000.0000,738.2433,8.2480,32
5026,47833.0000,578.6260,52.1751,15.0000,48035.4219,656.3362,999.9999,15.0000,0,0,-1,0.0000,48035.4219,656.3362,999.9999,15.0000,33
5027,47845.0000,615.2979,1000.0000,8.2456,48089.2656,639.9942,-0.0000,8.2456,0,0,-1,0.0000,48089.2656,639.9942,-0.0000,8.2456,30
5028,47859.0000,912.5750,0.0000,11.4179,48279.2852,-0.0000,991.3325,11.4179,0,0,-1,0.0000,48279.2852,-0.0000,991.3325,11.4179,28
5029,47867.0000,599.3680,495.1696,8.0000,48013.5625,-0.0000,526.5161,8.0000,0,0,-1,0.0000,48013.5625,-0.0000,526.5161,8.0000,28
5030,47877.0000,111.6092,32.7551,8.0000,48272.2188,933.9633,1000.0000,8.0000,0,0,-1,0.0000,48272.2188,933.9633,1000.0000,8.0000,28
5031,47884.0000,544.2293,54.7803,8.0000,48118.6406,369.9319,1000.0000,8.0000,0,0,-1,0.0000,48118.6406,369.9319,1000.0000,8.0000,28
5032,47889.0000,98.8235,0.0000,13.9971,48187.2773,1000.0000,647.3041,13.9971,0,0,-1,0.0000,48187.2773,1000.0000,647.3041,13.9971,26
5033,47896.0000,206.7246,226.6476,15.0000,48106.2617,730.7069,1000.0000,15.0000,0,0,-1,0.0000,48106.2617,730.7069,1000.0000,15.0000,27
5034,47908.0000,0.0000,595.4069,13.0758,48128.2812,1000.0001,683.0956,13.0758,0,0,-1,0.0000,48128.2812,1000.0001,683.0956,13.0758,27
5035,47918.0000,577.6526,1000.0000,9.1024,48143.9062,352.2770,-0.0000,9.1024,0,0,-1,0.0000,48143.9062,352.2770,-0.0000,9.1024,27
5036,47924.0000,81.7275,515.5536,15.0000,48127.4688,999.9999,768.2586,15.0000,0,0,-1,0.0000,48127.4688,999.9999,768.2586,15.0000,27
5037,47933.0000,1000.0000,854.0378,14.2325,48182.3320,152.5639,-0.0000,14.2325,0,0,-1,0.0000,48182.3320,152.5639,-0.0000,14.2325,28
5038,47943.0000,0.0000,226.9706,14.9631,48283.9141,921.7791,999.9999,14.9631,0,0,-1,0.0000,48283.9141,921.7791,999.9999,14.9631,29
5039,47957.0000,745.7586,1000.0000,14.7447,48176.4258,530.3245,-0.0000,14.7447,0,0,-1,0.0000,48176.4258,530.3245,-0.0000,14.7447,30
5040,47963.0000,274.4567,1000.0000,9.1017,48271.9180,872.0342,-0.0000,9.1017,0,0,-1,0.0000,48271.9180,872.0342,-0.0000,9.1017,31
5041,47969.0000,545.8571,0.0000,14.8941,48288.6758,686.6423,1000.0000,14.8941,0,0,-1,0.0000,48288.6758,686.6423,1000.0000,14.8941,30
5042,47974.0000,469.5804,1000.0000,12.7682,48185.4453,784.3159,-0.0000,12.7682,0,0,-1,0.0000,48185.4453,784.3159,-0.0000,12.7682,30
5043,47981.0000,556.3163,788.2387,8.0000,48192.4531,450.3023,-0.0000,8.0000,0,0,-1,0.0000,48192.4531,450.3023,-0.0000,8.0000,31
5044,47989.0000,227.9733,835.6888,8.0000,48257.4258,1000.0001,173.1298,8.0000,0,0,-1,0.0000,48257.4258,1000.0001,173.1298,8.0000,32
5045,47997.0000,659.5889,52.1419,15.0000,48196.5117,478.2170,1000.0001,15.0000,0,0,-1,0.0000,48196.5117,478.2170,1000.0001,15.0000,33
5046,48004.0000,509.9525,0.0000,8.9514,48284.2305,666.4549,1000.0001,8.9514,0,0,-1,0.0000,48284.2305,666.4549,1000.0001,8.9514,33
5047,48017.0000,265.9304,835.3035,15.0000,48277.3750,561.1393,-0.0000,15.0000,0,0,-1,0.0000,48277.3750,561.1393,-0.0000,15.0000,32
5048,48025.0000,1000.0000,435.6716,9.3006,48268.4805,-0.0000,384.9166,9.3006,0,0,-1,0.0000,48268.4805,-0.0000,384.9166,9.3006,33
5049,48033.0000,212.6217,281.8520,15.0000,48239.5820,999.9999,660.8857,15.0000,0,0,-1,0.0000,48239.5820,999.9999,660.8857,15.0000,33
5050,48040.0000,318.1584,11.9689,15.0000,48292.1133,622.8621,1000.0000,15.0000,0,0,-1,0.0000,48292.1133,622.8621,1000.0000,15.0000,31
5051,48053.0000,235.3749,1000.0000,13.8347,48406.3438,926.9573,-0.0000,13.8347,0,0,-1,0.0000,48406.3438,926.9573,-0.0000,13.8347,32
5052,48066.0000,987.2517,595.3437,15.0000,48351.7148,-0.0000,103.6128,15.0000,0,0,-1,0.0000,48351.7148,-0.0000,103.6128,15.0000,32
5053,48077.0000,112.5314,0.0000,11.0107,48350.3242,1000.0000,865.5466,11.0107,0,0,-1,0.0000,48350.3242,1000.0000,865.5466,11.0107,32
5054,48087.0000,0.0000,383.3114,12.2196,48414.8477,1000.0000,827.9020,12.2196,0,0,-1,0.0000,48414.8477,1000.0000,827.9020,12.2196,31
5055,48095.0000,1000.0000,138.7755,12.3705,48338.8242,-0.0000,698.5490,12.3705,0,0,-1,0.0000,48338.8242,-0.0000,698.5490,12.3705,31
5056,48103.0000,1000.0000,725.4170,13.3969,48461.3203,188.0800,-0.0000,13.3969,0,0,-1,0.0000,48461.3203,188.0800,-0.0000,13.3969,31
5057,48115.0000,677.1390,0.0000,13.1301,48466.2070,97.7566,1000.0000,13.1301,0,0,-1,0.0000,48466.2070,97.7566,1000.0000,13.1301,29
5058,48127.0000,573.8803,0.0000,14.7221,48456.7266,561.3488,1000.0000,14.7221,0,0,-1,0.0000,48456.7266,561.3488,1000.0000,14.7221,28
5059,48137.0000,1000.0000,348.3536,8.1531,48394.6367,-0.0000,809.2433,8.1531,0,0,-1,0.0000,48394.6367,-0.0000,809.2433,8.1531,27
5060,48147.0000,1000.0000,518.0492,14.8987,48147.0000,1000.0000,518.0492,14.8987,0,0,-1,0.0000,48147.0000,1000.0000,518.0492,14.8987,26
5061,48156.0000,1000.0000,500.3197,11.1177,48156.0000,1000.0000,500.3197,11.1177,0,0,-1,0.0000,48156.0000,1000.0000,500.3197,11.1177,26
5062,48164.0000,1000.0000,739.9377,9.3659,48495.1719,-0.0000,568.3758,9.3659,0,0,-1,0.0000,48495.1719,-0.0000,568.3758,9.3659,26
5063,48170.0000,1000.0000,610.7796,11.7210,48383.4180,-0.0000,315.0517,11.7210,0,0,-1,0.0000,48383.4180,-0.0000,315.0517,11.7210,27
5064,48180.0000,498.8155,0.0000,9.7643,48433.0195,585.6307,999.9999,9.7643,0,0,-1,0.0000,48433.0195,585.6307,999.9999,9.7643,27
5065,48188.0000,851.7322,0.0000,11.7517,48414.4844,423.6541,1000.0001,11.7517,0,0,-1,0.0000,48414.4844,423.6541,1000.0001,11.7517,25
5066,48197.0000,1000.0000,434.9918,10.2381,48442.2539,-0.0000,344.0696,10.2381,0,0,-1,0.0000,48442.2539,-0.0000,344.0696,10.2381,24
5067,48210.0000,179.3317,404.2308,8.0000,48525.1797,991.8158,999.9999,8.0000,0,0,-1,0.0000,48525.1797,991.8158,999.9999,8.0000,25
5068,48218.0000,316.4881,985.2946,15.0000,48491.3828,376.5537,-0.0000,15.0000,0,0,-1,0.0000,48491.3828,376.5537,-0.0000,15.0000,26
5069,48229.0000,977.1431,396.2057,15.0000,48552.3555,-0.0000,500.6575,15.0000,0,0,-1,0.0000,48552.3555,-0.0000,500.6575,15.0000,27
5070,48238.0000,0.0000,749.3802,11.5283,48539.5586,1000.0001,332.1039,11.5283,0,0,-1,0.0000,48539.5586,1000.0001,332.1039,11.5283,28
5071,48244.0000,712.9854,0.0000,9.6694,48481.7656,500.0977,999.9999,9.6694,0,0,-1,0.0000,48481.7656,500.0977,999.9999,9.6694,28
5072,48255.0000,1000.0000,647.7675,9.6717,48597.2188,-0.0000,161.6120,9.6717,0,0,-1,0.0000,48597.2188,-0.0000,161.6120,9.6717,29
5073,48267.0000,115.6799,100.3112,15.0000,48565.6953,664.9341,1000.0000,15.0000,0,0,-1,0.0000,48565.6953,664.9341,1000.0000,15.0000,29
5074,48275.0000,249.2231,1000.0000,8.8592,48578.1133,647.8111,-0.0000,8.8592,0,0,-1,0.0000,48578.1133,647.8111,-0.0000,8.8592,27
5075,48282.0000,0.0000,402.4796,11.4759,48499.9844,999.9999,392.6432,11.4759,0,0,-1,0.0000,48499.9844,999.9999,392.6432,11.4759,26
5076,48288.0000,954.3400,259.3412,8.0000,48561.8438,-0.0000,739.9057,8.0000,0,0,-1,0.0000,48561.8438,-0.0000,739.9057,8.0000,25
5077,48295.0000,895.3357,1000.0000,9.8868,48588.3828,-0.0000,80.5067,9.8868,0,0,-1,0.0000,48588.3828,-0.0000,80.5067,9.8868,24
5078,48305.0000,210.3682,1000.0000,14.7212,48599.3594,624.5872,-0.0000,14.7212,0,0,-1,0.0000,48599.3594,624.5872,-0.0000,14.7212,25
5079,48316.0000,961.7207,23.8706,8.0000,48562.9375,-0.0000,564.8201,8.0000,0,0,-1,0.0000,48562.9375,-0.0000,564.8201,8.0000,26
5080,48323.0000,1000.0000,590.7112,10.9829,48594.3789,-0.0000,506.8731,10.9829,0,0,-1,0.0000,48594.3789,-0.0000,506.8731,10.9829,27
5081,48330.0000,342.6737,645.1735,15.0000,48510.5000,747.3011,-0.0000,15.0000,0,0,-1,0.0000,48510.5000,747.3011,-0.0000,15.0000,28
5082,48339.0000,1000.0000,812.9918,14.0377,48696.8359,-0.0000,370.5993,14.0377,0,0,-1,0.0000,48696.8359,-0.0000,370.5993,14.0377,28
5083,48347.0000,594.9756,296.4495,15.0000,48576.1758,513.2097,1000.0000,15.0000,0,0,-1,0.0000,48576.1758,513.2097,1000.0000,15.0000,29
5084,48355.0000,548.7028,0.0000,12.2942,48600.2773,699.9709,1000.0001,12.2942,0,0,-1,0.0000,48600.2773,699.9709,1000.0001,12.2942,28
5085,48362.0000,24.1377,1000.0000,8.3551,48720.4648,497.3737,-0.0000,8.3551,0,0,-1,0.0000,48720.4648,497.3737,-0.0000,8.3551,29
5086,48372.0000,969.2582,1000.0000,11.7963,48618.3047,461.5746,-0.0000,11.7963,0,0,-1,0.0000,48618.3047,461.5746,-0.0000,11.7963,30
5087,48385.0000,0.0000,470.8228,9.0380,48608.1953,1000.0001,771.7291,9.0380,0,0,-1,0.0000,48608.1953,1000.0001,771.7291,9.0380,30
5088,48392.0000,931.3352,1000.0000,10.2086,48676.3086,47.9562,-0.0000,10.2086,0,0,-1,0.0000,48676.3086,47.9562,-0.0000,10.2086,31
5089,48403.0000,1000.0000,738.7527,11.5017,48673.9258,-0.0000,302.2525,11.5017,0,0,-1,0.0000,48673.9258,-0.0000,302.2525,11.5017,31
5090,48414.0000,972.3696,544.5692,8.0000,48414.0000,972.3696,544.5692,8.0000,0,0,-1,0.0000,48414.0000,972.3696,544.5692,8.0000,31
5091,48426.0000,938.4659,0.0000,10.8985,48734.4297,114.1055,1000.0000,10.8985,0,0,-1,0.0000,48734.4297,114.1055,1000.0000,10.8985,29
5092,48434.0000,982.2155,0.0000,11.5924,48717.8906,173.9127,1000.0000,11.5924,0,0,-1,0.0000,48717.8906,173.9127,1000.0000,11.5924,29
5093,48443.0000,990.6562,221.3809,15.0000,48670.7070,223.3282,1000.0001,15.0000,0,0,-1,0.0000,48670.7070,223.3282,1000.0001,15.0000,29
5094,48450.0000,785.9339,0.0000,10.3323,48663.8828,573.0071,999.9999,10.3323,0,0,-1,0.0000,48663.8828,573.0071,999.9999,10.3323,30
5095,48456.0000,492.6050,596.2538,8.0000,48578.8008,587.7291,-0.0000,8.0000,0,0,-1,0.0000,48578.8008,587.7291,-0.0000,8.0000,31
5096,48469.0000,73.8495,0.0000,8.5178,48754.7383,770.8938,1000.0000,8.5178,0,0,-1,0.0000,48754.7383,770.8938,1000.0000,8.5178,29
5097,48480.0000,912.1801,140.8974,15.0000,48872.5000,55.3510,1000.0000,15.0000,0,0,-1,0.0000,48872.5000,55.3510,1000.0000,15.0000,30
5098,48492.0000,934.9736,1000.0000,12.7983,48820.2188,372.9479,-0.0000,12.7983,0,0,-1,0.0000,48820.2188,372.9479,-0.0000,12.7983,29
5099,48503.0000,342.3655,1000.0000,11.9361,48752.6523,807.5099,-0.0000,11.9361,0,0,-1,0.0000,48752.6523,807.5099,-0.0000,11.9361,28
5100,48517.0000,195.0702,0.0000,13.0457,48770.5273,518.6650,999.9999,13.0457,0,0,-1,0.0000,48770.5273,518.6650,999.9999,13.0457,28
5101,48530.0000,853.6655,1000.0000,10.4292,48756.5352,-0.0000,277.5474,10.4292,0,0,-1,0.0000,48756.5352,-0.0000,277.5474,10.4292,28
5102,48535.0000,571.0913,560.5854,8.0000,48749.8711,-0.0000,105.6918,8.0000,0,0,-1,0.0000,48749.8711,-0.0000,105.6918,8.0000,29
5103,48544.0000,371.6312,1000.0000,8.1391,48749.5508,405.1858,-0.0000,8.1391,0,0,-1,0.0000,48749.5508,405.1858,-0.0000,8.1391,29
5104,48549.0000,228.4238,1000.0000,9.0511,48858.4727,390.7461,-0.0000,9.0511,0,0,-1,0.0000,48858.4727,390.7461,-0.0000,9.0511,30
5105,48560.0000,691.9185,1000.0000,10.6541,48810.3555,318.1012,-0.0000,10.6541,0,0,-1,0.0000,48810.3555,318.1012,-0.0000,10.6541,30
5106,48573.0000,1000.0000,510.5363,8.4801,48786.3477,-0.0000,168.2725,8.4801,0,0,-1,0.0000,48786.3477,-0.0000,168.2725,8.4801,28
5107,48585.0000,558.9911,1000.0000,14.1936,48880.3477,623.8241,-0.0000,14.1936,0,0,-1,0.0000,48880.3477,623.8241,-0.0000,14.1936,26
5108,48593.0000,26.0655,555.2410,8.0000,48892.3398,999.9999,661.9420,8.0000,0,0,-1,0.0000,48892.3398,999.9999,661.9420,8.0000,26
5109,48600.0000,453.1709,366.9028,15.0000,48808.2578,843.9901,1000.0000,15.0000,0,0,-1,0.0000,48808.2578,843.9901,1000.0000,15.0000,24
5110,48608.0000,826.1490,79.9357,8.0000,48866.5977,19.1989,1000.0001,8.0000,0,0,-1,0.0000,48866.5977,19.1989,1000.0001,8.0000,24
5111,48621.0000,306.9622,82.7973,8.0000,48854.4531,837.2687,1000.0001,8.0000,0,0,-1,0.0000,48854.4531,837.2687,1000.0001,8.0000,23
5112,48633.0000,0.0000,633.8930,9.7969,48884.6758,1000.0000,576.2903,9.7969,0,0,-1,0.0000,48884.6758,1000.0000,576.2903,9.7969,24
5113,48638.0000,822.4988,348.6323,8.0000,48889.2852,80.0103,1000.0000,8.0000,0,0,-1,0.0000,48889.2852,80.0103,1000.0000,8.0000,25
5114,48649.0000,1000.0000,640.5993,11.2299,48908.2500,-0.0000,27.5453,11.2299,0,0,-1,0.0000,48908.2500,-0.0000,27.5453,11.2299,26
5115,48655.0000,993.9952,145.0883,8.0000,48901.3828,-0.0000,534.2173,8.0000,0,0,-1,0.0000,48901.3828,-0.0000,534.2173,8.0000,27
5116,48664.0000,278.7214,1000.0000,8.8918,48896.4375,538.6066,-0.0000,8.8918,0,0,-1,0.0000,48896.4375,538.6066,-0.0000,8.8918,27
5117,48673.0000,140.5241,0.0000,14.1150,48991.1094,610.8956,1000.0001,14.1150,0,0,-1,0.0000,48991.1094,610.8956,1000.0001,14.1150,27
5118,48684.0000,781.1363,0.0000,9.9465,48942.6250,443.1738,999.9999,9.9465,0,0,-1,0.0000,48942.6250,443.1738,999.9999,9.9465,26
5119,48694.0000,248.0296,1000.0000,14.5051,49001.1719,505.1967,-0.0000,14.5051,0,0,-1,0.0000,49001.1719,505.1967,-0.0000,14.5051,27
5120,48702.0000,0.0000,357.6321,8.5921,48914.1875,1000.0001,581.2073,8.5921,0,0,-1,0.0000,48914.1875,1000.0001,581.2073,8.5921,27
5121,48712.0000,385.6609,1000.0000,9.3367,49001.0430,410.7971,-0.0000,9.3367,0,0,-1,0.0000,49001.0430,410.7971,-0.0000,9.3367,28
5122,48719.0000,1000.0000,26.1065,12.9686,48980.3398,-0.0000,459.4088,12.9686,0,0,-1,0.0000,48980.3398,-0.0000,459.4088,12.9686,28
5123,48730.0000,1000.0000,475.0383,14.9937,49013.7305,-0.0000,695.4088,14.9937,0,0,-1,0.0000,49013.7305,-0.0000,695.4088,14.9937,28
5124,48737.0000,52.3800,1000.0000,13.7105,49080.9375,1000.0000,84.3351,13.7105,0,0,-1,0.0000,49080.9375,1000.0000,84.3351,13.7105,28
5125,48748.0000,590.5433,904.2484,8.0000,48989.2656,233.4759,-0.0000,8.0000,0,0,-1,0.0000,48989.2656,233.4759,-0.0000,8.0000,29
5126,48756.0000,0.0000,797.4012,8.1348,49025.5664,1000.0000,514.9805,8.1348,0,0,-1,0.0000,49025.5664,1000.0000,514.9805,8.1348,26
5127,48770.0000,0.0000,639.1926,13.6096,49038.1914,1000.0000,410.4867,13.6096,0,0,-1,0.0000,49038.1914,1000.0000,410.4867,13.6096,26
5128,48784.0000,519.9423,1000.0000,10.2186,49002.6719,397.7638,-0.0000,10.2186,0,0,-1,0.0000,49002.6719,397.7638,-0.0000,10.2186,26
5129,48795.0000,0.0000,860.2263,11.7162,49045.3281,791.1917,-0.0000,11.7162,0,0,-1,0.0000,49045.3281,791.1917,-0.0000,11.7162,26
5130,48807.0000,468.6988,1000.0000,14.0595,49102.1602,480.3360,-0.0000,14.0595,0,0,-1,0.0000,49102.1602,480.3360,-0.0000,14.0595,27
5131,48814.0000,431.3996,978.6321,8.0000,49136.6797,669.4954,-0.0000,8.0000,0,0,-1,0.0000,49136.6797,669.4954,-0.0000,8.0000,26
5132,48828.0000,0.0000,468.3824,14.8997,49047.1055,1000.0000,523.3849,14.8997,0,0,-1,0.0000,49047.1055,1000.0000,523.3849,14.8997,26
5133,48835.0000,711.5351,752.6252,8.0000,49071.9844,39.7038,-0.0000,8.0000,0,0,-1,0.0000,49071.9844,39.7038,-0.0000,8.0000,27
5134,48841.0000,206.1737,0.0000,14.8130,49070.1602,1000.0000,719.1882,14.8130,0,0,-1,0.0000,49070.1602,1000.0000,719.1882,14.8130,28
5135,48846.0000,0.0000,497.7586,9.4835,49063.2148,999.9999,327.5474,9.4835,0,0,-1,0.0000,49063.2148,999.9999,327.5474,9.4835,29
5136,48855.0000,0.0000,53.0415,9.9243,49186.0898,529.4518,1000.0000,9.9243,0,0,-1,0.0000,49186.0898,529.4518,1000.0000,9.9243,29
5137,48866.0000,514.2826,1000.0000,9.4565,49099.2031,154.6880,-0.0000,9.4565,0,0,-1,0.0000,49099.2031,154.6880,-0.0000,9.4565,29
5138,48872.0000,433.3195,140.8642,8.0000,49055.2227,609.6796,1000.0000,8.0000,0,0,-1,0.0000,49055.2227,609.6796,1000.0000,8.0000,29
5139,48883.0000,1000.0000,80.3097,13.8269,49115.7070,-0.0000,553.5881,13.8269,0,0,-1,0.0000,49115.7070,-0.0000,553.5881,13.8269,28
5140,48895.0000,3.2515,0.0000,8.2419,49182.5469,872.6693,1000.0000,8.2419,0,0,-1,0.0000,49182.5469,872.6693,1000.0000,8.2419,26
5141,48907.0000,557.1863,459.9165,15.0000,49035.6992,-0.0000,634.6093,15.0000,0,0,-1,0.0000,49035.6992,-0.0000,634.6093,15.0000,25
5142,48913.0000,73.6967,0.0000,12.9500,49293.6953,999.9999,819.0794,12.9500,0,0,-1,0.0000,49293.6953,999.9999,819.0794,12.9500,25
5143,48918.0000,526.8212,896.8040,8.0000,49109.5977,393.7664,-0.0000,8.0000,0,0,-1,0.0000,49109.5977,393.7664,-0.0000,8.0000,25
5144,48930.0000,118.2828,0.0000,8.7396,49162.1484,532.8701,1000.0001,8.7396,0,0,-1,0.0000,49162.1484,532.8701,1000.0001,8.7396,26
5145,48935.0000,291.2217,0.0000,11.5706,49159.1641,380.0126,1000.0001,11.5706,0,0,-1,0.0000,49159.1641,380.0126,1000.0001,11.5706,27
5146,48949.0000,1000.0000,124.9235,11.5160,49272.2969,-0.0000,841.6101,11.5160,0,0,-1,0.0000,49272.2969,-0.0000,841.6101,11.5160,27
5147,48961.0000,0.0000,584.9305,8.3870,49191.6016,1000.0001,197.7829,8.3870,0,0,-1,0.0000,49191.6016,1000.0001,197.7829,8.3870,28
5148,48966.0000,1000.0000,152.6023,12.1567,49243.7188,-0.0000,979.1757,12.1567,0,0,-1,0.0000,49243.7188,-0.0000,979.1757,12.1567,29
5149,48972.0000,192.2093,178.0186,15.0000,49199.4414,1000.0000,963.0021,15.0000,0,0,-1,0.0000,49199.4414,1000.0000,963.0021,15.0000,30
5150,48980.0000,0.0000,664.6458,14.8135,49309.0078,999.9999,186.7804,14.8135,0,0,-1,0.0000,49309.0078,999.9999,186.7804,14.8135,31
5151,48986.0000,0.0000,405.0150,12.5345,49302.6172,1000.0001,981.6979,12.5345,0,0,-1,0.0000,49302.6172,1000.0001,981.6979,12.5345,31
5152,48994.0000,130.7404,418.2706,8.0000,49217.4375,999.9999,878.2462,8.0000,0,0,-1,0.0000,49217.4375,999.9999,878.2462,8.0000,30
5153,49001.0000,1000.0000,891.2266,14.5016,49316.7266,-0.0000,201.8506,14.5016,0,0,-1,0.0000,49316.7266,-0.0000,201.8506,14.5016,31
5154,49013.0000,0.0000,697.0131,14.4044,49295.6719,1000.0000,613.6807,14.4044,0,0,-1,0.0000,49295.6719,1000.0000,613.6807,14.4044,29
5155,49027.0000,138.2304,164.4611,15.0000,49313.3203,1000.0000,920.8837,15.0000,0,0,-1,0.0000,49313.3203,1000.0000,920.8837,15.0000,28
5156,49036.0000,481.9594,1000.0000,9.0922,49273.2266,377.7976,-0.0000,9.0922,0,0,-1,0.0000,49273.2266,377.7976,-0.0000,9.0922,28
5157,49046.0000,0.0000,727.6364,11.5053,49358.2500,787.0022,-0.0000,11.5053,0,0,-1,0.0000,49358.2500,787.0022,-0.0000,11.5053,27
5158,49054.0000,0.0000,740.2296,13.1958,49336.3828,1000.0001,592.5640,13.1958,0,0,-1,0.0000,49336.3828,1000.0001,592.5640,13.1958,27
5159,49066.0000,812.3818,1000.0000,9.0032,49309.8281,-0.0000,102.8822,9.0032,0,0,-1,0.0000,49309.8281,-0.0000,102.8822,9.0032,26
5160,49077.0000,159.3796,174.4616,15.0000,49351.8164,730.5478,1000.0000,15.0000,0,0,-1,0.0000,49351.8164,730.5478,1000.0000,15.0000,25
5161,49089.0000,0.0000,20.6991,9.8235,49340.7578,633.9305,1000.0000,9.8235,0,0,-1,0.0000,49340.7578,633.9305,1000.0000,9.8235,25
5162,49101.0000,450.3620,577.2300,15.0000,49301.0742,868.3257,-0.0000,15.0000,0,0,-1,0.0000,49301.0742,868.3257,-0.0000,15.0000,25
5163,49112.0000,1000.0000,46.7932,10.1433,49476.0586,-0.0000,763.6212,10.1433,0,0,-1,0.0000,49476.0586,-0.0000,763.6212,10.1433,24
5164,49121.0000,347.3702,0.0000,14.1794,49376.7930,933.2575,999.9999,14.1794,0,0,-1,0.0000,49376.7930,933.2575,999.9999,14.1794,24
5165,49134.0000,0.0000,999.0400,13.8749,49410.7773,1000.0000,211.6667,13.8749,0,0,-1,0.0000,49410.7773,1000.0000,211.6667,13.8749,25
5166,49148.0000,1000.0000,107.3933,8.0151,49463.3047,-0.0000,544.8000,8.0151,0,0,-1,0.0000,49463.3047,-0.0000,544.8000,8.0151,25
5167,49153.0000,64.5155,216.7102,8.0000,49359.3164,666.8115,1000.0000,8.0000,0,0,-1,0.0000,49359.3164,666.8115,1000.0000,8.0000,26
5168,49159.0000,72.4841,1000.0000,8.0188,49590.8555,943.3624,-0.0000,8.0188,0,0,-1,0.0000,49590.8555,943.3624,-0.0000,8.0188,27
5169,49164.0000,825.2531,0.0000,8.1715,49409.5742,507.5856,1000.0001,8.1715,0,0,-1,0.0000,49409.5742,507.5856,1000.0001,8.1715,26
5170,49169.0000,1000.0000,165.8844,14.3767,49424.8633,34.1567,1000.0000,14.3767,0,0,-1,0.0000,49424.8633,34.1567,1000.0000,14.3767,27
5171,49174.0000,0.0000,126.2520,12.2960,49463.7109,935.8645,1000.0000,12.2960,0,0,-1,0.0000,49463.7109,935.8645,1000.0000,12.2960,28
5172,49181.0000,152.1839,0.0000,13.8614,49438.1523,917.5069,1000.0000,13.8614,0,0,-1,0.0000,49438.1523,917.5069,1000.0000,13.8614,29
5173,49189.0000,0.0000,502.6610,12.7195,49483.6953,1000.0000,780.2971,12.7195,0,0,-1,0.0000,49483.6953,1000.0000,780.2971,12.7195,28
5174,49201.0000,1000.0000,806.7784,9.7099,49534.1953,285.9106,-0.0000,9.7099,0,0,-1,0.0000,49534.1953,285.9106,-0.0000,9.7099,27
5175,49209.0000,984.2291,625.7878,8.0000,49494.6836,-0.0000,590.9058,8.0000,0,0,-1,0.0000,49494.6836,-0.0000,590.9058,8.0000,28
5176,49214.0000,928.3804,0.0000,11.1742,49507.2773,149.7599,1000.0000,11.1742,0,0,-1,0.0000,49507.2773,149.7599,1000.0000,11.1742,29
5177,49221.0000,329.7317,1000.0000,11.7675,49473.6055,450.7501,-0.0000,11.7675,0,0,-1,0.0000,49473.6055,450.7501,-0.0000,11.7675,29
5178,49228.0000,0.0000,358.1681,13.0053,49524.4297,1000.0000,655.3821,13.0053,0,0,-1,0.0000,49524.4297,1000.0000,655.3821,13.0053,30
5179,49238.0000,1000.0000,986.5174,11.0994,49610.7656,204.7800,-0.0000,11.0994,0,0,-1,0.0000,49610.7656,204.7800,-0.0000,11.0994,31
5180,49249.0000,1000.0000,627.0123,8.1117,49494.5508,-0.0000,625.8709,8.1117,0,0,-1,0.0000,49494.5508,-0.0000,625.8709,8.1117,31
5181,49258.0000,927.0956,0.0000,13.0095,49577.6484,81.8611,1000.0000,13.0095,0,0,-1,0.0000,49577.6484,81.8611,1000.0000,13.0095,32
5182,49272.0000,965.9571,0.0000,13.4933,49579.7109,49.9874,1000.0000,13.4933,0,0,-1,0.0000,49579.7109,49.9874,1000.0000,13.4933,33
5183,49280.0000,259.3487,521.7918,8.0000,49486.4414,999.9999,374.0768,8.0000,0,0,-1,0.0000,49486.4414,999.9999,374.0768,8.0000,32
5184,49290.0000,715.4088,410.4772,8.0000,49491.6211,-0.0000,605.9406,8.0000,0,0,-1,0.0000,49491.6211,-0.0000,605.9406,8.0000,33
5185,49302.0000,22.6130,0.0000,9.1811,49665.5547,747.6894,1000.0000,9.1811,0,0,-1,0.0000,49665.5547,747.6894,1000.0000,9.1811,31
5186,49308.0000,1000.0000,403.7406,14.9573,49548.5898,-0.0000,399.1293,14.9573,0,0,-1,0.0000,49548.5898,-0.0000,399.1293,14.9573,31
5187,49317.0000,313.5535,863.5292,15.0000,49562.6055,563.5374,-0.0000,15.0000,0,0,-1,0.0000,49562.6055,563.5374,-0.0000,15.0000,28
5188,49326.0000,494.2868,0.0000,13.3061,49608.3281,759.7027,1000.0001,13.3061,0,0,-1,0.0000,49608.3281,759.7027,1000.0001,13.3061,29
5189,49339.0000,986.9542,0.0000,12.8846,49674.4609,-0.0000,693.8858,12.8846,0,0,-1,0.0000,49674.4609,-0.0000,693.8858,12.8846,29
5190,49351.0000,884.7941,805.7874,15.0000,49624.2188,360.1129,-0.0000,15.0000,0,0,-1,0.0000,49624.2188,360.1129,-0.0000,15.0000,29
5191,49356.0000,1000.0000,637.5580,12.6379,49654.8281,-0.0000,566.6775,12.6379,0,0,-1,0.0000,49654.8281,-0.0000,566.6775,12.6379,29
5192,49362.0000,185.2693,1000.0000,12.6562,49658.3906,687.0192,-0.0000,12.6562,0,0,-1,0.0000,49658.3906,687.0192,-0.0000,12.6562,28
5193,49374.0000,12.9885,0.0000,8.1903,49674.9648,999.9999,700.5521,8.1903,0,0,-1,0.0000,49674.9648,999.9999,700.5521,8.1903,29
5194,49380.0000,606.4106,812.4271,8.0000,49661.3984,262.8929,-0.0000,8.0000,0,0,-1,0.0000,49661.3984,262.8929,-0.0000,8.0000,29
5195,49392.0000,0.0000,311.8232,9.4753,49609.1953,1000.0000,400.8180,9.4753,0,0,-1,0.0000,49609.1953,1000.0000,400.8180,9.4753,30
5196,49397.0000,618.7582,117.1455,15.0000,49594.6836,568.4070,1000.0000,15.0000,0,0,-1,0.0000,49594.6836,568.4070,1000.0000,15.0000,31
5197,49404.0000,0.0000,245.0708,14.0335,49633.8359,837.3276,1000.0001,14.0335,0,0,-1,0.0000,49633.8359,837.3276,1000.0001,14.0335,32
5198,49415.0000,171.8659,527.4871,15.0000,49689.5352,1000.0000,302.4489,15.0000,0,0,-1,0.0000,49689.5352,1000.0000,302.4489,15.0000,31
5199,49424.0000,466.9483,42.4942,8.0000,49718.1445,594.1826,1000.0001,8.0000,0,0,-1,0.0000,49718.1445,594.1826,1000.0001,8.0000,32
5200,49430.0000,364.4890,187.4629,15.0000,49731.9961,930.5820,1000.0001,15.0000,0,0,-1,0.0000,49731.9961,930.5820,1000.0001,15.0000,32
5201,49441.0000,79.3066,1000.0000,10.1952,49725.9336,555.1649,-0.0000,10.1952,0,0,-1,0.0000,49725.9336,555.1649,-0.0000,10.1952,32
5202,49449.0000,0.0000,388.4710,14.1357,49744.9141,999.9999,494.0565,14.1357,0,0,-1,0.0000,49744.9141,999.9999,494.0565,14.1357,33
5203,49457.0000,267.8773,1000.0000,13.3727,49720.0586,409.7059,-0.0000,13.3727,0,0,-1,0.0000,49720.0586,409.7059,-0.0000,13.3727,34
5204,49470.0000,1000.0000,697.2187,11.9174,49712.3555,67.2192,-0.0000,11.9174,0,0,-1,0.0000,49712.3555,67.2192,-0.0000,11.9174,33
5205,49481.0000,950.9726,1000.0000,12.6807,49770.1367,149.6649,-0.0000,12.6807,0,0,-1,0.0000,49770.1367,149.6649,-0.0000,12.6807,32
5206,49495.0000,216.7737,69.9536,15.0000,49749.5195,1000.0000,677.3018,15.0000,0,0,-1,0.0000,49749.5195,1000.0000,677.3018,15.0000,28
5207,49502.0000,462.3157,449.5468,8.0000,49722.2773,944.8218,1000.0000,8.0000,0,0,-1,0.0000,49722.2773,944.8218,1000.0000,8.0000,29
5208,49516.0000,688.5146,591.4194,8.0000,49741.4648,-0.0000,417.5635,8.0000,0,0,-1,0.0000,49741.4648,-0.0000,417.5635,8.0000,29
5209,49526.0000,163.3452,1000.0000,8.7203,49756.4336,1000.0000,255.9546,8.7203,0,0,-1,0.0000,49756.4336,1000.0000,255.9546,8.7203,29
5210,49531.0000,751.4260,853.0693,8.0000,49742.6133,330.5840,-0.0000,8.0000,0,0,-1,0.0000,49742.6133,330.5840,-0.0000,8.0000,30
5211,49538.0000,153.3490,0.0000,11.0215,49890.8555,755.9600,1000.0000,11.0215,0,0,-1,0.0000,49890.8555,755.9600,1000.0000,11.0215,30
5212,49548.0000,1000.0000,707.2272,11.6660,49794.3477,-0.0000,387.9233,11.6660,0,0,-1,0.0000,49794.3477,-0.0000,387.9233,11.6660,31
5213,49553.0000,373.5220,87.2382,8.0000,49740.8320,555.7662,999.9999,8.0000,0,0,-1,0.0000,49740.8320,555.7662,999.9999,8.0000,31
5214,49559.0000,1000.0000,278.5551,10.8759,49772.4102,-0.0000,635.2156,10.8759,0,0,-1,0.0000,49772.4102,-0.0000,635.2156,10.8759,32
5215,49564.0000,490.1501,0.0000,14.7662,49807.7656,410.8245,999.9999,14.7662,0,0,-1,0.0000,49807.7656,410.8245,999.9999,14.7662,32
5216,49571.0000,771.2324,449.6520,15.0000,49789.2773,-0.0000,728.7104,15.0000,0,0,-1,0.0000,49789.2773,-0.0000,728.7104,15.0000,33
5217,49585.0000,316.6304,1000.0000,12.7853,49928.7109,966.3089,-0.0000,12.7853,0,0,-1,0.0000,49928.7109,966.3089,-0.0000,12.7853,32
5218,49592.0000,230.2832,728.2481,8.0000,49809.2070,999.9999,235.5948,8.0000,0,0,-1,0.0000,49809.2070,999.9999,235.5948,8.0000,32
5219,49601.0000,0.0000,73.6891,8.2637,49936.0195,945.9288,999.9999,8.2637,0,0,-1,0.0000,49936.0195,945.9288,999.9999,8.2637,32
5220,49612.0000,469.1484,0.0000,10.8454,49842.5586,337.4640,1000.0001,10.8454,0,0,-1,0.0000,49842.5586,337.4640,1000.0001,10.8454,30
5221,49617.0000,0.0000,189.4674,13.8235,49898.4883,687.5136,999.9999,13.8235,0,0,-1,0.0000,49898.4883,687.5136,999.9999,13.8235,31
5222,49630.0000,1000.0000,326.0238,11.7794,49914.7266,-0.0000,724.8975,11.7794,0,0,-1,0.0000,49914.7266,-0.0000,724.8975,11.7794,31
5223,49644.0000,705.7639,0.0000,10.3240,49862.2734,573.3122,1000.0000,10.3240,0,0,-1,0.0000,49862.2734,573.3122,1000.0000,10.3240,31
5224,49654.0000,0.0000,27.5389,11.9781,49983.7383,1000.0000,602.3787,11.9781,0,0,-1,0.0000,49983.7383,1000.0000,602.3787,11.9781,32
5225,49659.0000,630.2115,93.8662,8.0000,49890.7812,-0.0000,947.7917,8.0000,0,0,-1,0.0000,49890.7812,-0.0000,947.7917,8.0000,31
5226,49666.0000,856.1318,0.0000,9.0920,50026.3672,242.8980,1000.0000,9.0920,0,0,-1,0.0000,50026.3672,242.8980,1000.0000,9.0920,30
5227,49680.0000,786.8479,550.3577,8.0000,49908.7930,-0.0000,377.3641,8.0000,0,0,-1,0.0000,49908.7930,-0.0000,377.3641,8.0000,29
5228,49690.0000,0.0000,889.9919,13.0791,49984.8398,620.5912,-0.0000,13.0791,0,0,-1,0.0000,49984.8398,620.5912,-0.0000,13.0791,29
5229,49704.0000,503.2688,455.6550,8.0000,49839.0781,319.5113,1000.0000,8.0000,0,0,-1,0.0000,49839.0781,319.5113,1000.0000,8.0000,30
5230,49712.0000,1000.0000,903.2104,10.0337,49947.0547,-0.0000,369.4338,10.0337,0,0,-1,0.0000,49947.0547,-0.0000,369.4338,10.0337,31
5231,49725.0000,1000.0000,862.4230,12.2111,50051.0039,143.3788,-0.0000,12.2111,0,0,-1,0.0000,50051.0039,143.3788,-0.0000,12.2111,28
5232,49732.0000,0.0000,941.7401,12.4169,49965.4258,597.1717,-0.0000,12.4169,0,0,-1,0.0000,49965.4258,597.1717,-0.0000,12.4169,27
5233,49739.0000,763.4903,1000.0000,11.7303,50034.5078,363.1971,-0.0000,11.7303,0,0,-1,0.0000,50034.5078,363.1971,-0.0000,11.7303,28
5234,49753.0000,23.7358,0.0000,13.1714,50082.5820,604.8234,1000.0001,13.1714,0,0,-1,0.0000,50082.5820,604.8234,1000.0001,13.1714,24
5235,49761.0000,0.0000,173.7694,8.7133,50111.4570,866.2052,1000.0000,8.7133,0,0,-1,0.0000,50111.4570,866.2052,1000.0000,8.7133,24
5236,49769.0000,1000.0000,775.1451,9.2423,50040.4805,-0.0000,129.5324,9.2423,0,0,-1,0.0000,50040.4805,-0.0000,129.5324,9.2423,25
5237,49778.0000,271.6808,858.9600,15.0000,49977.3203,521.4537,-0.0000,15.0000,0,0,-1,0.0000,49977.3203,521.4537,-0.0000,15.0000,24
5238,49784.0000,326.3422,212.1419,8.0000,50031.5742,1000.0001,921.8324,8.0000,0,0,-1,0.0000,50031.5742,1000.0001,921.8324,8.0000,25
5239,49790.0000,344.1857,1000.0000,11.3521,50030.3672,319.4070,-0.0000,11.3521,0,0,-1,0.0000,50030.3672,319.4070,-0.0000,11.3521,25
5240,49798.0000,734.8387,640.3324,15.0000,49987.5352,203.5492,-0.0000,15.0000,0,0,-1,0.0000,49987.5352,203.5492,-0.0000,15.0000,25
5241,49811.0000,69.3939,405.3330,15.0000,50007.9805,999.9999,303.3153,15.0000,0,0,-1,0.0000,50007.9805,999.9999,303.3153,15.0000,24
5242,49821.0000,456.5432,797.8320,15.0000,49997.8750,813.5981,-0.0000,15.0000,0,0,-1,0.0000,49997.8750,813.5981,-0.0000,15.0000,25
5243,49832.0000,1000.0000,838.0444,10.7376,50106.3633,334.9230,-0.0000,10.7376,0,0,-1,0.0000,50106.3633,334.9230,-0.0000,10.7376,26
5244,49840.0000,577.6033,1000.0000,13.1698,50080.8047,292.7140,-0.0000,13.1698,0,0,-1,0.0000,50080.8047,292.7140,-0.0000,13.1698,26
5245,49851.0000,631.0988,0.0000,14.3058,50144.7188,150.5875,1000.0000,14.3058,0,0,-1,0.0000,50144.7188,150.5875,1000.0000,14.3058,26
5246,49863.0000,1000.0000,761.8500,13.7460,50083.1953,-0.0000,569.4379,13.7460,0,0,-1,0.0000,50083.1953,-0.0000,569.4379,13.7460,26
5247,49871.0000,1000.0000,148.2004,13.9814,50145.8359,-0.0000,984.4126,13.9814,0,0,-1,0.0000,50145.8359,-0.0000,984.4126,13.9814,27
5248,49876.0000,865.8558,0.0000,9.1251,50272.9453,-0.0000,877.5316,9.1251,0,0,-1,0.0000,50272.9453,-0.0000,877.5316,9.1251,28
5249,49890.0000,534.0411,1000.0000,13.5976,50125.0312,185.4815,-0.0000,13.5976,0,0,-1,0.0000,50125.0312,185.4815,-0.0000,13.5976,29
5250,49899.0000,0.0000,464.8855,9.9200,50150.8008,1000.0000,815.6326,9.9200,0,0,-1,0.0000,50150.8008,1000.0000,815.6326,9.9200,27
5251,49904.0000,1000.0000,159.8974,11.7840,50146.5312,-0.0000,543.1209,11.7840,0,0,-1,0.0000,50146.5312,-0.0000,543.1209,11.7840,28
5252,49911.0000,95.2646,1000.0000,10.9194,50128.9844,1000.0000,432.8540,10.9194,0,0,-1,0.0000,50128.9844,1000.0000,432.8540,10.9194,28
5253,49923.0000,339.4624,0.0000,13.0784,50241.5898,812.7237,1000.0001,13.0784,0,0,-1,0.0000,50241.5898,812.7237,1000.0001,13.0784,28
5254,49929.0000,0.0000,89.9772,10.4301,50227.6211,948.2864,1000.0000,10.4301,0,0,-1,0.0000,50227.6211,948.2864,1000.0000,10.4301,28
5255,49943.0000,1000.0000,358.6590,8.8095,50206.8438,-0.0000,958.5237,8.8095,0,0,-1,0.0000,50206.8438,-0.0000,958.5237,8.8095,28
5256,49954.0000,625.1258,511.8548,8.0000,49954.0000,625.1258,511.8548,8.0000,0,0,-1,0.0000,49954.0000,625.1258,511.8548,8.0000,28
5257,49963.0000,752.0671,0.0000,8.0369,50197.4023,-0.0000,730.6858,8.0369,0,0,-1,0.0000,50197.4023,-0.0000,730.6858,8.0369,28
5258,49974.0000,355.4802,7.3876,8.0000,50265.4414,795.8579,1000.0000,8.0000,0,0,-1,0.0000,50265.4414,795.8579,1000.0000,8.0000,28
5259,49984.0000,1000.0000,251.4652,8.5414,50220.4141,-0.0000,443.5161,8.5414,0,0,-1,0.0000,50220.4141,-0.0000,443.5161,8.5414,27
5260,49989.0000,48.6753,238.3264,8.0000,50226.9414,1000.0000,650.3679,8.0000,0,0,-1,0.0000,50226.9414,1000.0000,650.3679,8.0000,26
