IdVuelo,iteracion,temperatura,mejorFitness,candidatoFitness,fitnessActual,Probabilidad
5,0,50,177.116,177.116,177.116,1
5,1,50,177.116,197.905,177.116,0.65983
5,2,50,154.143,154.143,154.143,1
5,3,50,129.732,129.732,129.732,1
5,4,50,129.732,142.659,129.732,0.772173
5,5,50,118.506,118.506,118.506,1
5,6,50,112.46,112.46,112.46,1
5,7,50,112.46,116.038,116.038,0.930939
5,8,50,112.46,113.671,113.671,1
5,9,50,112.46,120.708,113.671,0.868705
5,10,50,112.46,118.231,118.231,0.912818
5,11,50,112.46,115.797,115.797,1
5,12,50,112.46,134.642,134.642,0.685986
5,13,50,112.46,114.327,114.327,1
5,14,50,112.46,116.438,116.438,0.958656
5,15,50,107.271,107.271,107.271,1
5,16,50,107.271,111.168,111.168,0.925007
5,17,50,107.271,119.904,119.904,0.8397
5,18,50,107.271,126.167,126.167,0.882258
5,19,50,107.271,131.582,131.582,0.897358
5,20,50,107.271,152.49,152.49,0.658263
5,21,50,107.271,130.59,130.59,1
5,22,50,107.271,138.159,138.159,0.859523
5,23,50,107.271,139.574,139.574,0.972096
5,24,50,107.271,152.509,152.509,0.77205
5,25,50,107.271,135.069,135.069,1
5,26,50,107.271,117.353,117.353,1
5,27,50,97.9686,97.9686,97.9686,1
5,28,50,97.9686,114.684,114.684,0.715828
5,29,50,97.9686,110.476,110.476,1
5,30,50,97.9686,101.454,101.454,1
5,31,50,97.9686,125.753,101.454,0.615086
5,32,50,97.9686,106.675,101.454,0.900846
5,33,50,94.7144,94.7144,94.7144,1
5,34,50,76.311,76.311,76.311,1
5,35,50,56.9921,56.9921,56.9921,1
5,36,50,56.9921,58.1441,58.1441,0.977223
5,37,50,56.9921,60.8919,60.8919,0.946527
5,38,50,56.9921,85.1869,60.8919,0.615143
5,39,50,56.9921,58.9664,58.9664,1
5,40,50,56.9921,71.4897,58.9664,0.778437
5,41,50,56.9921,80.8045,80.8045,0.646125
5,42,50,56.9921,86.7005,86.7005,0.888767
5,43,50,56.9921,85.8349,85.8349,1
5,44,50,56.9921,99.2571,99.2571,0.764568
5,45,50,56.9921,120.391,120.391,0.655291
5,46,50,56.9921,100.149,100.149,1
5,47,50,56.9921,95.9156,95.9156,1
5,48,50,56.9921,108.335,108.335,0.780051
5,49,50,56.9921,103.268,103.268,1
5,50,50,56.9921,95.4478,95.4478,1
5,51,50,56.9921,82.5685,82.5685,1
5,52,50,56.9921,64.5319,64.5319,1
5,53,50,56.9921,80.8389,64.5319,0.721704
5,54,50,56.9921,61.9389,61.9389,1
5,55,50,55.3937,55.3937,55.3937,1
5,56,50,55.3937,56.2482,56.2482,0.983055
5,57,50,55.3937,59.4766,59.4766,0.937472
5,58,50,55.3937,79.279,79.279,0.672975
5,59,50,55.3937,101.035,101.035,0.647181
5,60,50,55.3937,100.538,100.538,1
5,61,50,55.3937,89.5255,89.5255,1
5,62,50,55.3937,79.9358,79.9358,1
5,63,50,55.3937,59.1658,59.1658,1
5,64,50,55.3937,62.821,62.821,0.929504
5,65,50,55.3937,85.0638,85.0638,0.640917
5,66,50,55.3937,68.1674,68.1674,1
5,67,50,55.3937,75.4697,75.4697,0.864117
5,68,50,55.3937,69.2616,69.2616,1
5,69,50,55.3937,75.3336,75.3336,0.885644
5,70,50,55.3937,99.9836,75.3336,0.610791
5,71,50,55.3937,58.445,58.445,1
5,72,50,55.3937,64.7066,64.7066,0.882293
5,73,50,55.3937,68.1502,68.1502,0.933446
5,74,50,55.3245,55.3245,55.3245,1
5,75,50,55.3245,63.0396,63.0396,0.857013
5,76,50,55.3245,62.0535,62.0535,1
5,77,50,55.3245,85.2083,85.2083,0.629333
5,78,50,55.3245,92.0271,92.0271,0.872514
5,79,50,55.3245,111.902,111.902,0.672005
5,80,50,55.3245,121.934,121.934,0.818202
5,81,50,55.3245,125.494,125.494,0.93128
5,82,50,55.3245,113.153,113.153,1
5,83,50,55.3245,117.385,117.385,0.918833
5,84,50,55.3245,135.242,135.242,0.699684
5,85,50,55.3245,115.606,115.606,1
5,86,50,55.3245,94.3692,94.3692,1
5,87,50,55.3245,115.474,115.474,0.655665
5,88,50,55.3245,110.952,110.952,1
5,89,50,55.3245,117.772,117.772,0.8725
5,90,50,55.3245,125.633,125.633,0.854519
5,91,50,55.3245,110.807,110.807,1
5,92,50,55.3245,97.0845,97.0845,1
5,93,50,55.3245,80.5144,80.5144,1
5,94,50,55.3245,90.8263,90.8263,0.81364
5,95,50,55.3245,89.6123,89.6123,1
5,96,50,55.3245,101.589,101.589,0.786997
5,97,50,55.3245,91.7771,91.7771,1
5,98,50,55.3245,70.5224,70.5224,1
5,99,50,55.3245,59.6109,59.6109,1
5,100,50,55.3245,55.336,55.336,1
5,101,50,55.3245,79.2561,79.2561,0.619773
5,102,50,55.3245,84.8966,84.8966,0.893321
5,103,50,55.3245,108.945,84.8966,0.618179
5,104,50,55.3245,95.2532,84.8966,0.812913
5,105,50,55.3245,90.6938,90.6938,0.890525
5,106,50,55.3245,92.9527,92.9527,0.955827
5,107,50,55.3245,100.032,100.032,0.867985
5,108,50,55.3245,104.881,104.881,0.907563
5,109,50,55.3245,106.086,106.086,0.976192
5,110,50,55.3245,82.8375,82.8375,1
5,111,50,55.3245,101.668,101.668,0.686184
5,112,50,55.3245,98.4676,98.4676,1
5,113,50,55.3245,80.5952,80.5952,1
5,114,50,55.3245,84.4739,84.4739,0.925358
5,115,50,55.3245,96.2255,84.4739,0.790546
5,116,50,55.3245,109.184,109.184,0.610057
5,117,50,55.3245,95.7363,95.7363,1
5,118,50,55.3245,100.142,100.142,0.915663
5,119,50,55.3245,103.9,100.142,0.927593
5,120,50,55.3245,121.493,121.493,0.652445
5,121,50,55.3245,118.195,118.195,1
5,122,50,55.3245,117.691,117.691,1
5,123,50,55.3245,126.942,126.942,0.831086
5,124,50,55.3245,129.835,129.835,0.943782
5,125,50,55.3245,139.533,139.533,0.82369
5,126,50,55.3245,126.138,126.138,1
5,127,50,55.3245,134.941,126.138,0.838568
5,128,50,55.3245,129.356,129.356,0.93766
5,129,50,55.3245,138,138,0.841247
5,130,50,55.3245,115.108,115.108,1
5,131,50,55.3245,124.544,115.108,0.828013
5,132,50,55.3245,139.529,139.529,0.61359
5,133,50,55.3245,161.057,139.529,0.650151
5,134,50,55.3245,143.52,143.52,0.923286
5,135,50,55.3245,142.265,142.265,1
5,136,50,55.3245,128.037,128.037,1
5,137,50,55.3245,138.122,138.122,0.817343
5,138,50,55.3245,134.923,134.923,1
5,139,50,55.3245,119.579,119.579,1
5,140,50,55.3245,128.52,128.52,0.836258
5,141,50,55.3245,150.264,150.264,0.647337
5,142,50,55.3245,152.027,152.027,0.965364
5,143,50,55.3245,174.345,152.027,0.639942
5,144,50,55.3245,140.991,140.991,1
5,145,50,55.3245,159.609,140.991,0.6891
5,146,50,55.3245,143.776,143.776,0.945825
5,147,50,55.3245,147.658,147.658,0.925301
5,148,50,55.3245,160.234,160.234,0.77762
5,149,50,55.3245,158.845,158.845,1
5,150,50,55.3245,183.477,183.477,0.61101
5,151,47.5,55.3245,191.76,191.76,0.83998
5,152,47.5,55.3245,208.213,208.213,0.707242
5,153,47.5,55.3245,232.68,208.213,0.597446
5,154,47.5,55.3245,203.182,203.182,1
5,155,47.5,55.3245,198.523,198.523,1
5,156,47.5,55.3245,184.942,184.942,1
5,157,47.5,55.3245,201.824,184.942,0.700883
5,158,47.5,55.3245,205.136,205.136,0.653682
5,159,47.5,55.3245,201.23,201.23,1
5,160,47.5,55.3245,218.459,218.459,0.695783
5,161,47.5,55.3245,198.529,198.529,1
5,162,47.5,55.3245,184.333,184.333,1
5,163,47.5,55.3245,175.461,175.461,1
5,164,47.5,55.3245,184.618,184.618,0.824671
5,165,47.5,55.3245,202.751,184.618,0.682668
5,166,47.5,55.3245,160.339,160.339,1
5,167,47.5,55.3245,160.351,160.351,0.999753
5,168,47.5,55.3245,174.676,174.676,0.739648
5,169,47.5,55.3245,197.177,197.177,0.622683
5,170,47.5,55.3245,218.554,197.177,0.637608
5,171,47.5,55.3245,182.582,182.582,1
5,172,47.5,55.3245,201.356,182.582,0.673528
5,173,47.5,55.3245,169.241,169.241,1
5,174,47.5,55.3245,190.044,190.044,0.645346
5,175,47.5,55.3245,210.861,190.044,0.645176
5,176,47.5,55.3245,166.828,166.828,1
5,177,47.5,55.3245,188.331,166.828,0.635918
5,178,47.5,55.3245,157.2,157.2,1
5,179,47.5,55.3245,173.574,173.574,0.708426
5,180,47.5,55.3245,192.742,192.742,0.667949
5,181,47.5,55.3245,212.901,212.901,0.65416
5,182,47.5,55.3245,216.79,216.79,0.921388
5,183,47.5,55.3245,240.898,240.898,0.601981
5,184,47.5,55.3245,235.37,235.37,1
5,185,47.5,55.3245,232.473,232.473,1
5,186,47.5,55.3245,233.979,233.979,0.968781
5,187,47.5,55.3245,219.9,219.9,1
5,188,47.5,55.3245,203.806,203.806,1
5,189,47.5,55.3245,190.842,190.842,1
5,190,47.5,55.3245,178.75,178.75,1
5,191,47.5,55.3245,181.001,181.001,0.953729
5,192,47.5,55.3245,164.919,164.919,1
5,193,47.5,55.3245,160.339,160.339,1
5,194,47.5,55.3245,139.739,139.739,1
5,195,47.5,55.3245,148.727,148.727,0.827594
5,196,47.5,55.3245,166.929,166.929,0.68168
5,197,47.5,55.3245,160.846,160.846,1
5,198,47.5,55.3245,137.055,137.055,1
5,199,47.5,55.3245,152.891,137.055,0.716494
5,200,47.5,55.3245,120.965,120.965,1
5,201,47.5,55.3245,142.484,142.484,0.635699
5,202,47.5,55.3245,136.9,136.9,1
5,203,47.5,55.3245,128.266,128.266,1
5,204,47.5,55.3245,118.56,118.56,1
5,205,47.5,55.3245,96.68,96.68,1
5,206,47.5,55.3245,81.1947,81.1947,1
5,207,47.5,55.3245,60.5794,60.5794,1
5,208,47.5,55.3245,83.9931,83.9931,0.610839
5,209,47.5,55.3245,90.2455,90.2455,0.876667
5,210,47.5,55.3245,112.68,112.68,0.623562
5,211,47.5,55.3245,113.258,113.258,0.987913
5,212,47.5,55.3245,131.439,131.439,0.681975
5,213,47.5,55.3245,155.687,131.439,0.600198
5,214,47.5,55.3245,146.728,131.439,0.724786
5,215,47.5,55.3245,120.49,120.49,1
5,216,47.5,55.3245,136.283,136.283,0.717135
5,217,47.5,55.3245,145.212,145.212,0.828633
5,218,47.5,55.3245,150.359,150.359,0.897301
5,219,47.5,55.3245,147.168,147.168,1
5,220,47.5,55.3245,137.622,137.622,1
5,221,47.5,55.3245,127.267,127.267,1
5,222,47.5,55.3245,107.151,107.151,1
5,223,47.5,55.3245,124.849,124.849,0.688951
5,224,47.5,55.3245,101.837,101.837,1
5,225,47.5,55.3245,78.7355,78.7355,1
5,226,47.5,55.3245,102.842,102.842,0.601997
5,227,47.5,55.3245,81.2463,81.2463,1
5,228,47.5,55.3245,71.9618,71.9618,1
5,229,47.5,55.3245,72.974,72.974,0.978916
5,230,47.5,55.3245,66.784,66.784,1
5,231,47.5,55.3245,83.1588,66.784,0.70841
5,232,47.5,55.3245,72.8355,72.8355,0.880381
5,233,47.5,55.3245,85.8737,85.8737,0.759961
5,234,47.5,55.3245,93.0626,93.0626,0.859551
5,235,47.5,55.3245,96.2066,93.0626,0.935953
5,236,47.5,55.3245,90.9957,90.9957,1
5,237,47.5,55.3245,99.7815,90.9957,0.831133
5,238,47.5,55.3245,102.188,102.188,0.790072
5,239,47.5,55.3245,93.692,93.692,1
5,240,47.5,55.3245,117.61,117.61,0.604395
5,241,47.5,55.3245,141.092,141.092,0.609957
5,242,47.5,55.3245,128.119,128.119,1
5,243,47.5,55.3245,130.657,130.657,0.94796
5,244,47.5,55.3245,116.995,116.995,1
5,245,47.5,55.3245,109.52,109.52,1
5,246,47.5,55.3245,106.868,106.868,1
5,247,47.5,55.3245,110.393,110.393,0.92848
5,248,47.5,55.3245,101.506,101.506,1
5,249,47.5,55.3245,97.9803,97.9803,1
5,250,47.5,55.3245,84.6947,84.6947,1
5,251,47.5,55.3245,62.1439,62.1439,1
5,252,47.5,55.3245,77.3809,62.1439,0.725584
5,253,47.5,55.3245,59.3809,59.3809,1
5,254,47.5,55.3245,56.9249,56.9249,1
5,255,47.5,55.3245,68.5553,68.5553,0.782822
5,256,47.5,55.3245,84.3872,68.5553,0.716553
5,257,47.5,55.3245,80.0264,68.5553,0.785452
5,258,47.5,55.3245,60.9245,60.9245,1
5,259,47.5,55.3245,62.0402,62.0402,0.976786
5,260,47.5,55.3245,63.8797,63.8797,0.962014
5,261,47.5,55.3245,60.1074,60.1074,1
5,262,47.5,55.3245,82.4669,60.1074,0.624549
5,263,47.5,55.3245,74.0968,74.0968,0.744894
5,264,47.5,55.3245,72.2476,72.2476,1
5,265,47.5,55.3245,77.2749,77.2749,0.89957
5,266,47.5,55.3245,101.802,101.802,0.596683
5,267,47.5,55.3245,111.527,101.802,0.814865
5,268,47.5,55.3245,102.14,102.14,0.992926
5,269,47.5,55.3245,116.477,116.477,0.739461
5,270,47.5,55.3245,133.96,133.96,0.692071
5,271,47.5,55.3245,134.285,134.285,0.993171
5,272,47.5,55.3245,145.338,145.338,0.7924
5,273,47.5,55.3245,129.495,129.495,1
5,274,47.5,55.3245,107.851,107.851,1
5,275,47.5,55.3245,93.0527,93.0527,1
5,276,47.5,55.3245,95.4518,95.4518,0.950746
5,277,47.5,55.3245,86.1808,86.1808,1
5,278,47.5,55.3245,110.387,110.387,0.600733
5,279,47.5,55.3245,116.04,116.04,0.887794
5,280,47.5,55.3245,123.278,123.278,0.858664
5,281,47.5,55.3245,129.686,129.686,0.873809
5,282,47.5,55.3245,139.676,139.676,0.810314
5,283,47.5,55.3245,162.787,139.676,0.614748
5,284,47.5,55.3245,122.671,122.671,1
5,285,47.5,55.3245,116.854,116.854,1
5,286,47.5,55.3245,96.2894,96.2894,1
5,287,47.5,55.3245,105.543,105.543,0.822995
5,288,47.5,55.3245,108.123,108.123,0.947121
5,289,47.5,55.3245,115.896,115.896,0.849055
5,290,47.5,55.3245,108.282,108.282,1
5,291,47.5,55.3245,130.143,108.282,0.631138
5,292,47.5,55.3245,112.539,112.539,0.914265
5,293,47.5,55.3245,104.563,104.563,1
5,294,47.5,55.3245,118.425,104.563,0.746893
5,295,47.5,55.3245,82.9359,82.9359,1
5,296,47.5,55.3245,66.3638,66.3638,1
5,297,47.5,55.3245,65.535,65.535,1
5,298,47.5,55.3245,82.9222,82.9222,0.693472
5,299,47.5,55.3245,98.3519,98.3519,0.722646
5,300,47.5,55.3245,113.093,113.093,0.733192
5,301,45.125,55.3245,124.209,113.093,0.781673
5,302,45.125,55.3245,91.4942,91.4942,1
5,303,45.125,55.3245,68.1312,68.1312,1
5,304,45.125,55.3245,69.8716,69.8716,0.962167
5,305,45.125,55.3245,68.012,68.012,1
5,306,45.125,55.3245,62.2149,62.2149,1
5,307,45.125,55.3245,68.3304,62.2149,0.873259
5,308,45.125,55.3245,83.8122,83.8122,0.619644
5,309,45.125,55.3245,65.7421,65.7421,1
5,310,45.125,55.3245,76.6911,76.6911,0.784556
5,311,45.125,55.3245,58.5948,58.5948,1
5,312,45.125,55.3245,78.1184,58.5948,0.648784
5,313,45.125,55.3245,57.272,57.272,1
5,314,45.125,55.3245,69.2481,69.2481,0.766901
5,315,45.125,55.3245,78.393,69.2481,0.816558
5,316,45.125,54.4775,54.4775,54.4775,1
5,317,45.125,54.4775,67.8127,67.8127,0.744146
5,318,45.125,54.4775,55.6714,55.6714,1
5,319,45.125,54.4775,54.4851,54.4851,1
5,320,45.125,54.4775,78.1434,54.4851,0.591979
5,321,45.125,54.4775,76.4453,54.4851,0.614681
5,322,45.125,54.4775,62.6941,62.6941,0.83367
5,323,45.125,54.4775,66.5423,66.5423,0.918256
5,324,45.125,54.4775,57.9161,57.9161,1
5,325,45.125,54.4775,69.5801,57.9161,0.772224
5,326,45.125,54.4775,68.866,68.866,0.78454
5,327,45.125,54.4775,72.728,68.866,0.917976
5,328,45.125,54.4775,62.6982,62.6982,1
5,329,45.125,54.4775,67.5019,67.5019,0.899017
5,330,45.125,54.4775,61.2467,61.2467,1
5,331,45.125,54.4775,82.3706,61.2467,0.626178
5,332,45.125,54.4775,79.7728,61.2467,0.663285
5,333,45.125,54.4775,75.3529,75.3529,0.731541
5,334,45.125,54.4775,79.1389,79.1389,0.919524
5,335,45.125,54.4775,56.8328,56.8328,1
5,336,45.125,54.4775,58.5046,58.5046,0.963629
5,337,45.125,54.4775,68.9486,68.9486,0.793385
5,338,45.125,54.4775,63.8299,63.8299,1
5,339,45.125,54.4775,62.1132,62.1132,1
5,340,45.125,54.4775,72.1348,72.1348,0.800848
5,341,45.125,54.4775,73.6669,73.6669,0.966617
5,342,45.125,54.4775,76.1192,76.1192,0.947107
5,343,45.125,54.4775,96.0539,96.0539,0.642899
5,344,45.125,54.4775,88.2502,88.2502,1
5,345,45.125,54.4775,67.2023,67.2023,1
5,346,45.125,54.4775,62.8248,62.8248,1
5,347,45.125,54.4775,78.3316,62.8248,0.709184
5,348,45.125,54.4775,77.0393,77.0393,0.729788
5,349,45.125,54.4775,82.0345,82.0345,0.89521
5,350,45.125,54.4775,72.7969,72.7969,1
5,351,45.125,54.4775,65.1187,65.1187,1
5,352,45.125,54.4775,73.6436,73.6436,0.827853
5,353,45.125,54.4775,75.0455,75.0455,0.969411
5,354,45.125,54.4775,91.0705,91.0705,0.701087
5,355,45.125,54.4775,83.097,83.097,1
5,356,45.125,54.4775,90.2396,90.2396,0.853606
5,357,45.125,54.4775,91.8615,91.8615,0.964696
5,358,45.125,54.4775,84.6871,84.6871,1
5,359,45.125,54.4775,74.047,74.047,1
5,360,45.125,54.4775,69.5223,69.5223,1
5,361,45.125,54.4775,87.9813,69.5223,0.664272
5,362,45.125,54.4775,82.6708,82.6708,0.747232
5,363,45.125,54.4775,88.7832,88.7832,0.873319
5,364,45.125,54.4775,108.441,108.441,0.646851
5,365,45.125,54.4775,115.735,115.735,0.850753
5,366,45.125,54.4775,108.885,108.885,1
5,367,45.125,54.4775,98.689,98.689,1
5,368,45.125,54.4775,102.751,102.751,0.913913
5,369,45.125,54.4775,111.935,111.935,0.815857
5,370,45.125,54.4775,104.771,104.771,1
5,371,45.125,54.4775,122.816,104.771,0.670396
5,372,45.125,54.4775,100.124,100.124,1
5,373,45.125,54.4775,104.328,104.328,0.911047
5,374,45.125,54.4775,111.425,111.425,0.854465
5,375,45.125,54.4775,90.4915,90.4915,1
5,376,45.125,54.4775,81.8381,81.8381,1
5,377,45.125,54.4775,69.108,69.108,1
5,378,45.125,54.4775,75.8618,75.8618,0.860993
5,379,45.125,54.4775,91.9616,91.9616,0.699926
5,380,45.125,54.4775,97.5583,97.5583,0.883356
5,381,45.125,54.4775,85.3559,85.3559,1
5,382,45.125,54.4775,80.299,80.299,1
5,383,45.125,54.4775,60.1265,60.1265,1
5,384,45.125,54.4775,72.8682,72.8682,0.753998
5,385,45.125,54.4775,88.5677,88.5677,0.706161
5,386,45.125,54.4775,102.101,88.5677,0.740883
5,387,45.125,54.4775,74.1523,74.1523,1
5,388,45.125,54.4775,90.4204,74.1523,0.697319
5,389,45.125,54.4775,93.1993,93.1993,0.655673
5,390,45.125,54.4775,73.0198,73.0198,1
5,391,45.125,54.4775,70.5781,70.5781,1
5,392,45.125,54.4775,81.0602,81.0602,0.792716
5,393,45.125,54.4775,96.2046,96.2046,0.714903
5,394,45.125,54.4775,115.673,115.673,0.649571
5,395,45.125,54.4775,107.764,107.764,1
5,396,45.125,54.4775,111.585,111.585,0.918811
5,397,45.125,54.4775,94.6354,94.6354,1
5,398,45.125,54.4775,107.485,107.485,0.752199
5,399,45.125,54.4775,120.927,120.927,0.742395
5,400,45.125,54.4775,110.194,110.194,1
5,401,45.125,54.4775,112.344,112.344,0.953464
5,402,45.125,54.4775,115.768,115.768,0.926933
5,403,45.125,54.4775,92.9661,92.9661,1
5,404,45.125,54.4775,88.0871,88.0871,1
5,405,45.125,54.4775,80.5622,80.5622,1
5,406,45.125,54.4775,101.71,80.5622,0.625845
5,407,45.125,54.4775,97.4353,80.5622,0.688032
5,408,45.125,54.4775,104.069,80.5622,0.593965
5,409,45.125,54.4775,102.161,80.5622,0.619619
5,410,45.125,54.4775,56.6183,56.6183,1
5,411,45.125,54.4775,72.3266,72.3266,0.706024
5,412,45.125,54.4775,72.2133,72.2133,1
5,413,45.125,54.4775,66.7841,66.7841,1
5,414,45.125,54.4775,86.854,86.854,0.640975
5,415,45.125,54.4775,78.6796,78.6796,1
5,416,45.125,54.4775,103.306,78.6796,0.579417
5,417,45.125,54.4775,79.4191,79.4191,0.983745
5,418,45.125,54.4775,57.2719,57.2719,1
5,419,45.125,54.4775,58.5163,58.5163,0.9728
5,420,45.125,54.4775,66.5384,66.5384,0.837129
5,421,45.125,54.4775,72.9505,72.9505,0.867538
5,422,45.125,54.4775,75.802,75.802,0.938765
5,423,45.125,54.4775,61.799,61.799,1
5,424,45.125,54.4775,82.9956,61.799,0.62517
5,425,45.125,54.4775,70.7969,70.7969,0.819223
5,426,45.125,54.4775,66.8361,66.8361,1
5,427,45.125,54.4775,88.5622,66.8361,0.617876
5,428,45.125,54.4775,75.5561,75.5561,0.824282
5,429,45.125,54.4775,88.3025,88.3025,0.753921
5,430,45.125,54.4775,88.4121,88.4121,0.997573
5,431,45.125,54.4775,82.4954,82.4954,1
5,432,45.125,54.4775,80.386,80.386,1
5,433,45.125,54.4775,78.1149,78.1149,1
5,434,45.125,54.4775,88.9121,78.1149,0.7872
5,435,45.125,54.4775,56.739,56.739,1
5,436,45.125,54.4775,75.4525,75.4525,0.660537
5,437,45.125,54.4775,86.3717,86.3717,0.785075
5,438,45.125,54.4775,69.2597,69.2597,1
5,439,45.125,54.4775,86.079,86.079,0.688853
5,440,45.125,54.4775,77.6113,77.6113,1
5,441,45.125,54.4775,88.5297,88.5297,0.785088
5,442,45.125,54.4775,104.731,104.731,0.698355
5,443,45.125,54.4775,129.474,104.731,0.577915
5,444,45.125,54.4775,85.7831,85.7831,1
5,445,45.125,54.4775,84.82,84.82,1
5,446,45.125,54.4775,61.7261,61.7261,1
5,447,45.125,54.4775,57.5575,57.5575,1
5,448,45.125,54.4775,65.2703,57.5575,0.842889
5,449,45.125,54.4775,54.7838,54.7838,1
5,450,45.125,54.4775,55.4377,55.4377,0.985614
5,451,42.8687,54.4775,78.0318,78.0318,0.590342
5,452,42.8687,54.4775,57.337,57.337,1
5,453,42.8687,54.4775,64.9156,57.337,0.837958
5,454,42.8687,54.4775,64.5069,64.5069,0.845985
5,455,42.8687,54.4775,81.35,64.5069,0.675097
5,456,42.8687,54.4775,74.9094,74.9094,0.784539
5,457,42.8687,54.4775,67.0374,67.0374,1
5,458,42.8687,54.4775,78.4701,78.4701,0.76591
5,459,42.8687,54.4775,82.461,82.461,0.911106
5,460,42.8687,54.4775,79.4803,79.4803,1
5,461,42.8687,54.4775,95.0398,95.0398,0.695617
5,462,42.8687,54.4775,93.5995,93.5995,1
5,463,42.8687,54.4775,99.8542,99.8542,0.86424
5,464,42.8687,54.4775,95.846,95.846,1
5,465,42.8687,54.4775,119.2,95.846,0.579965
5,466,42.8687,54.4775,109.299,109.299,0.730657
5,467,42.8687,54.4775,114.458,114.458,0.886601
5,468,42.8687,54.4775,118.438,118.438,0.911342
5,469,42.8687,54.4775,108.239,108.239,1
5,470,42.8687,54.4775,132.66,132.66,0.565719
5,471,42.8687,54.4775,147.547,147.547,0.706616
5,472,42.8687,54.4775,156.243,156.243,0.816387
5,473,42.8687,54.4775,139.95,139.95,1
5,474,42.8687,54.4775,160.438,160.438,0.620073
5,475,42.8687,54.4775,164.874,164.874,0.901696
5,476,42.8687,54.4775,169.175,169.175,0.904544
5,477,42.8687,54.4775,159.233,159.233,1
5,478,42.8687,54.4775,156.693,156.693,1
5,479,42.8687,54.4775,180.872,180.872,0.56892
5,480,42.8687,54.4775,190.943,180.872,0.790625
5,481,42.8687,54.4775,157.642,157.642,1
5,482,42.8687,54.4775,162.622,162.622,0.890341
5,483,42.8687,54.4775,169.065,169.065,0.860451
5,484,42.8687,54.4775,148.797,148.797,1
5,485,42.8687,54.4775,167.65,167.65,0.644188
5,486,42.8687,54.4775,192.09,192.09,0.565453
5,487,42.8687,54.4775,169.74,169.74,1
5,488,42.8687,54.4775,181.07,181.07,0.767741
5,489,42.8687,54.4775,194.191,194.191,0.736334
5,490,42.8687,54.4775,180.191,180.191,1
5,491,42.8687,54.4775,158.931,158.931,1
5,492,42.8687,54.4775,150.916,150.916,1
5,493,42.8687,54.4775,169.2,150.916,0.652781
5,494,42.8687,54.4775,155.922,150.916,0.889784
5,495,42.8687,54.4775,148.122,148.122,1
5,496,42.8687,54.4775,128.868,128.868,1
5,497,42.8687,54.4775,139.678,128.868,0.777107
5,498,42.8687,54.4775,115.09,115.09,1
5,499,42.8687,54.4775,102.886,102.886,1
5,500,42.8687,54.4775,113.466,113.466,0.781299
5,501,42.8687,54.4775,95.9175,95.9175,1
5,502,42.8687,54.4775,77.2081,77.2081,1
5,503,42.8687,54.4775,96.6225,77.2081,0.635794
5,504,42.8687,54.4775,62.5409,62.5409,1
5,505,42.8687,54.4775,79.3019,79.3019,0.676391
5,506,42.8687,54.4775,84.364,84.364,0.888623
5,507,42.8687,54.4775,66.5057,66.5057,1
5,508,42.8687,54.4775,72.1942,72.1942,0.875731
5,509,42.8687,54.4775,67.2581,67.2581,1
5,510,42.8687,54.4775,56.4647,56.4647,1
5,511,42.8687,54.4775,62.8978,62.8978,0.860654
5,512,42.8687,54.4775,60.6981,60.6981,1
5,513,42.8687,54.4775,71.0829,71.0829,0.784862
5,514,42.8687,54.4775,66.7937,66.7937,1
5,515,42.8687,54.4775,81.8037,66.7937,0.70459
5,516,42.8687,54.4775,64.0583,64.0583,1
5,517,42.8687,54.4775,60.3587,60.3587,1
5,518,42.8687,54.4775,75.9499,60.3587,0.695103
5,519,42.8687,54.4775,54.8322,54.8322,1
5,520,42.8687,54.4775,76.6261,54.8322,0.601465
5,521,42.8687,54.4775,63.5306,63.5306,0.816352
5,522,42.8687,54.4775,55.0812,55.0812,1
5,523,42.8687,54.4775,65.0094,65.0094,0.793268
5,524,42.8687,54.4775,62.3108,62.3108,1
5,525,42.8687,54.4775,67.2655,62.3108,0.890852
5,526,42.8687,54.4775,57.7072,57.7072,1
5,527,42.8687,54.4775,80.1164,80.1164,0.592893
5,528,42.8687,54.4775,56.5589,56.5589,1
5,529,42.8687,54.4775,67.7357,67.7357,0.770497
5,530,42.8687,54.4775,54.7646,54.7646,1
5,531,42.8687,54.4775,66.4118,54.7646,0.762088
5,532,42.8687,54.4775,74.2887,54.7646,0.634169
5,533,42.8687,54.4775,78.2608,78.2608,0.578049
5,534,42.8687,54.4775,66.982,66.982,1
5,535,42.8687,54.4775,70.5802,70.5802,0.919492
5,536,42.8687,54.4775,65.474,65.474,1
5,537,42.8687,54.4775,72.8606,72.8606,0.84172
5,538,42.8687,54.4775,64.9002,64.9002,1
5,539,42.8687,54.4775,71.5665,71.5665,0.855982
5,540,42.8687,54.4775,88.647,88.647,0.671369
5,541,42.8687,54.4775,105.874,105.874,0.669076
5,542,42.8687,54.4775,122.394,105.874,0.680201
5,543,42.8687,54.4775,117.076,105.874,0.770051
5,544,42.8687,54.4775,109.017,109.017,0.929315
5,545,42.8687,54.4775,100.284,100.284,1
5,546,42.8687,54.4775,102.731,102.731,0.944519
5,547,42.8687,54.4775,108.662,102.731,0.870808
5,548,42.8687,54.4775,92.5816,92.5816,1
5,549,42.8687,54.4775,97.7835,92.5816,0.885728
5,550,42.8687,54.4775,81.1428,81.1428,1
5,551,42.8687,54.4775,76.7585,76.7585,1
5,552,42.8687,54.4775,63.4099,63.4099,1
5,553,42.8687,54.4775,85.7735,85.7735,0.593526
5,554,42.8687,54.4775,64.1311,64.1311,1
5,555,42.8687,54.4775,54.5655,54.5655,1
5,556,42.8687,54.4775,73.6955,73.6955,0.640027
5,557,42.8687,54.4775,88.9507,88.9507,0.700572
5,558,42.8687,54.4775,104.1,104.1,0.702304
5,559,42.8687,54.4775,80.1877,80.1877,1
5,560,42.8687,54.4775,60.6807,60.6807,1
5,561,42.8687,54.4775,65.7503,65.7503,0.888465
5,562,42.8687,54.4775,71.7641,71.7641,0.869112
5,563,42.8687,54.4775,79.1502,79.1502,0.84173
5,564,42.8687,54.4775,59.0951,59.0951,1
5,565,42.8687,54.4775,67.4365,67.4365,0.82318
5,566,42.8687,54.4775,79.1695,67.4365,0.760564
5,567,42.8687,54.4775,77.9185,77.9185,0.783085
5,568,42.8687,54.4775,54.9333,54.9333,1
5,569,42.8687,54.4775,59.0109,59.0109,0.909265
5,570,42.8687,54.4775,62,62,0.932649
5,571,42.8687,54.4775,84.4102,84.4102,0.59288
5,572,42.8687,54.4775,97.6316,84.4102,0.73461
5,573,42.8687,54.4775,89.0162,89.0162,0.898127
5,574,42.8687,54.4775,109.559,89.0162,0.619277
5,575,42.8687,54.4775,89.3758,89.3758,0.991647
5,576,42.8687,54.4775,108.17,108.17,0.645067
5,577,42.8687,54.4775,109.285,109.285,0.974318
5,578,42.8687,54.4775,89.1277,89.1277,1
5,579,42.8687,54.4775,88.3236,88.3236,1
5,580,42.8687,54.4775,98.9916,98.9916,0.779695
5,581,42.8687,54.4775,77.7,77.7,1
5,582,42.8687,54.4775,77.7323,77.7323,0.999247
5,583,42.8687,54.4775,81.0985,81.0985,0.92448
5,584,42.8687,54.4775,98.3904,81.0985,0.668065
5,585,42.8687,54.4775,56.812,56.812,1
5,586,42.8687,54.4775,63.3886,63.3886,0.857775
5,587,42.8687,54.4775,74.2868,74.2868,0.77552
5,588,42.8687,54.4775,65.6944,65.6944,1
5,589,42.8687,54.4775,65.1648,65.1648,1
5,590,42.8687,54.4775,74.5441,74.5441,0.803491
5,591,42.8687,54.4775,79.9245,79.9245,0.882047
5,592,42.8687,54.4775,89.7799,89.7799,0.794615
5,593,42.8687,54.4775,103.011,103.011,0.734447
5,594,42.8687,54.4775,119.018,103.011,0.688386
5,595,42.8687,54.4775,124.214,124.214,0.609806
5,596,42.8687,54.4775,119.691,119.691,1
5,597,42.8687,54.4775,125.825,125.825,0.866677
5,598,42.8687,54.4775,142.968,142.968,0.67039
5,599,42.8687,54.4775,149.174,149.174,0.86522
5,600,42.8687,54.4775,152.329,152.329,0.929054
5,601,40.7253,54.4775,169.677,169.677,0.653123
5,602,40.7253,54.4775,187.005,169.677,0.653451
5,603,40.7253,54.4775,171.242,171.242,0.96232
5,604,40.7253,54.4775,172.939,172.939,0.959167
5,605,40.7253,54.4775,160.326,160.326,1
5,606,40.7253,54.4775,166.425,166.425,0.860906
5,607,40.7253,54.4775,179.451,179.451,0.726264
5,608,40.7253,54.4775,203.62,179.451,0.552402
5,609,40.7253,54.4775,196.166,196.166,0.663355
5,610,40.7253,54.4775,184.936,184.936,1
5,611,40.7253,54.4775,192.663,192.663,0.827174
5,612,40.7253,54.4775,198.787,198.787,0.860381
5,613,40.7253,54.4775,208.337,208.337,0.790972
5,614,40.7253,54.4775,203.13,203.13,1
5,615,40.7253,54.4775,227.563,203.13,0.548847
5,616,40.7253,54.4775,212.087,212.087,0.802575
5,617,40.7253,54.4775,230.119,230.119,0.64225
5,618,40.7253,54.4775,252.132,230.119,0.582449
5,619,40.7253,54.4775,249.81,230.119,0.616617
5,620,40.7253,54.4775,209.407,209.407,1
5,621,40.7253,54.4775,218.67,218.67,0.79657
5,622,40.7253,54.4775,205.518,205.518,1
5,623,40.7253,54.4775,200.691,200.691,1
5,624,40.7253,54.4775,220.134,220.134,0.620382
5,625,40.7253,54.4775,244.644,244.644,0.547798
5,626,40.7253,54.4775,227.523,227.523,1
5,627,40.7253,54.4775,251.658,227.523,0.552877
5,628,40.7253,54.4775,236.821,227.523,0.795872
5,629,40.7253,54.4775,206.084,206.084,1
5,630,40.7253,54.4775,184.532,184.532,1
5,631,40.7253,54.4775,196.239,196.239,0.750168
5,632,40.7253,54.4775,216.516,216.516,0.607795
5,633,40.7253,54.4775,214.179,214.179,1
5,634,40.7253,54.4775,212.482,212.482,1
5,635,40.7253,54.4775,195.698,195.698,1
5,636,40.7253,54.4775,190.768,190.768,1
5,637,40.7253,54.4775,200.022,200.022,0.796744
5,638,40.7253,54.4775,198.362,198.362,1
5,639,40.7253,54.4775,201.212,201.212,0.932402
5,640,40.7253,54.4775,183.103,183.103,1
5,641,40.7253,54.4775,158.545,158.545,1
5,642,40.7253,54.4775,151.614,151.614,1
5,643,40.7253,54.4775,159.75,159.75,0.818928
5,644,40.7253,54.4775,151.074,151.074,1
5,645,40.7253,54.4775,158.888,151.074,0.825399
5,646,40.7253,54.4775,159.44,159.44,0.814298
5,647,40.7253,54.4775,167.703,167.703,0.816367
5,648,40.7253,54.4775,145.064,145.064,1
5,649,40.7253,54.4775,135.732,135.732,1
5,650,40.7253,54.4775,116.177,116.177,1
5,651,40.7253,54.4775,105.089,105.089,1
5,652,40.7253,54.4775,89.3158,89.3158,1
5,653,40.7253,54.4775,72.4762,72.4762,1
5,654,40.7253,54.4775,79.9857,72.4762,0.831609
5,655,40.7253,54.4775,88.5833,72.4762,0.673339
5,656,40.7253,54.4775,94.9528,94.9528,0.575851
5,657,40.7253,54.4775,100.371,100.371,0.875426
5,658,40.7253,54.4775,113.192,113.192,0.729925
5,659,40.7253,54.4775,100.001,100.001,1
5,660,40.7253,54.4775,99.6518,99.6518,1
5,661,40.7253,54.4775,86.5557,86.5557,1
5,662,40.7253,54.4775,73.9028,73.9028,1
5,663,40.7253,54.4775,96.089,73.9028,0.579971
5,664,40.7253,54.4775,72.5379,72.5379,1
5,665,40.7253,54.4775,54.8414,54.8414,1
5,666,40.7253,54.4775,77.3904,77.3904,0.574827
5,667,40.7253,54.4775,97.4331,97.4331,0.611316
5,668,40.7253,54.4775,89.7029,89.7029,1
5,669,40.7253,54.4775,98.7099,98.7099,0.801584
5,670,40.7253,54.4775,97.0612,97.0612,1
5,671,40.7253,54.4775,111.753,97.0612,0.697143
5,672,40.7253,54.4775,105.327,97.0612,0.816316
5,673,40.7253,54.4775,112.709,112.709,0.680982
5,674,40.7253,54.4775,107.98,107.98,1
5,675,40.7253,54.4775,105.149,105.149,1
5,676,40.7253,54.4775,116.376,116.376,0.75905
5,677,40.7253,54.4775,115.733,115.733,1
5,678,40.7253,54.4775,106.962,106.962,1
5,679,40.7253,54.4775,108.544,108.544,0.961905
5,680,40.7253,54.4775,102.557,102.557,1
5,681,40.7253,54.4775,83.6259,83.6259,1
5,682,40.7253,54.4775,98.1879,98.1879,0.699376
5,683,40.7253,54.4775,73.7491,73.7491,1
5,684,40.7253,54.4775,70.6146,70.6146,1
5,685,40.7253,54.4775,60.7517,60.7517,1
5,686,40.7253,54.4775,78.5852,78.5852,0.645393
5,687,40.7253,54.4775,81.0352,81.0352,0.941613
5,688,40.7253,54.4775,73.0254,73.0254,1
5,689,40.7253,54.4775,80.6312,80.6312,0.829643
5,690,40.7253,54.4775,104.459,104.459,0.557061
5,691,40.7253,54.4775,115.754,115.754,0.757781
5,692,40.7253,54.4775,130.753,130.753,0.691922
5,693,40.7253,54.4775,125,125,1
5,694,40.7253,54.4775,127.757,127.757,0.934551
5,695,40.7253,54.4775,141.298,141.298,0.71713
5,696,40.7253,54.4775,150.898,141.298,0.789997
5,697,40.7253,54.4775,163.078,163.078,0.58578
5,698,40.7253,54.4775,143.195,143.195,1
5,699,40.7253,54.4775,118.848,118.848,1
5,700,40.7253,54.4775,114.594,114.594,1
5,701,40.7253,54.4775,130.239,130.239,0.681019
5,702,40.7253,54.4775,110.552,110.552,1
5,703,40.7253,54.4775,121.574,121.574,0.762893
5,704,40.7253,54.4775,126.796,126.796,0.879652
5,705,40.7253,54.4775,122.069,122.069,1
5,706,40.7253,54.4775,114.472,114.472,1
5,707,40.7253,54.4775,90.076,90.076,1
5,708,40.7253,54.4775,90.7281,90.7281,0.984115
5,709,40.7253,54.4775,98.0803,98.0803,0.834826
5,710,40.7253,54.4775,80.5336,80.5336,1
5,711,40.7253,54.4775,78.6812,78.6812,1
5,712,40.7253,54.4775,102.496,102.496,0.557229
5,713,40.7253,54.4775,118.821,102.496,0.669752
5,714,40.7253,54.4775,78.9368,78.9368,1
5,715,40.7253,54.4775,59.8659,59.8659,1
5,716,40.7253,54.4775,75.2029,75.2029,0.686194
5,717,40.7253,54.4775,77.9841,77.9841,0.933988
5,718,40.7253,54.4775,66.2414,66.2414,1
5,719,40.7253,54.4775,86.5559,86.5559,0.607248
5,720,40.7253,54.4775,83.1028,83.1028,1
5,721,40.7253,54.4775,81.0485,81.0485,1
5,722,40.7253,54.4775,86.0597,86.0597,0.884221
5,723,40.7253,54.4775,104.752,86.0597,0.631926
5,724,40.7253,54.4775,72.0753,72.0753,1
5,725,40.7253,54.4775,65.6502,65.6502,1
5,726,40.7253,54.4775,73.7185,73.7185,0.820274
5,727,40.7253,54.4775,58.1674,58.1674,1
5,728,40.7253,54.4775,58.056,58.056,1
5,729,40.7253,54.4775,80.2051,58.056,0.5805
5,730,40.7253,54.4775,66.3372,58.056,0.815998
5,731,40.7253,54.4775,57.596,57.596,1
5,732,40.7253,54.4775,66.013,66.013,0.813283
5,733,40.7253,54.4775,86.4524,86.4524,0.605389
5,734,40.7253,54.4775,62.539,62.539,1
5,735,40.7253,54.4775,83.5737,83.5737,0.596603
5,736,40.7253,54.4775,82.9088,82.9088,1
5,737,40.7253,54.4775,94.5989,94.5989,0.750475
5,738,40.7253,54.4775,70.7469,70.7469,1
5,739,40.7253,54.4775,55.3703,55.3703,1
5,740,40.7253,54.4775,73.6074,73.6074,0.639028
5,741,40.7253,54.4775,61.1294,61.1294,1
5,742,40.7253,54.4775,69.3743,69.3743,0.816726
5,743,40.7253,54.4775,86.5424,86.5424,0.656024
5,744,40.7253,54.4775,100.377,100.377,0.711986
5,745,40.7253,54.4775,81.5541,81.5541,1
5,746,40.7253,54.4775,71.0117,71.0117,1
5,747,40.7253,54.4775,93.3437,71.0117,0.5779
5,748,40.7253,54.4775,56.9634,56.9634,1
5,749,40.7253,54.4775,56.4878,56.4878,1
5,750,40.7253,54.4775,69.4665,69.4665,0.727102
5,751,38.689,54.4775,72.1482,72.1482,0.933033
5,752,38.689,54.4775,93.6957,93.6957,0.572959
5,753,38.689,54.4775,103.455,93.6957,0.77706
5,754,38.689,54.4775,72.419,72.419,1
5,755,38.689,54.4775,90.4512,72.419,0.627457
5,756,38.689,54.4775,76.9737,76.9737,0.888941
5,757,38.689,54.4775,58.3609,58.3609,1
5,758,38.689,54.4775,66.5924,66.5924,0.808351
5,759,38.689,54.4775,72.2,72.2,0.865073
5,760,38.689,54.4775,67.6015,67.6015,1
5,761,38.689,54.4775,82.4285,67.6015,0.681653
5,762,38.689,54.4775,57.9681,57.9681,1
5,763,38.689,54.4775,72.897,72.897,0.679859
5,764,38.689,54.4775,71.3495,71.3495,1
5,765,38.689,54.4775,61.7199,61.7199,1
5,766,38.689,54.4775,63.567,63.567,0.953379
5,767,38.689,54.4775,75.4007,75.4007,0.736485
5,768,38.689,54.4775,94.6486,75.4007,0.608046
5,769,38.689,54.4775,90.0891,75.4007,0.684097
5,770,38.689,54.4775,95.9116,75.4007,0.588517
5,771,38.689,54.4775,74.1697,74.1697,1
5,772,38.689,54.4775,73.3746,73.3746,1
5,773,38.689,54.4775,80.9315,80.9315,0.822569
5,774,38.689,54.4775,63.571,63.571,1
5,775,38.689,54.4775,74.7727,74.7727,0.748614
5,776,38.689,54.4775,73.5899,73.5899,1
5,777,38.689,54.4775,59.4785,59.4785,1
5,778,38.689,54.4775,79.565,79.565,0.595009
5,779,38.689,54.4775,93.2283,93.2283,0.702467
5,780,38.689,54.4775,106.792,106.792,0.704273
5,781,38.689,54.4775,114.714,114.714,0.814859
5,782,38.689,54.4775,103.077,103.077,1
5,783,38.689,54.4775,113.746,113.746,0.758988
5,784,38.689,54.4775,116.719,116.719,0.926043
5,785,38.689,54.4775,119.177,119.177,0.938444
5,786,38.689,54.4775,112.856,112.856,1
5,787,38.689,54.4775,135.036,112.856,0.563657
5,788,38.689,54.4775,99.8371,99.8371,1
5,789,38.689,54.4775,119.378,99.8371,0.603456
5,790,38.689,54.4775,104.09,104.09,0.895892
5,791,38.689,54.4775,93.4456,93.4456,1
5,792,38.689,54.4775,93.3015,93.3015,1
5,793,38.689,54.4775,71.0022,71.0022,1
5,794,38.689,54.4775,72.4957,72.4957,0.962132
5,795,38.689,54.4775,86.6538,86.6538,0.693541
5,796,38.689,54.4775,78.0223,78.0223,1
5,797,38.689,54.4775,56.9653,56.9653,1
5,798,38.689,54.4775,80.6312,56.9653,0.54243
5,799,38.689,54.4775,77.2349,56.9653,0.592201
5,800,38.689,54.4775,74.573,74.573,0.634379
5,801,38.689,54.4775,69.4782,69.4782,1
5,802,38.689,54.4775,94.1498,69.4782,0.528513
5,803,38.689,54.4775,78.9635,78.9635,0.782574
5,804,38.689,54.4775,60.8726,60.8726,1
5,805,38.689,54.4775,61.2924,61.2924,0.989207
5,806,38.689,54.4775,59.6531,59.6531,1
5,807,38.689,54.4775,57.8107,57.8107,1
5,808,38.689,54.4775,73.2599,73.2599,0.670778
5,809,38.689,54.4775,80.3106,80.3106,0.833401
5,810,38.689,54.4775,100.758,80.3106,0.589484
5,811,38.689,54.4775,70.1039,70.1039,1
5,812,38.689,54.4775,82.4859,70.1039,0.726121
5,813,38.689,54.4775,83.3685,83.3685,0.709744
5,814,38.689,54.4775,79.2905,79.2905,1
5,815,38.689,54.4775,57.8031,57.8031,1
5,816,38.689,54.4775,80.0532,57.8031,0.562648
5,817,38.689,54.4775,67.7357,67.7357,0.773578
5,818,38.689,54.4775,73.9028,73.9028,0.852654
5,819,38.689,54.4775,80.6336,80.6336,0.840321
5,820,38.689,54.4775,64.1423,64.1423,1
5,821,38.689,54.4775,79.1789,79.1789,0.677969
5,822,38.689,54.4775,101.512,101.512,0.561446
5,823,38.689,54.4775,122.456,122.456,0.581961
5,824,38.689,54.4775,102.045,102.045,1
5,825,38.689,54.4775,104.731,104.731,0.932936
5,826,38.689,54.4775,122.725,104.731,0.628078
5,827,38.689,54.4775,104.496,104.496,1
5,828,38.689,54.4775,126.247,104.496,0.569959
5,829,38.689,54.4775,80.5931,80.5931,1
5,830,38.689,54.4775,83.6718,80.5931,0.923508
5,831,38.689,54.4775,56.3748,56.3748,1
5,832,38.689,54.4775,63.7702,63.7702,0.826009
5,833,38.689,54.4775,75.8389,75.8389,0.732024
5,834,38.689,54.4775,79.052,79.052,0.920305
5,835,38.689,54.4775,98.1593,79.052,0.610261
5,836,38.689,54.4775,69.2977,69.2977,1
5,837,38.689,54.4775,87.4848,69.2977,0.624949
5,838,38.689,54.4775,63.2257,63.2257,1
5,839,38.689,54.4775,58.4856,58.4856,1
5,840,38.689,54.4775,60.3838,60.3838,0.95212
5,841,38.689,54.4775,61.9772,61.9772,0.959653
5,842,38.689,54.4775,84.8449,61.9772,0.553737
5,843,38.689,54.4775,83.0338,61.9772,0.580274
5,844,38.689,54.4775,67.0718,67.0718,0.87662
5,845,38.689,54.4775,74.8034,74.8034,0.818861
5,846,38.689,54.4775,66.7265,66.7265,1
5,847,38.689,54.4775,60.6062,60.6062,1
5,848,38.689,54.4775,83.5603,83.5603,0.552502
5,849,38.689,54.4775,84.6389,84.6389,0.972508
5,850,38.689,54.4775,97.9933,97.9933,0.708097
5,851,38.689,54.4775,77.6096,77.6096,1
5,852,38.689,54.4775,79.1598,79.1598,0.960724
5,853,38.689,54.4775,94.1116,94.1116,0.679458
5,854,38.689,54.4775,101.101,101.101,0.834721
5,855,38.689,54.4775,80.3916,80.3916,1
5,856,38.689,54.4775,64.7695,64.7695,1
5,857,38.689,54.4775,67.4825,67.4825,0.93228
5,858,38.689,54.4775,73.5786,73.5786,0.854221
5,859,38.689,54.4775,87.5846,87.5846,0.696271
5,860,38.689,54.4775,72.7204,72.7204,1
5,861,38.689,54.4775,84.8488,84.8488,0.730897
5,862,38.689,54.4775,85.6543,85.6543,0.979393
5,863,38.689,54.4775,110.215,110.215,0.53003
5,864,38.689,54.4775,86.0987,86.0987,1
5,865,38.689,54.4775,62.7884,62.7884,1
5,866,38.689,54.4775,83.4372,62.7884,0.586423
5,867,38.689,54.4775,56.1488,56.1488,1
5,868,38.689,54.4775,63.7876,63.7876,0.820827
5,869,38.689,54.4775,56.8155,56.8155,1
5,870,38.689,54.4775,65.144,65.144,0.806325
5,871,38.689,54.4775,89.4238,89.4238,0.533892
5,872,38.689,54.4775,67.0181,67.0181,1
5,873,38.689,54.4775,60.6004,60.6004,1
5,874,38.689,54.4775,63.287,63.287,0.932915
5,875,38.689,54.4775,63.3908,63.3908,0.997321
5,876,38.689,54.4775,80.1381,80.1381,0.648646
5,877,38.689,54.4775,102.26,102.26,0.564523
5,878,38.689,54.4775,121.992,121.992,0.60048
5,879,38.689,54.4775,113.132,113.132,1
5,880,38.689,54.4775,96.1639,96.1639,1
5,881,38.689,54.4775,109.47,96.1639,0.708979
5,882,38.689,54.4775,111.267,111.267,0.676813
5,883,38.689,54.4775,122.257,122.257,0.752715
5,884,38.689,54.4775,116.574,116.574,1
5,885,38.689,54.4775,131.925,131.925,0.672484
5,886,38.689,54.4775,115.704,115.704,1
5,887,38.689,54.4775,136.262,136.262,0.587813
5,888,38.689,54.4775,155.271,136.262,0.61181
5,889,38.689,54.4775,131.413,131.413,1
5,890,38.689,54.4775,116.263,116.263,1
5,891,38.689,54.4775,135.259,116.263,0.612007
5,892,38.689,54.4775,140.754,116.263,0.530984
5,893,38.689,54.4775,127.265,127.265,0.752485
5,894,38.689,54.4775,118.553,118.553,1
5,895,38.689,54.4775,100.644,100.644,1
5,896,38.689,54.4775,78.8946,78.8946,1
5,897,38.689,54.4775,100.421,78.8946,0.573276
5,898,38.689,54.4775,61.9081,61.9081,1
5,899,38.689,54.4775,65.1937,65.1937,0.918583
5,900,38.689,54.4775,60.3762,60.3762,1
5,901,36.7546,54.4775,79.7652,60.3762,0.590064
5,902,36.7546,54.4775,83.9485,83.9485,0.526584
5,903,36.7546,54.4775,103.107,83.9485,0.593769
5,904,36.7546,54.4775,100.109,100.109,0.644241
5,905,36.7546,54.4775,82.4688,82.4688,1
5,906,36.7546,54.4775,91.6887,91.6887,0.778137
5,907,36.7546,54.4775,114.333,91.6887,0.540051
5,908,36.7546,54.4775,91.8424,91.8424,0.995828
5,909,36.7546,54.4775,90.9114,90.9114,1
5,910,36.7546,54.4775,66.3446,66.3446,1
5,911,36.7546,54.4775,83.8274,66.3446,0.621472
5,912,36.7546,54.4775,55.6848,55.6848,1
5,913,36.7546,54.4775,61.4631,55.6848,0.854523
5,914,36.7546,54.4775,75.5084,75.5084,0.583128
5,915,36.7546,54.4775,72.1172,72.1172,1
5,916,36.7546,54.4775,90.5031,90.5031,0.60639
5,917,36.7546,54.4775,111.344,111.344,0.567211
5,918,36.7546,54.4775,119.883,119.883,0.792691
5,919,36.7546,54.4775,143.042,143.042,0.532539
5,920,36.7546,54.4775,125.575,125.575,1
5,921,36.7546,54.4775,131.741,131.741,0.845544
5,922,36.7546,54.4775,108.928,108.928,1
5,923,36.7546,54.4775,122.678,108.928,0.687901
5,924,36.7546,54.4775,102.853,102.853,1
5,925,36.7546,54.4775,117.733,117.733,0.667082
5,926,36.7546,54.4775,100.39,100.39,1
5,927,36.7546,54.4775,100.392,100.392,0.999954
5,928,36.7546,54.4775,112.221,112.221,0.724822
5,929,36.7546,54.4775,99.0572,99.0572,1
5,930,36.7546,54.4775,83.4317,83.4317,1
5,931,36.7546,54.4775,76.4359,76.4359,1
5,932,36.7546,54.4775,76.4418,76.4418,0.99984
5,933,36.7546,54.4775,66.0302,66.0302,1
5,934,36.7546,54.4775,68.7336,68.7336,0.929088
5,935,36.7546,54.4775,92.0156,92.0156,0.530759
5,936,36.7546,54.4775,116.245,92.0156,0.517248
5,937,36.7546,54.4775,82.7841,82.7841,1
5,938,36.7546,54.4775,103.393,103.393,0.570804
5,939,36.7546,54.4775,116.962,116.962,0.6913
5,940,36.7546,54.4775,108.434,108.434,1
5,941,36.7546,54.4775,85.0659,85.0659,1
5,942,36.7546,54.4775,66.9489,66.9489,1
5,943,36.7546,54.4775,68.8547,68.8547,0.949468
5,944,36.7546,54.4775,62.9055,62.9055,1
5,945,36.7546,54.4775,62.3298,62.3298,1
5,946,36.7546,54.4775,61.8562,61.8562,1
5,947,36.7546,54.4775,56.7353,56.7353,1
5,948,36.7546,54.4775,64.3744,56.7353,0.812335
5,949,36.7546,54.4775,60.8572,60.8572,0.893912
5,950,36.7546,54.4775,75.4986,75.4986,0.671424
5,951,36.7546,54.4775,79.8685,79.8685,0.887901
5,952,36.7546,54.4775,57.9604,57.9604,1
5,953,36.7546,54.4775,59.7758,57.9604,0.951807
5,954,36.7546,54.4775,73.8895,73.8895,0.648306
5,955,36.7546,54.4775,79.8071,79.8071,0.851292
5,956,36.7546,54.4775,97.0958,79.8071,0.624762
5,957,36.7546,54.4775,55.2537,55.2537,1
5,958,36.7546,54.4775,76.8448,55.2537,0.555748
5,959,36.7546,54.4775,62.9724,55.2537,0.81058
5,960,36.7546,54.4775,69.6781,69.6781,0.675398
5,961,36.7546,54.4775,76.5396,76.5396,0.829707
5,962,36.7546,54.4775,68.2809,68.2809,1
5,963,36.7546,54.4775,85.3966,85.3966,0.62771
5,964,36.7546,54.4775,96.588,96.588,0.7375
5,965,36.7546,54.4775,79.5018,79.5018,1
5,966,36.7546,54.4775,83.3971,83.3971,0.89944
5,967,36.7546,54.4775,107.564,107.564,0.518134
5,968,36.7546,54.4775,88.7235,88.7235,1
5,969,36.7546,54.4775,100.008,88.7235,0.735626
5,970,36.7546,54.4775,87.4253,87.4253,1
5,971,36.7546,54.4775,101.157,101.157,0.688249
5,972,36.7546,54.4775,89.5836,89.5836,1
5,973,36.7546,54.4775,100.693,100.693,0.739152
5,974,36.7546,54.4775,115.526,115.526,0.667925
5,975,36.7546,54.4775,105.192,105.192,1
5,976,36.7546,54.4775,111.396,111.396,0.844664
5,977,36.7546,54.4775,124.774,124.774,0.69492
5,978,36.7546,54.4775,137.242,124.774,0.712322
5,979,36.7546,54.4775,109.48,109.48,1
5,980,36.7546,54.4775,132.594,132.594,0.533195
5,981,36.7546,54.4775,111.124,111.124,1
5,982,36.7546,54.4775,110.864,110.864,1
5,983,36.7546,54.4775,100.695,100.695,1
5,984,36.7546,54.4775,97.0689,97.0689,1
5,985,36.7546,54.4775,88.9638,88.9638,1
5,986,36.7546,54.4775,66.5232,66.5232,1
5,987,36.7546,54.4775,78.028,66.5232,0.731239
5,988,36.7546,54.4775,85.4944,85.4944,0.596809
5,989,36.7546,54.4775,95.9079,95.9079,0.753275
5,990,36.7546,54.4775,106.937,95.9079,0.740766
5,991,36.7546,54.4775,101.882,95.9079,0.849992
5,992,36.7546,54.4775,90.2397,90.2397,1
5,993,36.7546,54.4775,104.164,90.2397,0.684658
5,994,36.7546,54.4775,88.5523,88.5523,1
5,995,36.7546,54.4775,80.2744,80.2744,1
5,996,36.7546,54.4775,62.9898,62.9898,1
5,997,36.7546,54.4775,56.992,56.992,1
5,998,36.7546,54.4775,69.3921,69.3921,0.713639
5,999,36.7546,54.4775,62.1056,62.1056,1
5,1000,36.7546,54.4775,84.2278,62.1056,0.547776
5,1001,36.7546,54.4775,79.2616,79.2616,0.627025
5,1002,36.7546,54.4775,73.5343,73.5343,1
5,1003,36.7546,54.4775,57.7913,57.7913,1
5,1004,36.7546,54.4775,54.9968,54.9968,1
5,1005,36.7546,54.4775,74.9705,54.9968,0.580751
5,1006,36.7546,54.4775,74.0218,54.9968,0.595936
5,1007,36.7546,54.4775,56.3594,56.3594,0.963606
5,1008,36.7546,54.4775,59.9656,59.9656,0.906543
5,1009,36.7546,54.4775,67.7627,67.7627,0.808853
5,1010,36.7546,54.4775,91.8692,91.8692,0.518987
5,1011,36.7546,54.4775,74.3562,74.3562,1
5,1012,36.7546,54.4775,72.2383,72.2383,1
5,1013,36.7546,54.4775,64.5263,64.5263,1
5,1014,36.7546,54.4775,88.5078,88.5078,0.520755
5,1015,36.7546,54.4775,68.6702,68.6702,1
5,1016,36.7546,54.4775,85.8002,85.8002,0.627468
5,1017,36.7546,54.4775,86.5099,86.5099,0.980876
5,1018,36.7546,54.4775,110.516,86.5099,0.520407
5,1019,36.7546,54.4775,64.154,64.154,1
5,1020,36.7546,54.4775,60.1667,60.1667,1
5,1021,36.7546,54.4775,68.8639,68.8639,0.789285
5,1022,36.7546,54.4775,63.8069,63.8069,1
5,1023,36.7546,54.4775,70.6012,70.6012,0.831225
5,1024,36.7546,54.4775,58.4163,58.4163,1
5,1025,36.7546,54.4775,79.5822,79.5822,0.562216
5,1026,36.7546,54.4775,73.9144,73.9144,1
5,1027,36.7546,54.4775,96.0642,73.9144,0.547365
5,1028,36.7546,54.4775,81.8689,81.8689,0.805395
5,1029,36.7546,54.4775,74.3253,74.3253,1
5,1030,36.7546,54.4775,97.3521,97.3521,0.534458
5,1031,36.7546,54.4775,117.103,117.103,0.584277
5,1032,36.7546,54.4775,107.259,107.259,1
5,1033,36.7546,54.4775,120.779,120.779,0.69222
5,1034,36.7546,54.4775,131.084,131.084,0.755513
5,1035,36.7546,54.4775,138.788,138.788,0.810902
5,1036,36.7546,54.4775,114.87,114.87,1
5,1037,36.7546,54.4775,106.528,106.528,1
5,1038,36.7546,54.4775,119.908,106.528,0.694878
5,1039,36.7546,54.4775,127.408,127.408,0.566604
5,1040,36.7546,54.4775,126.396,126.396,1
5,1041,36.7546,54.4775,141.935,126.396,0.655224
5,1042,36.7546,54.4775,112.47,112.47,1
5,1043,36.7546,54.4775,112.747,112.747,0.992469
5,1044,36.7546,54.4775,96.572,96.572,1
5,1045,36.7546,54.4775,72.82,72.82,1
5,1046,36.7546,54.4775,94.7564,94.7564,0.550552
5,1047,36.7546,54.4775,112.079,94.7564,0.624181
5,1048,36.7546,54.4775,98.1901,98.1901,0.91081
5,1049,36.7546,54.4775,103.567,103.567,0.863916
5,1050,36.7546,54.4775,119.488,103.567,0.648438
5,1051,34.9169,54.4775,79.8071,79.8071,1
5,1052,34.9169,54.4775,94.4893,94.4893,0.656725
5,1053,34.9169,54.4775,69.9983,69.9983,1
5,1054,34.9169,54.4775,77.8765,77.8765,0.798015
5,1055,34.9169,54.4775,73.1867,73.1867,1
5,1056,34.9169,54.4775,60.88,60.88,1
5,1057,34.9169,54.4775,75.445,60.88,0.658933
5,1058,34.9169,54.4775,75.8734,75.8734,0.650898
5,1059,34.9169,54.4775,93.1033,93.1033,0.610513
5,1060,34.9169,54.4775,72.6739,72.6739,1
5,1061,34.9169,54.4775,84.6217,84.6217,0.710222
5,1062,34.9169,54.4775,71.4513,71.4513,1
5,1063,34.9169,54.4775,78.2186,78.2186,0.823811
5,1064,34.9169,54.4775,95.3341,95.3341,0.612517
5,1065,34.9169,54.4775,111.836,95.3341,0.62337
5,1066,34.9169,54.4775,90.3954,90.3954,1
5,1067,34.9169,54.4775,107.866,107.866,0.606312
5,1068,34.9169,54.4775,86.1866,86.1866,1
5,1069,34.9169,54.4775,62.702,62.702,1
5,1070,34.9169,54.4775,83.6816,62.702,0.548348
5,1071,34.9169,54.4775,72.2134,72.2134,0.761549
5,1072,34.9169,54.4775,64.6853,64.6853,1
5,1073,34.9169,54.4775,62.0598,62.0598,1
5,1074,34.9169,54.4775,60.2666,60.2666,1
5,1075,34.9169,54.4775,74.381,74.381,0.667491
5,1076,34.9169,54.4775,89.4142,74.381,0.650157
5,1077,34.9169,54.4775,78.4048,78.4048,0.891153
5,1078,34.9169,54.4775,57.0803,57.0803,1
5,1079,34.9169,54.4775,69.6625,57.0803,0.697435
5,1080,34.9169,54.4775,61.511,61.511,0.880829
5,1081,34.9169,54.4775,66.2605,61.511,0.872823
5,1082,34.9169,54.4775,60.6807,60.6807,1
5,1083,34.9169,54.4775,81.0678,60.6807,0.557732
5,1084,34.9169,54.4775,76.6396,76.6396,0.633147
5,1085,34.9169,54.4775,60.6463,60.6463,1
5,1086,34.9169,54.4775,63.5246,63.5246,0.920873
5,1087,34.9169,54.4775,57.638,57.638,1
5,1088,34.9169,54.4775,68.7973,68.7973,0.726444
5,1089,34.9169,54.4775,59.5591,59.5591,1
5,1090,34.9169,54.4775,75.677,75.677,0.630269
5,1091,34.9169,54.4775,94.2022,75.677,0.588279
5,1092,34.9169,54.4775,96.449,96.449,0.551618
5,1093,34.9169,54.4775,74.4769,74.4769,1
5,1094,34.9169,54.4775,73.7436,73.7436,1
5,1095,34.9169,54.4775,78.935,78.935,0.861847
5,1096,34.9169,54.4775,103.312,103.312,0.497512
5,1097,34.9169,54.4775,94.7717,94.7717,1
5,1098,34.9169,54.4775,87.2622,87.2622,1
5,1099,34.9169,54.4775,110.026,87.2622,0.521029
5,1100,34.9169,54.4775,107.01,107.01,0.568034
5,1101,34.9169,54.4775,107.126,107.126,0.9967
5,1102,34.9169,54.4775,112.827,112.827,0.849354
5,1103,34.9169,54.4775,119.051,119.051,0.836726
5,1104,34.9169,54.4775,121.678,121.678,0.927519
5,1105,34.9169,54.4775,139.733,121.678,0.596264
5,1106,34.9169,54.4775,111.839,111.839,1
5,1107,34.9169,54.4775,135.523,111.839,0.507478
5,1108,34.9169,54.4775,108.37,108.37,1
5,1109,34.9169,54.4775,115.517,115.517,0.814921
5,1110,34.9169,54.4775,100.905,100.905,1
5,1111,34.9169,54.4775,82.584,82.584,1
5,1112,34.9169,54.4775,92.6255,82.584,0.750073
5,1113,34.9169,54.4775,103.53,103.53,0.548882
5,1114,34.9169,54.4775,107.645,107.645,0.888816
5,1115,34.9169,54.4775,127.787,107.645,0.56166
5,1116,34.9169,54.4775,131.799,107.645,0.5007
5,1117,34.9169,54.4775,92.6238,92.6238,1
5,1118,34.9169,54.4775,87.9482,87.9482,1
5,1119,34.9169,54.4775,66.6133,66.6133,1
5,1120,34.9169,54.4775,65.8898,65.8898,1
5,1121,34.9169,54.4775,56.5246,56.5246,1
5,1122,34.9169,54.4775,66.5941,66.5941,0.749472
5,1123,34.9169,54.4775,61.7317,61.7317,1
5,1124,34.9169,54.4775,63.0358,63.0358,0.963342
5,1125,34.9169,54.4775,58.6598,58.6598,1
5,1126,34.9169,54.4775,58.7538,58.7538,0.997312
5,1127,34.9169,54.4775,74.0738,58.7538,0.644837
5,1128,34.9169,54.4775,82.5991,82.5991,0.505141
5,1129,34.9169,54.4775,62.2936,62.2936,1
5,1130,34.9169,54.4775,85.2256,85.2256,0.51853
5,1131,34.9169,54.4775,61.2022,61.2022,1
5,1132,34.9169,54.4775,61.3635,61.3635,0.995392
5,1133,34.9169,54.4775,74.6824,74.6824,0.682872
5,1134,34.9169,54.4775,86.5348,86.5348,0.712164
5,1135,34.9169,54.4775,82.7802,82.7802,1
5,1136,34.9169,54.4775,95.234,82.7802,0.700004
5,1137,34.9169,54.4775,58.4259,58.4259,1
5,1138,34.9169,54.4775,78.4276,58.4259,0.563923
5,1139,34.9169,54.4775,70.8197,70.8197,0.701208
5,1140,34.9169,54.4775,92.2351,70.8197,0.541547
5,1141,34.9169,54.4775,76.0957,76.0957,0.859759
5,1142,34.9169,54.4775,98.4307,98.4307,0.527471
5,1143,34.9169,54.4775,80.958,80.958,1
5,1144,34.9169,54.4775,56.5322,56.5322,1
5,1145,34.9169,54.4775,68.5975,68.5975,0.707835
5,1146,34.9169,54.4775,88.7774,68.5975,0.561051
5,1147,34.9169,54.4775,78.7831,78.7831,0.746985
5,1148,34.9169,54.4775,56.5609,56.5609,1
5,1149,34.9169,54.4775,60.3951,60.3951,0.896004
5,1150,34.9169,54.4775,79.8111,79.8111,0.573461
5,1151,34.9169,54.4775,85.6793,85.6793,0.845303
5,1152,34.9169,54.4775,85.806,85.806,0.996376
5,1153,34.9169,54.4775,81.7385,81.7385,1
5,1154,34.9169,54.4775,79.11,79.11,1
5,1155,34.9169,54.4775,71.9598,71.9598,1
5,1156,34.9169,54.4775,57.2319,57.2319,1
5,1157,34.9169,54.4775,75.3087,57.2319,0.595883
5,1158,34.9169,54.4775,74.7941,57.2319,0.604731
5,1159,34.9169,54.4775,61.6605,61.6605,0.88088
5,1160,34.9169,54.4775,62.1268,62.1268,0.986735
5,1161,34.9169,54.4775,70.9233,70.9233,0.777302
5,1162,34.9169,54.4775,57.1568,57.1568,1
5,1163,34.9169,54.4775,70.1522,70.1522,0.68923
5,1164,34.9169,54.4775,54.4965,54.4965,1
5,1165,34.9169,54.4775,68.9947,68.9947,0.660194
5,1166,34.9169,54.4775,80.9696,80.9696,0.70967
5,1167,34.9169,54.4775,65.42,65.42,1
5,1168,34.9169,54.4775,85.56,65.42,0.561694
5,1169,34.9169,54.4775,85.5484,85.5484,0.56188
5,1170,34.9169,54.4775,84.7237,84.7237,1
5,1171,34.9169,54.4775,66.2699,66.2699,1
5,1172,34.9169,54.4775,77.9168,77.9168,0.716369
5,1173,34.9169,54.4775,89.8145,89.8145,0.711241
5,1174,34.9169,54.4775,103.934,103.934,0.667384
5,1175,34.9169,54.4775,81.3617,81.3617,1
5,1176,34.9169,54.4775,75.4968,75.4968,1
5,1177,34.9169,54.4775,62.2014,62.2014,1
5,1178,34.9169,54.4775,79.6402,62.2014,0.60687
5,1179,34.9169,54.4775,67.9812,67.9812,0.847444
5,1180,34.9169,54.4775,78.2971,67.9812,0.744202
5,1181,34.9169,54.4775,85.4236,67.9812,0.606809
5,1182,34.9169,54.4775,74.2022,74.2022,0.836803
5,1183,34.9169,54.4775,74.2678,74.2678,0.998124
5,1184,34.9169,54.4775,58.4701,58.4701,1
5,1185,34.9169,54.4775,69.1213,69.1213,0.737091
5,1186,34.9169,54.4775,84.8618,84.8618,0.637118
5,1187,34.9169,54.4775,81.533,81.533,1
5,1188,34.9169,54.4775,72.8547,72.8547,1
5,1189,34.9169,54.4775,79.2692,79.2692,0.832179
5,1190,34.9169,54.4775,73.6573,73.6573,1
5,1191,34.9169,54.4775,58.9416,58.9416,1
5,1192,34.9169,54.4775,57.4023,57.4023,1
5,1193,34.9169,54.4775,80.4756,80.4756,0.516434
5,1194,34.9169,54.4775,82.3805,82.3805,0.946908
5,1195,34.9169,54.4775,63.6244,63.6244,1
5,1196,34.9169,54.4775,87.8233,87.8233,0.500052
5,1197,34.9169,54.4775,66.4598,66.4598,1
5,1198,34.9169,54.4775,88.2656,66.4598,0.535527
5,1199,34.9169,54.4775,60.3759,60.3759,1
5,1200,34.9169,54.4775,67.1139,60.3759,0.824503
5,1201,33.171,54.4775,57.8642,57.8642,1
5,1202,33.171,54.4775,61.883,61.883,0.885898
5,1203,33.171,54.4775,67.0565,67.0565,0.855589
5,1204,33.171,54.4775,64.95,64.95,1
5,1205,33.171,54.4775,73.7568,64.95,0.766824
5,1206,33.171,54.4775,62.0498,62.0498,1
5,1207,33.171,54.4775,70.9292,70.9292,0.765148
5,1208,33.171,54.4775,56.1142,56.1142,1
5,1209,33.171,54.4775,58.1136,58.1136,0.941505
5,1210,33.171,54.4775,77.4634,58.1136,0.558034
5,1211,33.171,54.4775,63.9678,63.9678,0.83821
5,1212,33.171,54.4775,64.8984,64.8984,0.972336
5,1213,33.171,54.4775,68.5093,68.5093,0.896859
5,1214,33.171,54.4775,58.014,58.014,1
5,1215,33.171,54.4775,73.4768,58.014,0.627411
5,1216,33.171,54.4775,57.3735,57.3735,1
5,1217,33.171,54.4775,60.094,60.094,0.921259
5,1218,33.171,54.4775,64.4302,60.094,0.87746
5,1219,33.171,54.4775,59.4553,59.4553,1
5,1220,33.171,54.4775,72.2459,72.2459,0.680046
5,1221,33.171,54.4775,57.5595,57.5595,1
5,1222,33.171,54.4775,58.2496,58.2496,0.979411
5,1223,33.171,54.4775,79.8821,79.8821,0.520923
5,1224,33.171,54.4775,64.4208,64.4208,1
5,1225,33.171,54.4775,69.5722,69.5722,0.856158
5,1226,33.171,54.4775,89.5103,89.5103,0.548226
5,1227,33.171,54.4775,96.1523,96.1523,0.818537
5,1228,33.171,54.4775,78.885,78.885,1
5,1229,33.171,54.4775,58.7826,58.7826,1
5,1230,33.171,54.4775,73.3249,73.3249,0.645066
5,1231,33.171,54.4775,56.7468,56.7468,1
5,1232,33.171,54.4775,57.2969,57.2969,0.983552
5,1233,33.171,54.4775,77.9612,57.2969,0.536353
5,1234,33.171,54.4775,72.1114,72.1114,0.639794
5,1235,33.171,54.4775,56.5703,56.5703,1
5,1236,33.171,54.4775,57.8261,57.8261,0.96285
5,1237,33.171,54.4775,60.2896,60.2896,0.928423
5,1238,33.171,54.4775,65.4047,65.4047,0.857099
5,1239,33.171,54.4775,59.9273,59.9273,1
5,1240,33.171,54.4775,77.475,59.9273,0.589191
5,1241,33.171,54.4775,76.5436,76.5436,0.605969
5,1242,33.171,54.4775,75.4642,75.4642,1
5,1243,33.171,54.4775,76.3322,76.3322,0.974173
5,1244,33.171,54.4775,87.3445,87.3445,0.717497
5,1245,33.171,54.4775,69.8582,69.8582,1
5,1246,33.171,54.4775,72.747,72.747,0.916595
5,1247,33.171,54.4775,94.8471,72.747,0.513633
5,1248,33.171,54.4775,80.1628,80.1628,0.799666
5,1249,33.171,54.4775,56.5932,56.5932,1
5,1250,33.171,54.4775,67.7357,67.7357,0.714688
5,1251,33.171,54.4775,82.8975,82.8975,0.63313
5,1252,33.171,54.4775,102.542,102.542,0.553091
5,1253,33.171,54.4775,96.8169,96.8169,1
5,1254,33.171,54.4775,107.51,107.51,0.72444
5,1255,33.171,54.4775,100.876,100.876,1
5,1256,33.171,54.4775,82.2477,82.2477,1
5,1257,33.171,54.4775,82.9147,82.9147,0.980094
5,1258,33.171,54.4775,74.69,74.69,1
5,1259,33.171,54.4775,96.9613,74.69,0.510988
5,1260,33.171,54.4775,57.7089,57.7089,1
5,1261,33.171,54.4775,65.1148,65.1148,0.799903
5,1262,33.171,54.4775,81.4902,81.4902,0.610385
5,1263,33.171,54.4775,94.6006,94.6006,0.67352
5,1264,33.171,54.4775,70.7814,70.7814,1
5,1265,33.171,54.4775,71.8641,71.8641,0.967887
5,1266,33.171,54.4775,76.9161,76.9161,0.85873
5,1267,33.171,54.4775,59.3211,59.3211,1
5,1268,33.171,54.4775,60.7767,60.7767,0.957068
5,1269,33.171,54.4775,68.1598,60.7767,0.800453
5,1270,33.171,54.4775,57.7531,57.7531,1
5,1271,33.171,54.4775,75.1415,75.1415,0.592027
5,1272,33.171,54.4775,83.4298,83.4298,0.778904
5,1273,33.171,54.4775,101.07,83.4298,0.587541
5,1274,33.171,54.4775,81.0198,81.0198,1
5,1275,33.171,54.4775,101.481,81.0198,0.539648
5,1276,33.171,54.4775,97.1384,97.1384,0.615128
5,1277,33.171,54.4775,118.315,97.1384,0.528136
5,1278,33.171,54.4775,88.9142,88.9142,1
5,1279,33.171,54.4775,71.793,71.793,1
5,1280,33.171,54.4775,72.0062,72.0062,0.993594
5,1281,33.171,54.4775,92.6969,72.0062,0.535927
5,1282,33.171,54.4775,57.4905,57.4905,1
5,1283,33.171,54.4775,79.8705,79.8705,0.509316
5,1284,33.171,54.4775,61.5149,61.5149,1
5,1285,33.171,54.4775,56.1696,56.1696,1
5,1286,33.171,54.4775,65.1805,56.1696,0.762122
5,1287,33.171,54.4718,54.4718,54.4718,1
5,1288,33.171,54.4718,73.7956,73.7956,0.558471
5,1289,33.171,54.4718,79.2694,73.7956,0.847879
5,1290,33.171,54.4718,56.8773,56.8773,1
5,1291,33.171,54.4718,78.4278,56.8773,0.522214
5,1292,33.171,54.4718,75.0224,56.8773,0.578674
5,1293,33.171,54.4718,63.5132,56.8773,0.818689
5,1294,33.171,54.4718,70.7852,56.8773,0.657522
5,1295,33.171,54.4718,66.5094,66.5094,0.747981
5,1296,33.171,54.4718,88.4851,66.5094,0.515563
5,1297,33.171,54.4718,65.1206,65.1206,1
5,1298,33.171,54.4718,57.9008,57.9008,1
5,1299,33.171,54.4718,67.494,67.494,0.748858
5,1300,33.171,54.4718,91.5942,67.494,0.483578
5,1301,33.171,54.4718,69.0559,67.494,0.954006
5,1302,33.171,54.4718,89.0333,89.0333,0.522391
5,1303,33.171,54.4718,75.2433,75.2433,1
5,1304,33.171,54.4718,69.3247,69.3247,1
5,1305,33.171,54.4718,68.9275,68.9275,1
5,1306,33.171,54.4718,55.6311,55.6311,1
5,1307,33.171,54.4718,77.7092,77.7092,0.513972
5,1308,33.171,54.4718,83.9817,83.9817,0.827709
5,1309,33.171,54.4718,63.4041,63.4041,1
5,1310,33.171,54.4718,84.2854,84.2854,0.532857
5,1311,33.171,54.4718,61.3098,61.3098,1
5,1312,33.171,54.4718,74.867,61.3098,0.66451
5,1313,33.171,54.4718,74.6212,61.3098,0.669451
5,1314,33.171,54.4718,67.7686,67.7686,0.823072
5,1315,33.171,54.4718,59.258,59.258,1
5,1316,33.171,54.4718,72.5495,59.258,0.669853
5,1317,33.171,54.4718,74.5844,59.258,0.629994
5,1318,33.171,54.4718,74.615,59.258,0.629414
5,1319,33.171,54.4718,71.8333,71.8333,0.684472
5,1320,33.171,54.4718,90.9878,90.9878,0.561331
5,1321,33.171,54.4718,99.9931,99.9931,0.76225
5,1322,33.171,54.4718,80.941,80.941,1
5,1323,33.171,54.4718,75.1586,75.1586,1
5,1324,33.171,54.4718,74.4944,74.4944,1
5,1325,33.171,54.4718,71.5725,71.5725,1
5,1326,33.171,54.4718,73.9509,73.9509,0.930807
5,1327,33.171,54.4718,55.0696,55.0696,1
5,1328,33.171,54.4718,79.2768,79.2768,0.482019
5,1329,33.171,54.4718,83.728,83.728,0.874426
5,1330,33.171,54.4718,59.4862,59.4862,1
5,1331,33.171,54.4718,71.7681,59.4862,0.690555
5,1332,33.171,54.4718,78.5871,78.5871,0.562237
5,1333,33.171,54.4718,59.4402,59.4402,1
5,1334,33.171,54.4718,55.6503,55.6503,1
5,1335,33.171,54.4718,73.16,55.6503,0.589867
5,1336,33.171,54.4718,73.304,55.6503,0.587311
5,1337,33.171,54.4718,67.7299,67.7299,0.69478
5,1338,33.171,54.4718,87.3483,87.3483,0.553535
5,1339,33.171,54.4718,89.8856,89.8856,0.92636
5,1340,33.171,54.4718,95.4204,95.4204,0.846319
5,1341,33.171,54.4718,79.0657,79.0657,1
5,1342,33.171,54.4718,83.5972,83.5972,0.872311
5,1343,33.171,54.4718,64.8059,64.8059,1
5,1344,33.171,54.4718,58.2322,58.2322,1
5,1345,33.171,54.4718,74.8168,74.8168,0.606546
5,1346,33.171,54.4718,88.9465,88.9465,0.653139
5,1347,33.171,54.4718,68.4439,68.4439,1
5,1348,33.171,54.4718,59.9024,59.9024,1
5,1349,33.171,54.4718,59.6624,59.6624,1
5,1350,33.171,54.4718,74.2851,74.2851,0.643505
5,1351,31.5125,54.4718,69.5088,69.5088,1
5,1352,31.5125,54.4718,80.3354,69.5088,0.709236
5,1353,31.5125,54.4718,84.0276,69.5088,0.630821
5,1354,31.5125,54.4718,64.983,64.983,1
5,1355,31.5125,54.4718,60.6289,60.6289,1
5,1356,31.5125,54.4718,57.8565,57.8565,1
5,1357,31.5125,54.4718,80.2782,80.2782,0.490898
5,1358,31.5125,54.4718,71.2769,71.2769,1
5,1359,31.5125,54.4718,86.3659,71.2769,0.61951
5,1360,31.5125,54.4718,72.7109,72.7109,0.955514
5,1361,31.5125,54.4718,66.7802,66.7802,1
5,1362,31.5125,54.4718,63.6264,63.6264,1
5,1363,31.5125,54.4718,81.3788,81.3788,0.5693
5,1364,31.5125,54.4718,66.7361,66.7361,1
5,1365,31.5125,54.4718,68.6799,68.6799,0.94018
5,1366,31.5125,54.4718,57.3889,57.3889,1
5,1367,31.5125,54.4718,56.2848,56.2848,1
5,1368,31.5125,54.4718,77.6786,77.6786,0.507175
5,1369,31.5125,54.4718,61.0758,61.0758,1
5,1370,31.5125,54.4718,61.5725,61.5725,0.984364
5,1371,31.5125,54.4718,70.1329,70.1329,0.762119
5,1372,31.5125,54.4718,79.5729,79.5729,0.741142
5,1373,31.5125,54.4718,92.5214,79.5729,0.663053
5,1374,31.5125,54.4718,88.9369,88.9369,0.74293
5,1375,31.5125,54.4718,92.4156,92.4156,0.895483
5,1376,31.5125,54.4718,88.8855,88.8855,1
5,1377,31.5125,54.4718,105.927,88.8855,0.582294
5,1378,31.5125,54.4718,105.891,105.891,0.582947
5,1379,31.5125,54.4718,124.646,105.891,0.551481
5,1380,31.5125,54.4718,124.031,124.031,0.562352
5,1381,31.5125,54.4718,148.293,124.031,0.463048
5,1382,31.5125,54.4718,121.087,121.087,1
5,1383,31.5125,54.4718,126.39,126.39,0.845114
5,1384,31.5125,54.4718,120.667,120.667,1
5,1385,31.5125,54.4718,114.205,114.205,1
5,1386,31.5125,54.4718,138.128,114.205,0.468061
5,1387,31.5125,54.4718,110.447,110.447,1
5,1388,31.5125,54.4718,114.798,114.798,0.871016
5,1389,31.5125,54.4718,97.0249,97.0249,1
5,1390,31.5125,54.4718,87.2577,87.2577,1
5,1391,31.5125,54.4718,76.5838,76.5838,1
5,1392,31.5125,54.4718,79.402,79.402,0.914449
5,1393,31.5125,54.4718,65.7401,65.7401,1
5,1394,31.5125,54.4718,62.2629,62.2629,1
5,1395,31.5125,54.4718,73.4749,73.4749,0.700616
5,1396,31.5125,54.4718,74.6922,74.6922,0.962106
5,1397,31.5125,54.4718,79.6248,79.6248,0.855108
5,1398,31.5125,54.4718,97.4775,97.4775,0.567491
5,1399,31.5125,54.4718,84.2718,84.2718,1
5,1400,31.5125,54.4718,67.2121,67.2121,1
5,1401,31.5125,54.4718,64.9212,64.9212,1
5,1402,31.5125,54.4718,83.5182,83.5182,0.554245
5,1403,31.5125,54.4718,65.2437,65.2437,1
5,1404,31.5125,54.4718,69.4895,69.4895,0.873947
5,1405,31.5125,54.4718,64.5894,64.5894,1
5,1406,31.5125,54.4718,69.4819,69.4819,0.856196
5,1407,31.5125,54.4718,56.8637,56.8637,1
5,1408,31.5125,54.4718,55.7289,55.7289,1
5,1409,31.5125,54.4718,73.2,73.2,0.574406
5,1410,31.5125,54.4718,57.661,57.661,1
5,1411,31.5125,54.4718,71.9102,71.9102,0.636243
5,1412,31.5125,54.4718,55.2748,55.2748,1
5,1413,31.5125,54.4718,72.1019,72.1019,0.586266
5,1414,31.5125,54.4718,58.5201,58.5201,1
5,1415,31.5125,54.4718,59.5437,59.5437,0.968039
5,1416,31.5125,54.4718,74.6152,74.6152,0.619854
5,1417,31.5125,54.4718,87.4232,87.4232,0.666015
5,1418,31.5125,54.4718,67.5343,67.5343,1
5,1419,31.5125,54.4718,64.5837,64.5837,1
5,1420,31.5125,54.4718,71.2476,71.2476,0.809395
5,1421,31.5125,54.4718,63.5036,63.5036,1
5,1422,31.5125,54.4718,64.8177,64.8177,0.959157
5,1423,31.5125,54.4718,59.7527,59.7527,1
5,1424,31.5125,54.4718,73.6534,59.7527,0.643317
5,1425,31.5125,54.4718,70.3839,70.3839,0.713648
5,1426,31.5125,54.4718,91.6674,91.6674,0.508953
5,1427,31.5125,54.4718,98.7873,98.7873,0.797766
5,1428,31.5125,54.4718,116.508,116.508,0.56987
5,1429,31.5125,54.4718,122.98,122.98,0.814341
5,1430,31.5125,54.4718,126.469,126.469,0.895185
5,1431,31.5125,54.4718,148.781,126.469,0.492612
5,1432,31.5125,54.4718,147.984,126.469,0.505225
5,1433,31.5125,54.4718,102.396,102.396,1
5,1434,31.5125,54.4718,82.6535,82.6535,1
5,1435,31.5125,54.4718,95.3323,95.3323,0.668753
5,1436,31.5125,54.4718,80.4184,80.4184,1
5,1437,31.5125,54.4718,76.8716,76.8716,1
5,1438,31.5125,54.4718,83.8063,83.8063,0.80247
5,1439,31.5125,54.4718,80.7236,80.7236,1
5,1440,31.5125,54.4718,100.567,80.7236,0.532751
5,1441,31.5125,54.4718,86.4793,86.4793,0.833061
5,1442,31.5125,54.4718,105.006,105.006,0.555476
5,1443,31.5125,54.4718,82.1728,82.1728,1
5,1444,31.5125,54.4718,95.3306,95.3306,0.658663
5,1445,31.5125,54.4718,91.0321,91.0321,1
5,1446,31.5125,54.4718,74.9205,74.9205,1
5,1447,31.5125,54.4718,72.3707,72.3707,1
5,1448,31.5125,54.4718,61.699,61.699,1
5,1449,31.5125,54.4718,61.2255,61.2255,1
5,1450,31.5125,54.4718,82.4935,82.4935,0.509203
5,1451,31.5125,54.4718,71.6356,71.6356,1
5,1452,31.5125,54.4718,83.4935,83.4935,0.686401
5,1453,31.5125,54.4718,88.1676,88.1676,0.86215
5,1454,31.5125,54.4718,84.1087,84.1087,1
5,1455,31.5125,54.4718,106.498,84.1087,0.491411
5,1456,31.5125,54.4718,77.0774,77.0774,1
5,1457,31.5125,54.4718,65.8441,65.8441,1
5,1458,31.5125,54.4718,60.6769,60.6769,1
5,1459,31.5125,54.4718,83.4527,60.6769,0.485413
5,1460,31.5125,54.4718,82.4093,60.6769,0.501754
5,1461,31.5125,54.4718,57.6938,57.6938,1
5,1462,31.5125,54.4718,72.3594,72.3594,0.62789
5,1463,31.5125,54.4718,90.9781,72.3594,0.553863
5,1464,31.5125,54.4718,74.6288,74.6288,0.930516
5,1465,31.5125,54.4718,65.3148,65.3148,1
5,1466,31.5125,54.4718,77.0233,77.0233,0.689663
5,1467,31.5125,54.4718,90.2125,90.2125,0.658009
5,1468,31.5125,54.4718,108.544,108.544,0.55893
5,1469,31.5125,54.4718,117.656,108.544,0.748908
5,1470,31.5125,54.4718,102.712,102.712,1
5,1471,31.5125,54.4718,110.871,110.871,0.771889
5,1472,31.5125,54.4718,113.006,113.006,0.934494
5,1473,31.5125,54.4718,90.7529,90.7529,1
5,1474,31.5125,54.4718,79.6188,79.6188,1
5,1475,31.5125,54.4718,59.1353,59.1353,1
5,1476,31.5125,54.4718,75.0222,59.1353,0.604021
5,1477,31.5125,54.4718,82.1016,59.1353,0.482488
5,1478,31.5125,54.4718,60.1306,60.1306,0.968912
5,1479,31.5125,54.4718,58.3455,58.3455,1
5,1480,31.5125,54.4718,60.8722,60.8722,0.922948
5,1481,31.5125,54.4718,61.4882,61.4882,0.980643
5,1482,31.5125,54.4718,72.3591,72.3591,0.708241
5,1483,31.5125,54.4718,56.1849,56.1849,1
5,1484,31.5125,54.4718,67.8066,56.1849,0.691566
5,1485,31.5125,54.4718,55.9378,55.9378,1
5,1486,31.5125,54.4718,73.033,73.033,0.581299
5,1487,31.5125,54.4718,82.3359,82.3359,0.744373
5,1488,31.5125,54.4718,81.5789,81.5789,1
5,1489,31.5125,54.4718,97.8666,81.5789,0.596386
5,1490,31.5125,54.4718,96.5995,96.5995,0.620855
5,1491,31.5125,54.4718,111.95,111.95,0.614388
5,1492,31.5125,54.4718,107.755,107.755,1
5,1493,31.5125,54.4718,120.047,107.755,0.677009
5,1494,31.5125,54.4718,96.0446,96.0446,1
5,1495,31.5125,54.4718,89.8663,89.8663,1
5,1496,31.5125,54.4718,94.7582,94.7582,0.85621
5,1497,31.5125,54.4718,90.9724,90.9724,1
5,1498,31.5125,54.4718,97.5966,97.5966,0.810415
5,1499,31.5125,54.4718,75.5909,75.5909,1
5,1500,31.5125,54.4718,90.1723,90.1723,0.629569
5,1501,29.9368,54.4718,98.61,98.61,0.754388
5,1502,29.9368,54.4718,78.1108,78.1108,1
5,1503,29.9368,54.4718,79.1733,79.1733,0.965131
5,1504,29.9368,54.4718,67.0547,67.0547,1
5,1505,29.9368,54.4718,77.0374,77.0374,0.716442
5,1506,29.9368,54.4718,55.7825,55.7825,1
5,1507,29.9368,54.4718,67.3962,55.7825,0.678455
5,1508,29.9368,54.4718,59.9312,59.9312,0.870593
5,1509,29.9368,54.4718,75.9229,75.9229,0.586148
5,1510,29.9368,54.4718,56.7887,56.7887,1
5,1511,29.9368,54.4718,74.6884,74.6884,0.549957
5,1512,29.9368,54.4718,61.425,61.425,1
5,1513,29.9368,54.4718,67.8108,67.8108,0.807906
5,1514,29.9368,54.4718,64.1887,64.1887,1
5,1515,29.9368,54.4718,65.7598,64.1887,0.948872
5,1516,29.9368,54.4718,55.3111,55.3111,1
5,1517,29.9368,54.4718,64.8083,64.8083,0.728155
5,1518,29.9368,54.4718,54.6787,54.6787,1
5,1519,29.9368,54.4718,59.1661,59.1661,0.8608
5,1520,29.9368,54.4718,60.1822,60.1822,0.966629
5,1521,29.9368,54.4718,76.5569,60.1822,0.578698
5,1522,29.9368,54.4718,66.8896,60.1822,0.799273
5,1523,29.9368,54.4718,58.679,58.679,1
5,1524,29.9368,54.4718,61.3901,61.3901,0.913419
5,1525,29.9368,54.4718,79.5017,79.5017,0.546078
5,1526,29.9368,54.4718,63.5824,63.5824,1
5,1527,29.9368,54.4718,55.3035,55.3035,1
5,1528,29.9368,54.4718,65.4681,65.4681,0.712102
5,1529,29.9368,54.4718,85.1601,65.4681,0.517998
5,1530,29.9368,54.4718,61.7412,61.7412,1
5,1531,29.9368,54.4718,67.7224,67.7224,0.8189
5,1532,29.9368,54.4718,89.0448,67.7224,0.490541
5,1533,29.9368,54.4718,57.1991,57.1991,1
5,1534,29.9368,54.4718,64.3824,64.3824,0.786668
5,1535,29.9368,54.4718,84.841,64.3824,0.504901
5,1536,29.9368,54.4718,66.2948,66.2948,0.938116
5,1537,29.9368,54.4718,70.1386,70.1386,0.879504
5,1538,29.9368,54.4718,66.7766,66.7766,1
5,1539,29.9368,54.4718,75.1145,75.1145,0.756905
5,1540,29.9368,54.4718,87.3946,87.3946,0.663516
5,1541,29.9368,54.4718,99.1628,87.3946,0.674961
5,1542,29.9368,54.4718,104.615,87.3946,0.562573
5,1543,29.9368,54.4718,89.5218,89.5218,0.93141
5,1544,29.9368,54.4718,98.6137,98.6137,0.738081
5,1545,29.9368,54.4718,108.656,108.656,0.715018
5,1546,29.9368,54.4718,105.232,105.232,1
5,1547,29.9368,54.4718,126.835,126.835,0.485972
5,1548,29.9368,54.4718,126.239,126.239,1
5,1549,29.9368,54.4718,124.816,124.816,1
5,1550,29.9368,54.4718,132.429,124.816,0.775467
5,1551,29.9368,54.4718,138.1,138.1,0.641635
5,1552,29.9368,54.4718,117.283,117.283,1
5,1553,29.9368,54.4718,140.051,117.283,0.467418
5,1554,29.9368,54.4718,127.199,127.199,0.718037
5,1555,29.9368,54.4718,115.017,115.017,1
5,1556,29.9368,54.4718,119.084,119.084,0.872971
5,1557,29.9368,54.4718,134.958,134.958,0.588453
5,1558,29.9368,54.4718,140.853,140.853,0.821254
5,1559,29.9368,54.4718,143.086,143.086,0.928128
5,1560,29.9368,54.4718,129.102,129.102,1
5,1561,29.9368,54.4718,150.546,150.546,0.488556
5,1562,29.9368,54.4718,144.153,144.153,1
5,1563,29.9368,54.4718,152.724,152.724,0.751042
5,1564,29.9368,54.4718,156.99,152.724,0.867196
5,1565,29.9368,54.4718,132.638,132.638,1
5,1566,29.9368,54.4718,149.55,132.638,0.568403
5,1567,29.9368,54.4718,126.581,126.581,1
5,1568,29.9368,54.4718,140.209,126.581,0.634319
5,1569,29.9368,54.4718,129.997,129.997,0.892162
5,1570,29.9368,54.4718,149.096,129.997,0.52836
5,1571,29.9368,54.4718,139.242,129.997,0.734327
5,1572,29.9368,54.4718,144.633,129.997,0.613308
5,1573,29.9368,54.4718,126.384,126.384,1
5,1574,29.9368,54.4718,118.634,118.634,1
5,1575,29.9368,54.4718,106.035,106.035,1
5,1576,29.9368,54.4718,85.8099,85.8099,1
5,1577,29.9368,54.4718,69.4917,69.4917,1
5,1578,29.9368,54.4718,92.2678,69.4917,0.467289
5,1579,29.9368,54.4718,83.4952,83.4952,0.626397
5,1580,29.9368,54.4718,106.49,106.49,0.46389
5,1581,29.9368,54.4718,117.227,117.227,0.698625
5,1582,29.9368,54.4718,136.413,136.413,0.526823
5,1583,29.9368,54.4718,147.449,147.449,0.691656
5,1584,29.9368,54.4718,136.885,136.885,1
5,1585,29.9368,54.4718,123.66,123.66,1
5,1586,29.9368,54.4718,121.955,121.955,1
5,1587,29.9368,54.4718,122.366,122.366,0.986393
5,1588,29.9368,54.4718,99.0396,99.0396,1
5,1589,29.9368,54.4718,110.835,99.0396,0.674349
5,1590,29.9368,54.4718,102.649,102.649,0.886423
5,1591,29.9368,54.4718,80.8503,80.8503,1
5,1592,29.9368,54.4718,88.337,88.337,0.778738
5,1593,29.9368,54.4718,102.997,102.997,0.612803
5,1594,29.9368,54.4718,115.243,102.997,0.664289
5,1595,29.9368,54.4718,110.184,102.997,0.786584
5,1596,29.9368,54.4718,79.4248,79.4248,1
5,1597,29.9368,54.4718,81.7229,81.7229,0.926109
5,1598,29.9368,54.4718,65.7579,65.7579,1
5,1599,29.9368,54.4718,86.51,65.7579,0.499975
5,1600,29.9368,54.4718,65.7249,65.7249,1
5,1601,29.9368,54.4718,57.8261,57.8261,1
5,1602,29.9368,54.4718,81.2426,81.2426,0.457401
5,1603,29.9368,54.4718,65.3719,65.3719,1
5,1604,29.9368,54.4718,89.2834,89.2834,0.449899
5,1605,29.9368,54.4718,90.4373,90.4373,0.96219
5,1606,29.9368,54.4718,66.5095,66.5095,1
5,1607,29.9368,54.4718,64.693,64.693,1
5,1608,29.9368,54.4718,64.8982,64.8982,0.993169
5,1609,29.9368,54.4718,67.596,67.596,0.913826
5,1610,29.9368,54.4718,70.44,70.44,0.909373
5,1611,29.9368,54.4718,56.5568,56.5568,1
5,1612,29.9368,54.4718,71.7871,71.7871,0.601248
5,1613,29.9368,54.4718,90.8533,90.8533,0.52894
5,1614,29.9368,54.4718,110.817,110.817,0.513316
5,1615,29.9368,54.4718,116.639,116.639,0.823263
5,1616,29.9368,54.4718,130.013,130.013,0.639718
5,1617,29.9368,54.4718,121.433,121.433,1
5,1618,29.9368,54.4718,143.739,121.433,0.474683
5,1619,29.9368,54.4718,108.12,108.12,1
5,1620,29.9368,54.4718,114.578,108.12,0.80594
5,1621,29.9368,54.4718,96.7322,96.7322,1
5,1622,29.9368,54.4718,94.3965,94.3965,1
5,1623,29.9368,54.4718,109.935,109.935,0.595086
5,1624,29.9368,54.4718,91.0842,91.0842,1
5,1625,29.9368,54.4718,111.987,91.0842,0.497467
5,1626,29.9368,54.4718,89.9775,89.9775,1
5,1627,29.9368,54.4718,90.1818,89.9775,0.993201
5,1628,29.9368,54.4718,85.4218,85.4218,1
5,1629,29.9368,54.4718,63.9622,63.9622,1
5,1630,29.9368,54.4718,70.8176,70.8176,0.795331
5,1631,29.9368,54.4718,71.2018,71.2018,0.98725
5,1632,29.9368,54.4718,89.447,89.447,0.543646
5,1633,29.9368,54.4718,101.413,101.413,0.670507
5,1634,29.9368,54.4718,106.372,106.372,0.847364
5,1635,29.9368,54.4718,118.533,118.533,0.666144
5,1636,29.9368,54.4718,124.981,124.981,0.806242
5,1637,29.9368,54.4718,100.891,100.891,1
5,1638,29.9368,54.4718,94.4157,94.4157,1
5,1639,29.9368,54.4718,76.1765,76.1765,1
5,1640,29.9368,54.4718,71.9948,71.9948,1
5,1641,29.9368,54.4718,91.3244,71.9948,0.524305
5,1642,29.9368,54.4718,54.7841,54.7841,1
5,1643,29.9368,54.4718,76.1479,76.1479,0.489863
5,1644,29.9368,54.4718,71.0385,71.0385,1
5,1645,29.9368,54.4718,91.3286,71.0385,0.507752
5,1646,29.9368,54.4718,70.8929,70.8929,1
5,1647,29.9368,54.4718,65.468,65.468,1
5,1648,29.9368,54.4718,74.8284,74.8284,0.731491
5,1649,29.9368,54.4718,92.0654,92.0654,0.562265
5,1650,29.9368,54.4718,70.6471,70.6471,1
5,1651,28.44,54.4718,93.9266,70.6471,0.441072
5,1652,28.44,54.4718,70.1483,70.1483,1
5,1653,28.44,54.4718,60.5984,60.5984,1
5,1654,28.44,54.4718,82.0152,82.0152,0.470927
5,1655,28.44,54.4718,67.3752,67.3752,1
5,1656,28.44,54.4718,86.6195,67.3752,0.50831
5,1657,28.44,54.4718,58.7942,58.7942,1
5,1658,28.44,54.4718,59.3886,59.3886,0.979314
5,1659,28.44,54.4718,81.9803,59.3886,0.45187
5,1660,28.44,54.4718,79.0424,59.3886,0.501045
5,1661,28.44,54.4718,79.0962,79.0962,0.500098
5,1662,28.44,54.4718,92.4117,79.0962,0.626131
5,1663,28.44,54.4718,93.1029,93.1029,0.611096
5,1664,28.44,54.4718,96.2856,96.2856,0.894125
5,1665,28.44,54.4718,108.864,108.864,0.64257
5,1666,28.44,54.4718,117.723,117.723,0.732341
5,1667,28.44,54.4718,102.618,102.618,1
5,1668,28.44,54.4718,90.7051,90.7051,1
5,1669,28.44,54.4718,103.1,103.1,0.646736
5,1670,28.44,54.4718,91.5768,91.5768,1
5,1671,28.44,54.4718,87.8447,87.8447,1
5,1672,28.44,54.4718,67.7762,67.7762,1
5,1673,28.44,54.4718,55.4128,55.4128,1
5,1674,28.44,54.4718,61.6665,61.6665,0.802606
5,1675,28.44,54.4718,54.9584,54.9584,1
5,1676,28.44,54.4718,56.5148,56.5148,0.946743
5,1677,28.44,54.4718,61.3596,61.3596,0.84337
5,1678,28.44,54.4718,79.6939,79.6939,0.524838
5,1679,28.44,54.4718,62.0232,62.0232,1
5,1680,28.44,54.4718,86.0616,62.0232,0.429458
5,1681,28.44,54.4718,60.4662,60.4662,1
5,1682,28.44,54.4718,58.9245,58.9245,1
5,1683,28.44,54.4718,80.8102,80.8102,0.463226
5,1684,28.44,54.4718,76.3149,76.3149,1
5,1685,28.44,54.4718,89.8896,89.8896,0.620449
5,1686,28.44,54.4718,89.4394,89.4394,1
5,1687,28.44,54.4718,94.9185,94.9185,0.824765
5,1688,28.44,54.4718,102.192,102.192,0.774339
5,1689,28.44,54.4718,117.648,117.648,0.580733
5,1690,28.44,54.4718,141.362,117.648,0.434385
5,1691,28.44,54.4718,104.087,104.087,1
5,1692,28.44,54.4718,90.6454,90.6454,1
5,1693,28.44,54.4718,90.5049,90.5049,1
5,1694,28.44,54.4718,94.741,94.741,0.861615
5,1695,28.44,54.4718,78.4894,78.4894,1
5,1696,28.44,54.4718,57.6418,57.6418,1
5,1697,28.44,54.4718,61.2582,61.2582,0.880594
5,1698,28.44,54.4718,77.8516,77.8516,0.557969
5,1699,28.44,54.4718,91.1458,91.1458,0.626598
5,1700,28.44,54.4718,98.6623,98.6623,0.767749
5,1701,28.44,54.4718,100.699,100.699,0.930906
5,1702,28.44,54.4718,101.475,101.475,0.973065
5,1703,28.44,54.4718,85.7348,85.7348,1
5,1704,28.44,54.4718,93.3129,93.3129,0.766087
5,1705,28.44,54.4718,87.8794,87.8794,1
5,1706,28.44,54.4718,66.389,66.389,1
5,1707,28.44,54.4718,56.6239,56.6239,1
5,1708,28.44,54.4718,65.2243,65.2243,0.739039
5,1709,28.44,54.4718,65.0134,65.0134,1
5,1710,28.44,54.4718,61.6912,61.6912,1
5,1711,28.44,54.4718,81.8592,61.6912,0.492066
5,1712,28.44,54.4718,67.7435,67.7435,0.80831
5,1713,28.44,54.4718,74.8206,74.8206,0.779703
5,1714,28.44,54.4718,82.0671,82.0671,0.77507
5,1715,28.44,54.4718,61.9176,61.9176,1
5,1716,28.44,54.4718,69.5876,69.5876,0.763616
5,1717,28.44,54.4718,79.5976,69.5876,0.703301
5,1718,28.44,54.4718,54.9066,54.9066,1
5,1719,28.44,54.4718,68.8451,68.8451,0.612563
5,1720,28.44,54.4718,74.2062,68.8451,0.828197
5,1721,28.44,54.4718,69.3496,69.3496,0.982417
5,1722,28.44,54.4718,79.1481,79.1481,0.708551
5,1723,28.44,54.4718,76.415,76.415,1
5,1724,28.44,54.4718,99.7426,76.415,0.440326
5,1725,28.44,54.4718,91.6885,76.415,0.584472
5,1726,28.44,54.4718,97.4986,76.415,0.476476
5,1727,28.44,54.4718,56.3137,56.3137,1
5,1728,28.44,54.4718,68.5956,56.3137,0.649306
5,1729,28.44,54.4718,71.9929,71.9929,0.576197
5,1730,28.44,54.4718,55.637,55.637,1
5,1731,28.44,54.4718,68.3575,55.637,0.639368
5,1732,28.44,54.4718,70.0215,70.0215,0.603034
5,1733,28.44,54.4718,81.4904,70.0215,0.668133
5,1734,28.44,54.4718,90.9974,90.9974,0.478285
5,1735,28.44,54.4718,98.0243,90.9974,0.781079
5,1736,28.44,54.4718,94.7374,90.9974,0.876774
5,1737,28.44,54.4718,74.9052,74.9052,1
5,1738,28.44,54.4718,66.9565,66.9565,1
5,1739,28.44,54.4718,77.1194,77.1194,0.699531
5,1740,28.44,54.4718,56.3328,56.3328,1
5,1741,28.44,54.4718,77.9802,56.3328,0.467124
5,1742,28.44,54.4718,74.7246,56.3328,0.523777
5,1743,28.44,54.4718,60.4755,60.4755,0.864447
5,1744,28.44,54.4718,76.5243,76.5243,0.568756
5,1745,28.44,54.4718,79.1541,79.1541,0.911678
5,1746,28.44,54.4718,94.7027,94.7027,0.578848
5,1747,28.44,54.4718,91.6537,91.6537,1
5,1748,28.44,54.4718,112.485,91.6537,0.480723
5,1749,28.44,54.4718,70.6184,70.6184,1
5,1750,28.44,54.4718,77.5655,70.6184,0.783275
5,1751,28.44,54.4718,75.6119,75.6119,0.838971
5,1752,28.44,54.4718,100.128,75.6119,0.422305
5,1753,28.44,54.4718,69.795,69.795,1
5,1754,28.44,54.4718,65.3052,65.3052,1
5,1755,28.44,54.4718,69.1712,69.1712,0.872899
5,1756,28.44,54.4718,64.9674,64.9674,1
5,1757,28.44,54.4718,72.5535,72.5535,0.765872
5,1758,28.44,54.4718,85.1502,85.1502,0.642157
5,1759,28.44,54.4718,84.8755,84.8755,1
5,1760,28.44,54.4718,60.5234,60.5234,1
5,1761,28.44,54.4718,62.9516,62.9516,0.918165
5,1762,28.44,54.4718,69.6564,69.6564,0.789975
5,1763,28.44,54.4718,70.845,70.845,0.95907
5,1764,28.44,54.4718,71.7471,71.7471,0.968779
5,1765,28.44,54.4718,85.8042,85.8042,0.610014
5,1766,28.44,54.4718,85.4122,85.4122,1
5,1767,28.44,54.4718,83.1473,83.1473,1
5,1768,28.44,54.4718,82.5226,82.5226,1
5,1769,28.44,54.4718,89.6761,89.6761,0.777612
5,1770,28.44,54.4718,99.4903,89.6761,0.70816
5,1771,28.44,54.4718,69.4877,69.4877,1
5,1772,28.44,54.4718,65.9917,65.9917,1
5,1773,28.44,54.4718,54.4718,54.4718,1
5,1774,28.44,54.4718,62.8418,62.8418,0.74505
5,1775,28.44,54.4718,73.3213,73.3213,0.691787
5,1776,28.44,54.4718,76.4763,76.4763,0.894997
5,1777,28.44,54.4718,92.404,92.404,0.571182
5,1778,28.44,54.4718,104.902,92.404,0.64438
5,1779,28.44,54.4718,79.8417,79.8417,1
5,1780,28.44,54.4718,90.9992,90.9992,0.67549
5,1781,28.44,54.4718,93.0031,93.0031,0.931965
5,1782,28.44,54.4718,84.3081,84.3081,1
5,1783,28.44,54.4718,98.2885,84.3081,0.611662
5,1784,28.44,54.4718,72.6317,72.6317,1
5,1785,28.44,54.4718,93.8208,72.6317,0.474712
5,1786,28.44,54.4718,66.2931,66.2931,1
5,1787,28.44,54.4718,77.4884,77.4884,0.674592
5,1788,28.44,54.4718,66.7973,66.7973,1
5,1789,28.44,54.4718,75.2663,75.2663,0.742461
5,1790,28.44,54.4718,87.827,87.827,0.64297
5,1791,28.44,54.4718,69.4496,69.4496,1
5,1792,28.44,54.4718,65.2397,65.2397,1
5,1793,28.44,54.4718,70.2614,70.2614,0.838139
5,1794,28.44,54.4718,61.7796,61.7796,1
5,1795,28.44,54.4718,59.2809,59.2809,1
5,1796,28.44,54.4718,64.0392,64.0392,0.845937
5,1797,28.44,54.4718,83.5453,64.0392,0.503653
5,1798,28.44,54.4718,82.7994,64.0392,0.517036
5,1799,28.44,54.4718,75.2107,75.2107,0.675157
5,1800,28.44,54.4718,59.4231,59.4231,1
5,1801,27.018,54.4718,74.212,74.212,0.578467
5,1802,27.018,54.4718,61.4056,61.4056,1
5,1803,27.018,54.4718,56.3957,56.3957,1
5,1804,27.018,54.4718,73.8146,73.8146,0.524814
5,1805,27.018,54.4718,71.9713,71.9713,1
5,1806,27.018,54.4718,77.5153,77.5153,0.814488
5,1807,27.018,54.4718,94.127,77.5153,0.540729
5,1808,27.018,54.4718,69.6106,69.6106,1
5,1809,27.018,54.4718,93.2108,69.6106,0.417489
5,1810,27.018,54.4718,69.7947,69.7947,0.993209
5,1811,27.018,54.4718,61.0586,61.0586,1
5,1812,27.018,54.4718,55.1787,55.1787,1
5,1813,27.018,54.4718,71.321,71.321,0.550206
5,1814,27.018,54.4718,85.8734,85.8734,0.583552
5,1815,27.018,54.4718,94.7008,94.7008,0.721286
5,1816,27.018,54.4718,96.8974,94.7008,0.921914
5,1817,27.018,54.4718,83.355,83.355,1
5,1818,27.018,54.4718,90.3684,90.3684,0.771373
5,1819,27.018,54.4718,81.9116,81.9116,1
5,1820,27.018,54.4718,99.9449,81.9116,0.513012
5,1821,27.018,54.4718,76.6512,76.6512,1
5,1822,27.018,54.4718,65.7309,65.7309,1
5,1823,27.018,54.4718,74.1717,65.7309,0.731679
5,1824,27.018,54.4718,72.8721,72.8721,0.767733
5,1825,27.018,54.4718,79.9264,72.8721,0.770207
5,1826,27.018,54.4718,94.3043,72.8721,0.452369
5,1827,27.018,54.4718,67.3463,67.3463,1
5,1828,27.018,54.4718,85.8232,67.3463,0.50466
5,1829,27.018,54.4718,67.4,67.4,0.998016
5,1830,27.018,54.4718,91.0936,67.4,0.416047
5,1831,27.018,54.4718,58.8726,58.8726,1
5,1832,27.018,54.4718,80.7141,58.8726,0.445567
5,1833,27.018,54.4718,68.8049,68.8049,0.692382
5,1834,27.018,54.4718,77.7938,77.7938,0.716985
5,1835,27.018,54.4718,97.7063,77.7938,0.478543
5,1836,27.018,54.4718,102.261,102.261,0.404296
5,1837,27.018,54.4718,100.504,100.504,1
5,1838,27.018,54.4718,106.817,106.817,0.791619
5,1839,27.018,54.4718,126.75,126.75,0.478189
5,1840,27.018,54.4718,110.446,110.446,1
5,1841,27.018,54.4718,120.197,120.197,0.697041
5,1842,27.018,54.4718,123.944,123.944,0.870526
5,1843,27.018,54.4718,139.083,123.944,0.571018
5,1844,27.018,54.4718,110.012,110.012,1
5,1845,27.018,54.4718,94.3369,94.3369,1
5,1846,27.018,54.4718,103.063,103.063,0.723982
5,1847,27.018,54.4718,78.3683,78.3683,1
5,1848,27.018,54.4718,84.4005,78.3683,0.799902
5,1849,27.018,54.4718,100.926,100.926,0.433916
5,1850,27.018,54.4718,85.3677,85.3677,1
5,1851,27.018,54.4718,64.8061,64.8061,1
5,1852,27.018,54.4718,62.1916,62.1916,1
5,1853,27.018,54.4718,55.2728,55.2728,1
5,1854,27.018,54.4718,71.9968,55.2728,0.538487
5,1855,27.018,54.4718,58.8092,58.8092,0.877314
5,1856,27.018,54.4718,79.7766,58.8092,0.460219
5,1857,27.018,54.4718,77.2711,58.8092,0.50494
5,1858,27.018,54.4718,70.8891,70.8891,0.639478
5,1859,27.018,54.4718,74.9474,74.9474,0.860528
5,1860,27.018,54.4718,55.4051,55.4051,1
5,1861,27.018,54.4718,60.3489,60.3489,0.832785
5,1862,27.018,54.4718,78.0785,60.3489,0.518812
5,1863,27.018,54.4718,75.466,75.466,0.571483
5,1864,27.018,54.4718,85.5752,85.5752,0.687863
5,1865,27.018,54.4718,74.5979,74.5979,1
5,1866,27.018,54.4718,95.2323,95.2323,0.465925
5,1867,27.018,54.4718,103.129,103.129,0.746574
5,1868,27.018,54.4718,93.6573,93.6573,1
5,1869,27.018,54.4718,95.0083,95.0083,0.951225
5,1870,27.018,54.4718,71.4321,71.4321,1
5,1871,27.018,54.4718,85.4064,85.4064,0.596174
5,1872,27.018,54.4718,97.0289,85.4064,0.650394
5,1873,27.018,54.4718,89.8718,89.8718,0.847658
5,1874,27.018,54.4718,84.6484,84.6484,1
5,1875,27.018,54.4718,64.0041,64.0041,1
5,1876,27.018,54.4718,62.3531,62.3531,1
5,1877,27.018,54.4718,74.383,74.383,0.640659
5,1878,27.018,54.4718,88.2466,88.2466,0.598622
5,1879,27.018,54.4718,102.119,88.2466,0.598435
5,1880,27.018,54.4718,81.3423,81.3423,1
5,1881,27.018,54.4718,73.732,73.732,1
5,1882,27.018,54.4718,55.3861,55.3861,1
5,1883,27.018,54.4718,74.3868,74.3868,0.494969
5,1884,27.018,54.4718,84.9485,84.9485,0.676439
5,1885,27.018,54.4718,107.163,107.163,0.43946
5,1886,27.018,54.4718,125.325,125.325,0.510571
5,1887,27.018,54.4718,139.117,139.117,0.600204
5,1888,27.018,54.4718,118.162,118.162,1
5,1889,27.018,54.4718,137.633,137.633,0.486422
5,1890,27.018,54.4718,133.48,133.48,1
5,1891,27.018,54.4718,142.129,142.129,0.726053
5,1892,27.018,54.4718,152.114,152.114,0.691031
5,1893,27.018,54.4718,173.299,173.299,0.456521
5,1894,27.018,54.4718,158.999,158.999,1
5,1895,27.018,54.4718,165.144,158.999,0.796577
5,1896,27.018,54.4718,161.985,161.985,0.895357
5,1897,27.018,54.4718,147.093,147.093,1
5,1898,27.018,54.4718,159.547,159.547,0.630689
5,1899,27.018,54.4718,148.373,148.373,1
5,1900,27.018,54.4718,150.748,150.748,0.91582
5,1901,27.018,54.4718,140.27,140.27,1
5,1902,27.018,54.4718,135.639,135.639,1
5,1903,27.018,54.4718,136.084,136.084,0.983693
5,1904,27.018,54.4718,159.496,159.496,0.420398
5,1905,27.018,54.4718,153.325,153.325,1
5,1906,27.018,54.4718,150.524,150.524,1
5,1907,27.018,54.4718,150.652,150.652,0.995269
5,1908,27.018,54.4718,125.929,125.929,1
5,1909,27.018,54.4718,120.331,120.331,1
5,1910,27.018,54.4718,133.204,133.204,0.620964
5,1911,27.018,54.4718,151.282,133.204,0.512177
5,1912,27.018,54.4718,137.259,133.204,0.86065
5,1913,27.018,54.4718,122.263,122.263,1
5,1914,27.018,54.4718,130.013,130.013,0.750624
5,1915,27.018,54.4718,131.675,131.675,0.940319
5,1916,27.018,54.4718,149.499,149.499,0.517002
5,1917,27.018,54.4718,152.034,152.034,0.910435
5,1918,27.018,54.4718,174.4,152.034,0.437002
5,1919,27.018,54.4718,141.216,141.216,1
5,1920,27.018,54.4718,157.184,141.216,0.553765
5,1921,27.018,54.4718,165.621,141.216,0.405249
5,1922,27.018,54.4718,154.585,141.216,0.609693
5,1923,27.018,54.4718,154.778,154.778,0.605357
5,1924,27.018,54.4718,176.558,176.558,0.446585
5,1925,27.018,54.4718,160.869,160.869,1
5,1926,27.018,54.4718,153.824,153.824,1
5,1927,27.018,54.4718,159.528,159.528,0.809684
5,1928,27.018,54.4718,146.083,146.083,1
5,1929,27.018,54.4718,135.11,135.11,1
5,1930,27.018,54.4718,128.756,128.756,1
5,1931,27.018,54.4718,125.023,125.023,1
5,1932,27.018,54.4718,119.743,119.743,1
5,1933,27.018,54.4718,120.93,120.93,0.957011
5,1934,27.018,54.4718,102.616,102.616,1
5,1935,27.018,54.4718,124.066,124.066,0.452072
5,1936,27.018,54.4718,118.475,118.475,1
5,1937,27.018,54.4718,127.565,127.565,0.714313
5,1938,27.018,54.4718,113.453,113.453,1
5,1939,27.018,54.4718,131.479,113.453,0.513142
5,1940,27.018,54.4718,114.636,114.636,0.957149
5,1941,27.018,54.4718,130.309,114.636,0.559836
5,1942,27.018,54.4718,90.7881,90.7881,1
5,1943,27.018,54.4718,73.5938,73.5938,1
5,1944,27.018,54.4718,77.7382,77.7382,0.857793
5,1945,27.018,54.4718,90.7803,90.7803,0.617103
5,1946,27.018,54.4718,115.449,90.7803,0.401293
5,1947,27.018,54.4718,94.8318,90.7803,0.860747
5,1948,27.018,54.4718,88.0482,88.0482,1
5,1949,27.018,54.4718,63.448,63.448,1
5,1950,27.018,54.4718,57.826,57.826,1
5,1951,25.6671,54.4718,82.313,57.826,0.385188
5,1952,25.6671,54.4718,73.0563,57.826,0.552457
5,1953,25.6671,54.4718,70.1213,57.826,0.619384
5,1954,25.6671,54.4718,71.2322,57.826,0.593148
5,1955,25.6671,54.4718,61.2847,61.2847,0.873932
5,1956,25.6671,54.4718,55.1499,55.1499,1
5,1957,25.6671,54.4718,64.2251,64.2251,0.702174
5,1958,25.6671,54.4718,58.8577,58.8577,1
5,1959,25.6671,54.4718,66.759,66.759,0.735035
5,1960,25.6671,54.4718,56.6987,56.6987,1
5,1961,25.6671,54.4718,78.3778,56.6987,0.429717
5,1962,25.6671,54.4718,65.2724,65.2724,0.716028
5,1963,25.6671,54.4718,55.8286,55.8286,1
5,1964,25.6671,54.4718,77.0661,55.8286,0.437175
5,1965,25.6671,54.4718,59.0664,59.0664,0.881485
5,1966,25.6671,54.4718,60.5425,60.5425,0.944112
5,1967,25.6671,54.4718,60.9338,60.9338,0.984871
5,1968,25.6671,54.4718,70.054,70.054,0.700946
5,1969,25.6671,54.4718,84.0219,84.0219,0.580308
5,1970,25.6671,54.4718,108.38,84.0219,0.387124
5,1971,25.6671,54.4718,97.3543,84.0219,0.594856
5,1972,25.6671,54.4718,103.2,103.2,0.4737
5,1973,25.6671,54.4718,103.994,103.994,0.969531
5,1974,25.6671,54.4718,93.6423,93.6423,1
5,1975,25.6671,54.4718,102.603,93.6423,0.705325
5,1976,25.6671,54.4718,86.4926,86.4926,1
5,1977,25.6671,54.4718,101.776,86.4926,0.551325
5,1978,25.6671,54.4718,69.7354,69.7354,1
5,1979,25.6671,54.4718,86.9637,69.7354,0.511084
5,1980,25.6671,54.4718,69.1196,69.1196,1
5,1981,25.6671,54.4718,56.3327,56.3327,1
5,1982,25.6671,54.4718,75.2031,56.3327,0.47941
5,1983,25.6671,54.4718,58.4703,58.4703,0.920093
5,1984,25.6671,54.4718,80.4854,58.4703,0.424129
5,1985,25.6671,54.4718,73.6246,58.4703,0.554097
5,1986,25.6671,54.4718,69.5457,69.5457,0.649534
5,1987,25.6671,54.4718,72.9139,69.5457,0.877018
5,1988,25.6671,54.4718,65.2358,65.2358,1
5,1989,25.6671,54.4718,87.6407,65.2358,0.417737
5,1990,25.6671,54.4718,55.8916,55.8916,1
5,1991,25.6671,54.4718,70.5412,70.5412,0.565099
5,1992,25.6671,54.4718,79.2463,79.2463,0.712374
5,1993,25.6671,54.4718,94.6756,94.6756,0.54819
5,1994,25.6671,54.4718,75.8849,75.8849,1
5,1995,25.6671,54.4718,78.8428,78.8428,0.891152
5,1996,25.6671,54.4718,69.2827,69.2827,1
5,1997,25.6671,54.4718,72.6897,69.2827,0.875694
5,1998,25.6671,54.4718,87.5619,87.5619,0.49058
5,1999,25.6671,54.4718,91.1783,91.1783,0.868579
5,2000,25.6671,54.4718,88.4447,88.4447,1
5,2001,25.6671,54.4718,87.2061,87.2061,1
5,2002,25.6671,54.4718,96.8997,87.2061,0.685457
5,2003,25.6671,54.4718,68.3861,68.3861,1
5,2004,25.6671,54.4718,58.8461,58.8461,1
5,2005,25.6671,54.4718,60.0192,60.0192,0.955324
5,2006,25.6671,54.4718,73.2464,60.0192,0.597301
5,2007,25.6671,54.4718,78.4893,60.0192,0.486946
5,2008,25.6671,54.4718,56.6088,56.6088,1
5,2009,25.6671,54.4718,76.0995,76.0995,0.467963
5,2010,25.6671,54.4718,88.0292,76.0995,0.628269
5,2011,25.6671,54.4718,84.7696,84.7696,0.713345
5,2012,25.6671,54.4718,86.0792,86.0792,0.950258
5,2013,25.6671,54.4718,82.294,82.294,1
5,2014,25.6671,54.4718,62.8381,62.8381,1
5,2015,25.6671,54.4718,55.6713,55.6713,1
5,2016,25.6671,54.4718,64.5339,64.5339,0.708015
5,2017,25.6671,54.4718,74.4463,64.5339,0.679641
5,2018,25.6671,54.4718,79.488,64.5339,0.558434
5,2019,25.6671,54.4718,73.6397,73.6397,0.701338
5,2020,25.6671,54.4718,94.8452,73.6397,0.43772
5,2021,25.6671,54.4718,70.2211,70.2211,1
5,2022,25.6671,54.4718,63.5938,63.5938,1
5,2023,25.6671,54.4718,86.7695,86.7695,0.405379
5,2024,25.6671,54.4718,85.1946,85.1946,1
5,2025,25.6671,54.4718,71.8794,71.8794,1
5,2026,25.6671,54.4718,54.8567,54.8567,1
5,2027,25.6671,54.4718,59.9656,59.9656,0.819514
5,2028,25.6671,54.4718,84.1989,59.9656,0.389015
5,2029,25.6671,54.4718,60.8266,60.8266,0.967013
5,2030,25.6671,54.4718,63.3677,63.3677,0.90574
5,2031,25.6671,54.4718,78.0491,78.0491,0.5644
5,2032,25.6671,54.4718,76.9527,76.9527,1
5,2033,25.6671,54.4718,76.6931,76.6931,1
5,2034,25.6671,54.4718,96.5452,76.6931,0.461422
5,2035,25.6671,54.4718,55.018,55.018,1
5,2036,25.6671,54.4718,65.3987,65.3987,0.667354
5,2037,25.6671,54.4718,85.4964,65.3987,0.457027
5,2038,25.6671,54.4718,82.4554,82.4554,0.514512
5,2039,25.6671,54.4718,104.391,104.391,0.425442
5,2040,25.6671,54.4718,82.8726,82.8726,1
5,2041,25.6671,54.4718,59.5515,59.5515,1
5,2042,25.6671,54.4718,59.2484,59.2484,1
5,2043,25.6671,54.4718,66.7399,66.7399,0.746863
5,2044,25.6671,54.4718,82.3343,66.7399,0.544678
5,2045,25.6671,54.4718,60.7938,60.7938,1
5,2046,25.6671,54.4718,56.645,56.645,1
5,2047,25.6671,54.4718,76.3977,56.645,0.46321
5,2048,25.6671,54.4718,74.0409,74.0409,0.507758
5,2049,25.6671,54.4718,80.841,80.841,0.767255
5,2050,25.6671,54.4718,74.3194,74.3194,1
5,2051,25.6671,54.4718,86.7638,74.3194,0.615797
5,2052,25.6671,54.4718,78.0739,78.0739,0.863917
5,2053,25.6671,54.4718,61.4097,61.4097,1
5,2054,25.6671,54.4718,83.8586,61.4097,0.417023
5,2055,25.6671,54.4718,63.3654,61.4097,0.926636
5,2056,25.6671,54.4718,74.0855,74.0855,0.610271
5,2057,25.6671,54.4718,69.3824,69.3824,1
5,2058,25.6671,54.4718,67.7147,67.7147,1
5,2059,25.6671,54.4718,75.1241,67.7147,0.749256
5,2060,25.6671,54.4718,67.4039,67.4039,1
5,2061,25.6671,54.4718,60.2876,60.2876,1
5,2062,25.6671,54.4718,70.338,60.2876,0.675997
5,2063,25.6671,54.4718,74.934,74.934,0.565169
5,2064,25.6671,54.4718,84.2085,74.934,0.696745
5,2065,25.6671,54.4718,59.3769,59.3769,1
5,2066,25.6671,54.4718,61.2617,61.2617,0.929196
5,2067,25.6671,54.4718,78.2877,61.2617,0.51513
5,2068,25.6671,54.4718,67.0374,61.2617,0.798499
5,2069,25.6671,54.4718,75.5662,61.2617,0.572749
5,2070,25.6671,54.4718,56.4589,56.4589,1
5,2071,25.6671,54.4718,73.6917,73.6917,0.510993
5,2072,25.6671,54.4718,54.7264,54.7264,1
5,2073,25.6671,54.4718,68.6358,68.6358,0.581634
5,2074,25.6671,54.4718,57.4062,57.4062,1
5,2075,25.6671,54.4718,69.1005,69.1005,0.634058
5,2076,25.6671,54.4718,63.0647,63.0647,1
5,2077,25.6671,54.4718,85.4523,85.4523,0.418019
5,2078,25.6671,54.4718,99.3247,99.3247,0.582471
5,2079,25.6671,54.4718,88.4507,88.4507,1
5,2080,25.6671,54.4718,89.7642,89.7642,0.950113
5,2081,25.6671,54.4718,72.995,72.995,1
5,2082,25.6671,54.4718,56.8924,56.8924,1
5,2083,25.6671,54.4718,63.5671,63.5671,0.771014
5,2084,25.6671,54.4718,65.9173,65.9173,0.912503
5,2085,25.6671,54.4718,65.2957,65.2957,1
5,2086,25.6671,54.4718,66.5252,66.5252,0.953227
5,2087,25.6671,54.4718,62.8477,62.8477,1
5,2088,25.6671,54.4718,71.6204,71.6204,0.710498
5,2089,25.6671,54.4718,92.4719,71.6204,0.443801
5,2090,25.6671,54.4718,62.4719,62.4719,1
5,2091,25.6671,54.4718,85.5831,62.4719,0.406399
5,2092,25.6671,54.4718,59.1335,59.1335,1
5,2093,25.6671,54.4718,74.1045,59.1335,0.558068
5,2094,25.6671,54.4718,82.6899,59.1335,0.39941
5,2095,25.6671,54.4718,55.1539,55.1539,1
5,2096,25.6671,54.4718,62.192,62.192,0.760173
5,2097,25.6671,54.4718,55.9627,55.9627,1
5,2098,25.6671,54.4718,74.5633,55.9627,0.484477
5,2099,25.6671,54.4718,68.5974,55.9627,0.611248
5,2100,25.6671,54.4718,71.2323,55.9627,0.551613
5,2101,24.3837,54.4718,58.7613,58.7613,0.891569
5,2102,24.3837,54.4718,63.6227,63.6227,0.819246
5,2103,24.3837,54.4718,68.7394,68.7394,0.810712
5,2104,24.3837,54.4718,92.0311,68.7394,0.38473
5,2105,24.3837,54.4718,72.4842,72.4842,0.857634
5,2106,24.3837,54.4718,84.3929,84.3929,0.613618
5,2107,24.3837,54.4718,86.3541,86.3541,0.922717
5,2108,24.3837,54.4718,83.3686,83.3686,1
5,2109,24.3837,54.4718,89.8895,89.8895,0.765347
5,2110,24.3837,54.4718,71.6355,71.6355,1
5,2111,24.3837,54.4718,69.3324,69.3324,1
5,2112,24.3837,54.4718,56.8155,56.8155,1
5,2113,24.3837,54.4718,66.2356,66.2356,0.679548
5,2114,24.3837,54.4718,80.9122,80.9122,0.547769
5,2115,24.3837,54.4718,78.4703,78.4703,1
5,2116,24.3837,54.4718,99.1452,99.1452,0.428314
5,2117,24.3837,54.4718,75.7236,75.7236,1
5,2118,24.3837,54.4718,65.5219,65.5219,1
5,2119,24.3837,54.4718,88.3907,88.3907,0.39146
5,2120,24.3837,54.4718,84.8372,84.8372,1
5,2121,24.3837,54.4718,90.3838,90.3838,0.796546
5,2122,24.3837,54.4718,109.127,109.127,0.463629
5,2123,24.3837,54.4718,131.607,109.127,0.397749
5,2124,24.3837,54.4718,93.5437,93.5437,1
5,2125,24.3837,54.4718,88.1675,88.1675,1
5,2126,24.3837,54.4718,109.565,88.1675,0.415809
5,2127,24.3837,54.4718,99.1319,88.1675,0.637846
5,2128,24.3837,54.4718,63.9086,63.9086,1
5,2129,24.3837,54.4718,84.4005,63.9086,0.431541
5,2130,24.3837,54.4718,71.2592,71.2592,0.739741
5,2131,24.3837,54.4718,90.9093,71.2592,0.4467
5,2132,24.3837,54.4718,93.3588,71.2592,0.404007
5,2133,24.3837,54.4718,62.4738,62.4738,1
5,2134,24.3837,54.4718,75.6196,62.4738,0.583261
5,2135,24.3837,54.4718,80.9983,62.4738,0.467804
5,2136,24.3837,54.4718,77.6057,77.6057,0.537636
5,2137,24.3837,54.4718,58.8249,58.8249,1
5,2138,24.3837,54.4718,80.0207,58.8249,0.419262
5,2139,24.3837,54.4718,68.8642,68.8642,0.662509
5,2140,24.3837,54.4718,78.0626,78.0626,0.685755
5,2141,24.3837,54.4718,68.8546,68.8546,1
5,2142,24.3837,54.4718,57.8472,57.8472,1
5,2143,24.3837,54.4718,68.1578,68.1578,0.655177
5,2144,24.3837,54.4718,86.3388,86.3388,0.47444
5,2145,24.3837,54.4718,107.209,107.209,0.424899
5,2146,24.3837,54.4718,124.911,124.911,0.483846
5,2147,24.3837,54.4718,125.347,125.347,0.982291
5,2148,24.3837,54.4718,149.27,125.347,0.374895
5,2149,24.3837,54.4718,101.57,101.57,1
5,2150,24.3837,54.4718,93.2895,93.2895,1
5,2151,24.3837,54.4718,73.3289,73.3289,1
5,2152,24.3837,54.4718,57.1396,57.1396,1
5,2153,24.3837,54.4718,69.8119,69.8119,0.594699
5,2154,24.3837,54.4718,78.7061,69.8119,0.694365
5,2155,24.3837,54.4718,83.6393,83.6393,0.567183
5,2156,24.3837,54.4718,87.3195,87.3195,0.859908
5,2157,24.3837,54.4718,90.6185,87.3195,0.873458
5,2158,24.3837,54.4718,79.1273,79.1273,1
5,2159,24.3837,54.4718,76.718,76.718,1
5,2160,24.3837,54.4718,68.9966,68.9966,1
5,2161,24.3837,54.4718,73.302,73.302,0.83814
5,2162,24.3837,54.4718,93.1185,73.302,0.443662
5,2163,24.3837,54.4718,91.394,73.302,0.476176
5,2164,24.3837,54.4718,94.0635,94.0635,0.426797
5,2165,24.3837,54.4718,102.581,102.581,0.705168
5,2166,24.3837,54.4718,120.926,102.581,0.471257
5,2167,24.3837,54.4718,98.444,98.444,1
5,2168,24.3837,54.4718,118.706,98.444,0.435638
5,2169,24.3837,54.4718,101.903,98.444,0.867746
5,2170,24.3837,54.4718,95.1724,95.1724,1
5,2171,24.3837,54.4718,102.682,95.1724,0.734944
5,2172,24.3837,54.4718,75.3663,75.3663,1
5,2173,24.3837,54.4718,78.3049,78.3049,0.886465
5,2174,24.3837,54.4718,80.9983,80.9983,0.895422
5,2175,24.3837,54.4718,59.0531,59.0531,1
5,2176,24.3837,54.4718,79.5518,59.0531,0.431421
5,2177,24.3837,54.4718,82.2301,82.2301,0.386543
5,2178,24.3837,54.4718,100.193,82.2301,0.478694
5,2179,24.3837,54.4718,63.3158,63.3158,1
5,2180,24.3837,54.4718,77.5076,63.3158,0.558771
5,2181,24.3837,54.4718,84.9486,63.3158,0.411816
5,2182,24.3837,54.4718,82.3342,82.3342,0.458425
5,2183,24.3837,54.4718,70.6452,70.6452,1
5,2184,24.3837,54.4718,60.533,60.533,1
5,2185,24.3837,54.4718,70.4416,70.4416,0.66607
5,2186,24.3837,54.4718,85.4141,85.4141,0.541162
5,2187,24.3837,54.4718,86.6752,86.6752,0.949596
5,2188,24.3837,54.4718,85.91,85.91,1
5,2189,24.3837,54.4718,78.4583,78.4583,1
5,2190,24.3837,54.4718,82.3267,82.3267,0.853299
5,2191,24.3837,54.4718,99.5325,99.5325,0.493798
5,2192,24.3837,54.4718,106.291,106.291,0.757938
5,2193,24.3837,54.4718,87.7926,87.7926,1
5,2194,24.3837,54.4718,107.052,87.7926,0.453909
5,2195,24.3837,54.4718,92.2097,87.7926,0.834312
5,2196,24.3837,54.4718,83.9487,83.9487,1
5,2197,24.3837,54.4718,92.3449,83.9487,0.708692
5,2198,24.3837,54.4718,98.6407,98.6407,0.547424
5,2199,24.3837,54.4718,85.2003,85.2003,1
5,2200,24.3837,54.4718,60.6442,60.6442,1
5,2201,24.3837,54.4718,80.407,80.407,0.44464
5,2202,24.3837,54.4718,71.7816,71.7816,1
5,2203,24.3837,54.4718,84.7255,84.7255,0.588109
5,2204,24.3837,54.4718,74.569,74.569,1
5,2205,24.3837,54.4718,97.4295,97.4295,0.391593
5,2206,24.3837,54.4718,93.8979,93.8979,1
5,2207,24.3837,54.4718,113.158,93.8979,0.453893
5,2208,24.3837,54.4718,103.719,103.719,0.66847
5,2209,24.3837,54.4718,94.6103,94.6103,1
5,2210,24.3837,54.4718,83.5277,83.5277,1
5,2211,24.3837,54.4718,76.5281,76.5281,1
5,2212,24.3837,54.4718,100.288,76.5281,0.377414
5,2213,24.3837,54.4718,90.4012,90.4012,0.56612
5,2214,24.3837,54.4718,81.8964,81.8964,1
5,2215,24.3837,54.4718,105.155,81.8964,0.385256
5,2216,24.3837,54.4718,88.833,88.833,0.752408
5,2217,24.3837,54.4718,89.8699,89.8699,0.958365
5,2218,24.3837,54.4718,81.5826,81.5826,1
5,2219,24.3837,54.4718,75.2584,75.2584,1
5,2220,24.3837,54.4718,67.3999,67.3999,1
5,2221,24.3837,54.4718,83.7529,67.3999,0.511377
5,2222,24.3837,54.4718,81.02,81.02,0.572026
5,2223,24.3837,54.4718,93.0916,81.02,0.60953
5,2224,24.3837,54.4718,84.9312,84.9312,0.8518
5,2225,24.3837,54.4718,81.1507,81.1507,1
5,2226,24.3837,54.4718,60.8532,60.8532,1
5,2227,24.3837,54.4718,70.8735,70.8735,0.663026
5,2228,24.3837,54.4718,86.7023,70.8735,0.522486
5,2229,24.3837,54.4718,65.9077,65.9077,1
5,2230,24.3837,54.4718,65.7232,65.7232,1
5,2231,24.3837,54.4718,58.9951,58.9951,1
5,2232,24.3837,54.4718,57.4255,57.4255,1
5,2233,24.3837,54.4718,62.7712,62.7712,0.803136
5,2234,24.3837,54.4718,80.9831,62.7712,0.473839
5,2235,24.3837,54.4718,64.4417,64.4417,0.933785
5,2236,24.3837,54.4718,66.2892,66.2892,0.927031
5,2237,24.3837,54.4718,69.4302,69.4302,0.879137
5,2238,24.3837,54.4718,56.2061,56.2061,1
5,2239,24.3837,54.4718,65.0671,56.2061,0.695311
5,2240,24.3837,54.4718,61.0314,61.0314,0.82046
5,2241,24.3837,54.4718,61.5494,61.5494,0.97898
5,2242,24.3837,54.4718,80.9179,61.5494,0.451889
5,2243,24.3837,54.4718,86.0849,86.0849,0.365597
5,2244,24.3837,54.4718,108.191,108.191,0.403899
5,2245,24.3837,54.4718,118.172,118.172,0.664105
5,2246,24.3837,54.4718,107.602,107.602,1
5,2247,24.3837,54.4718,109.486,109.486,0.92568
5,2248,24.3837,54.4718,99.9275,99.9275,1
5,2249,24.3837,54.4718,96.4952,96.4952,1
5,2250,24.3837,54.4718,114.149,114.149,0.4848
5,2251,23.1646,54.4718,97.751,97.751,1
5,2252,23.1646,54.4718,94.6889,94.6889,1
5,2253,23.1646,54.4718,72.9044,72.9044,1
5,2254,23.1646,54.4718,85.2215,85.2215,0.587593
5,2255,23.1646,54.4718,74.2944,74.2944,1
5,2256,23.1646,54.4718,68.9217,68.9217,1
5,2257,23.1646,54.4718,67.1333,67.1333,1
5,2258,23.1646,54.4718,66.2644,66.2644,1
5,2259,23.1646,54.4718,57.6612,57.6612,1
5,2260,23.1646,54.4718,80.7894,80.7894,0.368458
5,2261,23.1646,54.4718,92.9241,80.7894,0.592237
5,2262,23.1646,54.4718,89.901,89.901,0.674798
5,2263,23.1646,54.4718,85.8889,85.8889,1
5,2264,23.1646,54.4718,75.1413,75.1413,1
5,2265,23.1646,54.4718,74.4404,74.4404,1
5,2266,23.1646,54.4718,83.1473,83.1473,0.686691
5,2267,23.1646,54.4718,98.1881,98.1881,0.52241
5,2268,23.1646,54.4718,86.3251,86.3251,1
5,2269,23.1646,54.4718,79.3538,79.3538,1
5,2270,23.1646,54.4718,99.7618,99.7618,0.414367
5,2271,23.1646,54.4718,82.538,82.538,1
5,2272,23.1646,54.4718,91.4577,91.4577,0.680411
5,2273,23.1646,54.4718,71.465,71.465,1
5,2274,23.1646,54.4718,85.2158,71.465,0.552328
5,2275,23.1646,54.4718,63.6323,63.6323,1
5,2276,23.1646,54.4718,71.6223,71.6223,0.708274
5,2277,23.1646,54.4718,69.0446,69.0446,1
5,2278,23.1646,54.4718,59.2218,59.2218,1
5,2279,23.1646,54.4718,63.2755,63.2755,0.839462
5,2280,23.1646,54.4718,82.15,82.15,0.442727
5,2281,23.1646,54.4718,81.1811,81.1811,1
5,2282,23.1646,54.4718,82.361,82.361,0.950341
5,2283,23.1646,54.4718,103.387,103.387,0.403462
5,2284,23.1646,54.4718,103.189,103.189,1
5,2285,23.1646,54.4718,111.091,111.091,0.710959
5,2286,23.1646,54.4718,106.385,106.385,1
5,2287,23.1646,54.4718,115.994,115.994,0.66046
5,2288,23.1646,54.4718,137.072,115.994,0.402553
5,2289,23.1646,54.4718,119.705,119.705,0.851988
5,2290,23.1646,54.4718,122.294,122.294,0.894263
5,2291,23.1646,54.4718,106.918,106.918,1
5,2292,23.1646,54.4718,120.514,120.514,0.556017
5,2293,23.1646,54.4718,133.448,133.448,0.572155
5,2294,23.1646,54.4718,115.685,115.685,1
5,2295,23.1646,54.4718,122.744,122.744,0.737315
5,2296,23.1646,54.4718,114.26,114.26,1
5,2297,23.1646,54.4718,100.663,100.663,1
5,2298,23.1646,54.4718,98.7794,98.7794,1
5,2299,23.1646,54.4718,116.924,98.7794,0.456908
5,2300,23.1646,54.4718,109.032,109.032,0.64236
5,2301,23.1646,54.4718,126.164,109.032,0.477328
5,2302,23.1646,54.4718,97.0133,97.0133,1
5,2303,23.1646,54.4718,87.887,87.887,1
5,2304,23.1646,54.4718,93.211,93.211,0.794666
5,2305,23.1646,54.4718,104.374,104.374,0.617608
5,2306,23.1646,54.4718,85.8234,85.8234,1
5,2307,23.1646,54.4718,98.8047,98.8047,0.570984
5,2308,23.1646,54.4718,123.056,98.8047,0.351026
5,2309,23.1646,54.4718,99.1415,99.1415,0.985565
5,2310,23.1646,54.4718,116.446,116.446,0.473771
5,2311,23.1646,54.4718,136.031,136.031,0.429356
5,2312,23.1646,54.4718,160.862,136.031,0.342351
5,2313,23.1646,54.4718,146.738,146.738,0.629897
5,2314,23.1646,54.4718,169.249,169.249,0.378406
5,2315,23.1646,54.4718,157.344,157.344,1
5,2316,23.1646,54.4718,147.729,147.729,1
5,2317,23.1646,54.4718,134.055,134.055,1
5,2318,23.1646,54.4718,145.933,145.933,0.598838
5,2319,23.1646,54.4718,169.419,145.933,0.362805
5,2320,23.1646,54.4718,155.782,145.933,0.653656
5,2321,23.1646,54.4718,157.789,157.789,0.599409
5,2322,23.1646,54.4718,179.714,179.714,0.388086
5,2323,23.1646,54.4718,197.24,179.714,0.469268
5,2324,23.1646,54.4718,162.946,162.946,1
5,2325,23.1646,54.4718,179.372,179.372,0.49209
5,2326,23.1646,54.4718,159.34,159.34,1
5,2327,23.1646,54.4718,174.766,174.766,0.513802
5,2328,23.1646,54.4718,167.445,167.445,1
5,2329,23.1646,54.4718,164.263,164.263,1
5,2330,23.1646,54.4718,147.817,147.817,1
5,2331,23.1646,54.4718,162.834,162.834,0.522935
5,2332,23.1646,54.4718,178.58,178.58,0.506756
5,2333,23.1646,54.4718,190.071,178.58,0.608935
5,2334,23.1646,54.4718,196.517,178.58,0.461009
5,2335,23.1646,54.4718,201.417,178.58,0.373113
5,2336,23.1646,54.4718,189.003,178.58,0.637662
5,2337,23.1646,54.4718,191.819,191.819,0.564666
5,2338,23.1646,54.4718,180.572,180.572,1
5,2339,23.1646,54.4718,173.801,173.801,1
5,2340,23.1646,54.4718,158.956,158.956,1
5,2341,23.1646,54.4718,147.082,147.082,1
5,2342,23.1646,54.4718,139.731,139.731,1
5,2343,23.1646,54.4718,139.911,139.911,0.992245
5,2344,23.1646,54.4718,115.596,115.596,1
5,2345,23.1646,54.4718,122.349,122.349,0.747119
5,2346,23.1646,54.4718,143.791,143.791,0.396279
5,2347,23.1646,54.4718,147.494,147.494,0.852283
5,2348,23.1646,54.4718,145.583,145.583,1
5,2349,23.1646,54.4718,159.623,159.623,0.545474
5,2350,23.1646,54.4718,166.929,159.623,0.7295
5,2351,23.1646,54.4718,142.568,142.568,1
5,2352,23.1646,54.4718,121.977,121.977,1
5,2353,23.1646,54.4718,102.321,102.321,1
5,2354,23.1646,54.4718,96.4878,96.4878,1
5,2355,23.1646,54.4718,111.977,111.977,0.512394
5,2356,23.1646,54.4718,136.362,111.977,0.348996
5,2357,23.1646,54.4718,99.3018,99.3018,1
5,2358,23.1646,54.4718,118.39,99.3018,0.438657
5,2359,23.1646,54.4718,87.885,87.885,1
5,2360,23.1646,54.4718,69.3344,69.3344,1
5,2361,23.1646,54.4718,66.7535,66.7535,1
5,2362,23.1646,54.4718,75.1297,75.1297,0.696565
5,2363,23.1646,54.4718,97.7991,97.7991,0.375828
5,2364,23.1646,54.4718,109.023,97.7991,0.615998
5,2365,23.1646,54.4718,88.506,88.506,1
5,2366,23.1646,54.4718,81.4731,81.4731,1
5,2367,23.1646,54.4718,77.9842,77.9842,1
5,2368,23.1646,54.4718,78.4029,78.4029,0.982085
5,2369,23.1646,54.4718,79.6074,79.6074,0.949333
5,2370,23.1646,54.4718,85.6062,85.6062,0.771851
5,2371,23.1646,54.4718,77.8688,77.8688,1
5,2372,23.1646,54.4718,99.5789,77.8688,0.391717
5,2373,23.1646,54.4718,66.2316,66.2316,1
5,2374,23.1646,54.4718,56.8999,56.8999,1
5,2375,23.1646,54.4718,73.0005,73.0005,0.49905
5,2376,23.1646,54.4718,92.5367,73.0005,0.43026
5,2377,23.1646,54.4718,67.8507,67.8507,1
5,2378,23.1646,54.4718,71.6663,71.6663,0.848134
5,2379,23.1646,54.4718,72.3171,72.3171,0.972297
5,2380,23.1646,54.4718,93.7149,72.3171,0.397036
5,2381,23.1646,54.4718,68.0621,68.0621,1
5,2382,23.1646,54.4718,89.262,68.0621,0.400441
5,2383,23.1646,54.4718,75.9402,75.9402,0.711702
5,2384,23.1646,54.4718,100.047,100.047,0.35322
5,2385,23.1646,54.4718,78.6927,78.6927,1
5,2386,23.1646,54.4718,79.4404,78.6927,0.968239
5,2387,23.1646,54.4718,88.6177,88.6177,0.651515
5,2388,23.1646,54.4718,65.7133,65.7133,1
5,2389,23.1646,54.4718,72.3784,72.3784,0.749965
5,2390,23.1646,54.4718,92.7722,92.7722,0.414621
5,2391,23.1646,54.4718,90.6318,90.6318,1
5,2392,23.1646,54.4718,112.182,112.182,0.394431
5,2393,23.1646,54.4718,91.9157,91.9157,1
5,2394,23.1646,54.4718,93.7861,93.7861,0.922428
5,2395,23.1646,54.4718,111.353,93.7861,0.468428
5,2396,23.1646,54.4718,100.245,100.245,0.75666
5,2397,23.1646,54.4718,118.955,118.955,0.445895
5,2398,23.1646,54.4718,116.315,116.315,1
5,2399,23.1646,54.4718,103.252,103.252,1
5,2400,23.1646,54.4718,108.741,108.741,0.789034
5,2401,22.0063,54.4718,121.984,121.984,0.547828
5,2402,22.0063,54.4718,107.049,107.049,1
5,2403,22.0063,54.4718,115.163,115.163,0.691607
5,2404,22.0063,54.4718,91.0226,91.0226,1
5,2405,22.0063,54.4718,91.675,91.675,0.970789
5,2406,22.0063,54.4718,115.791,91.675,0.334244
5,2407,22.0063,54.4718,73.8933,73.8933,1
5,2408,22.0063,54.4718,97.1961,73.8933,0.346832
5,2409,22.0063,54.4718,79.9302,79.9302,0.760083
5,2410,22.0063,54.4718,57.594,57.594,1
5,2411,22.0063,54.4718,79.3266,57.594,0.372484
5,2412,22.0063,54.4718,56.3461,56.3461,1
5,2413,22.0063,54.4718,63.2984,63.2984,0.729116
5,2414,22.0063,54.4718,69.4033,69.4033,0.757738
5,2415,22.0063,54.4718,70.6162,69.4033,0.946378
5,2416,22.0063,54.4718,61.653,61.653,1
5,2417,22.0063,54.4718,79.0271,79.0271,0.45407
5,2418,22.0063,54.4718,72.995,72.995,1
5,2419,22.0063,54.4718,61.1353,61.1353,1
5,2420,22.0063,54.4718,73.5326,73.5326,0.569296
5,2421,22.0063,54.4718,58.2016,58.2016,1
5,2422,22.0063,54.4718,58.9206,58.9206,0.967857
5,2423,22.0063,54.4718,66.8184,66.8184,0.698454
5,2424,22.0063,54.4718,65.188,65.188,1
5,2425,22.0063,54.4718,57.069,57.069,1
5,2426,22.0063,54.4718,64.9364,64.9364,0.699417
5,2427,22.0063,54.4718,65.0919,65.0919,0.99296
5,2428,22.0063,54.4718,85.6484,85.6484,0.392932
5,2429,22.0063,54.4718,77.0852,77.0852,1
5,2430,22.0063,54.4718,97.2137,97.2137,0.40065
5,2431,22.0063,54.4718,77.7668,77.7668,1
5,2432,22.0063,54.4718,78.6603,77.7668,0.960209
5,2433,22.0063,54.4718,99.579,99.579,0.371138
5,2434,22.0063,54.4718,99.209,99.209,1
5,2435,22.0063,54.4718,98.0184,98.0184,1
5,2436,22.0063,54.4718,92.1083,92.1083,1
5,2437,22.0063,54.4718,81.5465,81.5465,1
5,2438,22.0063,54.4718,93.9322,93.9322,0.569598
5,2439,22.0063,54.4718,113.81,113.81,0.405244
5,2440,22.0063,54.4718,110.421,110.421,1
5,2441,22.0063,54.4718,133.871,110.421,0.344525
5,2442,22.0063,54.4718,122.063,122.063,0.589176
5,2443,22.0063,54.4718,112.945,112.945,1
5,2444,22.0063,54.4718,129.488,112.945,0.471548
5,2445,22.0063,54.4718,124.253,112.945,0.598172
5,2446,22.0063,54.4718,96.6858,96.6858,1
5,2447,22.0063,54.4718,108.017,96.6858,0.597547
5,2448,22.0063,54.4718,90.5724,90.5724,1
5,2449,22.0063,54.4718,83.305,83.305,1
5,2450,22.0063,54.4718,76.2955,76.2955,1
5,2451,22.0063,54.4718,74.4269,74.4269,1
5,2452,22.0063,54.4718,57.5784,57.5784,1
5,2453,22.0063,54.4718,55.593,55.593,1
5,2454,22.0063,54.4718,78.1014,55.593,0.35958
5,2455,22.0063,54.4718,65.4067,65.4067,0.640215
5,2456,22.0063,54.4718,88.218,65.4067,0.354667
5,2457,22.0063,54.4718,81.5503,81.5503,0.480184
5,2458,22.0063,54.4718,78.3164,78.3164,1
5,2459,22.0063,54.4718,83.0203,83.0203,0.807547
5,2460,22.0063,54.4718,70.9712,70.9712,1
5,2461,22.0063,54.4718,78.6814,78.6814,0.704434
5,2462,22.0063,54.4718,101.893,101.893,0.348266
5,2463,22.0063,54.4718,88.2887,88.2887,1
5,2464,22.0063,54.4718,90.9055,90.9055,0.887885
5,2465,22.0063,54.4718,104.443,104.443,0.540543
5,2466,22.0063,54.4718,119.996,104.443,0.493247
5,2467,22.0063,54.4718,116.191,116.191,0.586357
5,2468,22.0063,54.4718,128.905,116.191,0.561159
5,2469,22.0063,54.4718,137.979,116.191,0.371552
5,2470,22.0063,54.4718,120.982,120.982,0.80434
5,2471,22.0063,54.4718,143.254,120.982,0.363479
5,2472,22.0063,54.4718,131.034,131.034,0.633347
5,2473,22.0063,54.4718,118.67,118.67,1
5,2474,22.0063,54.4718,121.346,121.346,0.885509
5,2475,22.0063,54.4718,101.662,101.662,1
5,2476,22.0063,54.4718,89.7183,89.7183,1
5,2477,22.0063,54.4718,83.6644,83.6644,1
5,2478,22.0063,54.4718,102.225,102.225,0.430242
5,2479,22.0063,54.4718,92.2257,92.2257,1
5,2480,22.0063,54.4718,107.33,92.2257,0.503401
5,2481,22.0063,54.4718,73.8015,73.8015,1
5,2482,22.0063,54.4718,59.2523,59.2523,1
5,2483,22.0063,54.4718,70.1786,70.1786,0.60865
5,2484,22.0063,54.4718,89.2449,89.2449,0.420462
5,2485,22.0063,54.4718,78.7217,78.7217,1
5,2486,22.0063,54.4718,64.7392,64.7392,1
5,2487,22.0063,54.4718,62.6482,62.6482,1
5,2488,22.0063,54.4718,84.4832,62.6482,0.370754
5,2489,22.0063,54.4718,77.1061,77.1061,0.518409
5,2490,22.0063,54.4718,74.5864,74.5864,1
5,2491,22.0063,54.4718,67.6457,67.6457,1
5,2492,22.0063,54.4718,56.4744,56.4744,1
5,2493,22.0063,54.4718,59.8601,59.8601,0.857398
5,2494,22.0063,54.4718,80.8583,59.8601,0.385125
5,2495,22.0063,54.4718,58.5276,58.5276,1
5,2496,22.0063,54.4718,57.3602,57.3602,1
5,2497,22.0063,54.4718,66.7248,57.3602,0.653416
5,2498,22.0063,54.4718,54.8932,54.8932,1
5,2499,22.0063,54.4718,69.0845,69.0845,0.524727
5,2500,22.0063,54.4718,58.7345,58.7345,1
5,2501,22.0063,54.4718,55.75,55.75,1
5,2502,22.0063,54.4718,56.3056,56.3056,0.97507
5,2503,22.0063,54.4718,55.7901,55.7901,1
5,2504,22.0063,54.4718,66.0724,66.0724,0.62673
5,2505,22.0063,54.4718,89.5392,89.5392,0.344257
5,2506,22.0063,54.4718,72.079,72.079,1
5,2507,22.0063,54.4718,84.1506,84.1506,0.577784
5,2508,22.0063,54.4718,93.3992,93.3992,0.65687
5,2509,22.0063,54.4718,94.1057,93.3992,0.968407
5,2510,22.0063,54.4718,86.3195,86.3195,1
5,2511,22.0063,54.4718,71.6277,71.6277,1
5,2512,22.0063,54.4718,71.0713,71.0713,1
5,2513,22.0063,54.4718,62.4395,62.4395,1
5,2514,22.0063,54.4718,81.9727,81.9727,0.411636
5,2515,22.0063,54.4718,66.0394,66.0394,1
5,2516,22.0063,54.4718,57.7358,57.7358,1
5,2517,22.0063,54.4718,60.4812,60.4812,0.882715
5,2518,22.0063,54.4718,81.0871,60.4812,0.392051
5,2519,22.0063,54.4718,72.4536,60.4812,0.580397
5,2520,22.0063,54.4718,79.9016,60.4812,0.41375
5,2521,22.0063,54.4718,56.0969,56.0969,1
5,2522,22.0063,54.4718,64.695,56.0969,0.676575
5,2523,22.0063,54.4718,65.3241,65.3241,0.657508
5,2524,22.0063,54.4718,60.7211,60.7211,1
5,2525,22.0063,54.4718,58.4412,58.4412,1
5,2526,22.0063,54.4718,78.3296,58.4412,0.405045
5,2527,22.0063,54.4718,75.1782,58.4412,0.467407
5,2528,22.0063,54.4718,77.5731,77.5731,0.41921
5,2529,22.0063,54.4718,60.0153,60.0153,1
5,2530,22.0063,54.4718,64.6392,64.6392,0.810489
5,2531,22.0063,54.4718,62.0518,62.0518,1
5,2532,22.0063,54.4718,59.0108,59.0108,1
5,2533,22.0063,54.4718,79.2561,59.0108,0.398529
5,2534,22.0063,54.4718,77.1678,77.1678,0.4382
5,2535,22.0063,54.4718,79.2269,79.2269,0.910674
5,2536,22.0063,54.4718,68.1829,68.1829,1
5,2537,22.0063,54.4718,81.4599,81.4599,0.546991
5,2538,22.0063,54.4718,74.5195,74.5195,1
5,2539,22.0063,54.4718,85.285,74.5195,0.613117
5,2540,22.0063,54.4718,84.8237,84.8237,0.626105
5,2541,22.0063,54.4718,89.1774,84.8237,0.820504
5,2542,22.0063,54.4718,89.1296,89.1296,0.822288
5,2543,22.0063,54.4718,98.7834,98.7834,0.644886
5,2544,22.0063,54.4718,113.52,113.52,0.511878
5,2545,22.0063,54.4718,110.821,110.821,1
5,2546,22.0063,54.4718,95.862,95.862,1
5,2547,22.0063,54.4718,108.98,108.98,0.550959
5,2548,22.0063,54.4718,114.8,114.8,0.767599
5,2549,22.0063,54.4718,102.581,102.581,1
5,2550,22.0063,54.4718,125.219,125.219,0.357473
5,2551,20.906,54.4718,115.492,115.492,1
5,2552,20.906,54.4718,119.656,119.656,0.819388
5,2553,20.906,54.4718,124.996,124.996,0.774593
5,2554,20.906,54.4718,120.416,120.416,1
5,2555,20.906,54.4718,106.291,106.291,1
5,2556,20.906,54.4718,108.027,108.027,0.920311
5,2557,20.906,54.4718,127.52,127.52,0.393595
5,2558,20.906,54.4718,105.419,105.419,1
5,2559,20.906,54.4718,125.676,125.676,0.379487
5,2560,20.906,54.4718,105.36,105.36,1
5,2561,20.906,54.4718,112.844,112.844,0.699073
5,2562,20.906,54.4718,107.961,107.961,1
5,2563,20.906,54.4718,131.534,107.961,0.323828
5,2564,20.906,54.4718,96.1873,96.1873,1
5,2565,20.906,54.4718,86.1101,86.1101,1
5,2566,20.906,54.4718,62.1688,62.1688,1
5,2567,20.906,54.4718,61.812,61.812,1
5,2568,20.906,54.4718,58.1038,58.1038,1
5,2569,20.906,54.4718,66.9109,66.9109,0.65621
5,2570,20.906,54.4718,69.148,69.148,0.898518
5,2571,20.906,54.4718,59.1968,59.1968,1
5,2572,20.906,54.4718,82.6648,82.6648,0.325449
5,2573,20.906,54.4718,62.2166,62.2166,1
5,2574,20.906,54.4718,55.1747,55.1747,1
5,2575,20.906,54.4718,65.5867,65.5867,0.607723
5,2576,20.906,54.4718,75.3048,65.5867,0.628229
5,2577,20.906,54.4718,82.6109,82.6109,0.44294
5,2578,20.906,54.4718,65.2937,65.2937,1
5,2579,20.906,54.4718,74.0796,65.2937,0.656877
5,2580,20.906,54.4718,73.1885,73.1885,0.685483
5,2581,20.906,54.4718,96.1448,73.1885,0.333514
5,2582,20.906,54.4718,90.1318,73.1885,0.444658
5,2583,20.906,54.4718,56.1718,56.1718,1
5,2584,20.906,54.4718,57.7724,57.7724,0.926297
5,2585,20.906,54.4718,77.2194,77.2194,0.394471
5,2586,20.906,54.4718,82.2901,77.2194,0.784627
5,2587,20.906,54.4718,96.8398,77.2194,0.391212
5,2588,20.906,54.4718,58.775,58.775,1
5,2589,20.906,54.4718,56.1831,56.1831,1
5,2590,20.906,54.4718,59.0701,59.0701,0.871018
5,2591,20.906,54.4718,74.3542,59.0701,0.481385
5,2592,20.906,54.4718,76.413,59.0701,0.436239
5,2593,20.906,54.4718,77.2751,59.0701,0.418616
5,2594,20.906,54.4718,58.2516,58.2516,1
5,2595,20.906,54.4718,69.3705,69.3705,0.587516
5,2596,20.906,54.4718,67.9163,67.9163,1
5,2597,20.906,54.4718,86.6676,67.9163,0.407819
5,2598,20.906,54.4718,81.9248,67.9163,0.511673
5,2599,20.906,54.4718,57.1012,57.1012,1
5,2600,20.906,54.4718,69.361,57.1012,0.556313
5,2601,20.906,54.4718,58.9761,58.9761,0.914223
5,2602,20.906,54.4718,63.9067,63.9067,0.789903
5,2603,20.906,54.4718,66.8821,66.8821,0.86734
5,2604,20.906,54.4718,88.8795,88.8795,0.349167
5,2605,20.906,54.4718,69.3668,69.3668,1
5,2606,20.906,54.4718,84.8238,69.3668,0.477421
5,2607,20.906,54.4718,59.9234,59.9234,1
5,2608,20.906,54.4718,65.6618,65.6618,0.759963
5,2609,20.906,54.4718,57.3601,57.3601,1
5,2610,20.906,54.4718,66.9568,57.3601,0.631888
5,2611,20.906,54.4718,58.1655,58.1655,0.962206
5,2612,20.906,54.4718,76.8965,58.1655,0.408215
5,2613,20.906,54.4718,73.0007,73.0007,0.491833
5,2614,20.906,54.4718,67.4999,67.4999,1
5,2615,20.906,54.4718,80.5394,80.5394,0.535948
5,2616,20.906,54.4718,87.6791,87.6791,0.710693
5,2617,20.906,54.4718,70.4876,70.4876,1
5,2618,20.906,54.4718,94.2023,94.2023,0.321633
5,2619,20.906,54.4718,115.762,115.762,0.356549
5,2620,20.906,54.4718,137.594,137.594,0.351941
5,2621,20.906,54.4718,161.669,137.594,0.316137
5,2622,20.906,54.4718,160.998,160.998,0.326451
5,2623,20.906,54.4718,180.332,180.332,0.396604
5,2624,20.906,54.4718,194.376,194.376,0.510819
5,2625,20.906,54.4718,188.055,188.055,1
5,2626,20.906,54.4718,168.563,168.563,1
5,2627,20.906,54.4718,156.59,156.59,1
5,2628,20.906,54.4718,159.785,159.785,0.858257
5,2629,20.906,54.4718,159.617,159.617,1
5,2630,20.906,54.4718,149.192,149.192,1
5,2631,20.906,54.4718,159.129,149.192,0.621685
5,2632,20.906,54.4718,137.598,137.598,1
5,2633,20.906,54.4718,116.114,116.114,1
5,2634,20.906,54.4718,133.747,133.747,0.430225
5,2635,20.906,54.4718,121.191,121.191,1
5,2636,20.906,54.4718,99.945,99.945,1
5,2637,20.906,54.4718,120.495,99.945,0.37419
5,2638,20.906,54.4718,85.7772,85.7772,1
5,2639,20.906,54.4718,85.4196,85.4196,1
5,2640,20.906,54.4718,71.3383,71.3383,1
5,2641,20.906,54.4718,57.7821,57.7821,1
5,2642,20.906,54.4718,78.297,57.7821,0.374827
5,2643,20.906,54.4718,66.4655,66.4655,0.660108
5,2644,20.906,54.4718,77.3714,77.3714,0.593532
5,2645,20.906,54.4718,86.7636,86.7636,0.638101
5,2646,20.906,54.4718,84.0255,84.0255,1
5,2647,20.906,54.4718,73.1773,73.1773,1
5,2648,20.906,54.4718,56.7718,56.7718,1
5,2649,20.906,54.4718,70.4666,56.7718,0.519409
5,2650,20.906,54.4718,58.6022,58.6022,0.916169
5,2651,20.906,54.4718,72.5861,72.5861,0.512275
5,2652,20.906,54.4718,94.1021,72.5861,0.357302
5,2653,20.906,54.4718,56.8196,56.8196,1
5,2654,20.906,54.4718,68.4532,68.4532,0.573227
5,2655,20.906,54.4718,54.6405,54.6405,1
5,2656,20.906,54.4718,71.7395,71.7395,0.441359
5,2657,20.906,54.4718,63.2123,63.2123,1
5,2658,20.906,54.4718,84.8065,63.2123,0.355968
5,2659,20.906,54.4718,83.7298,63.2123,0.374782
5,2660,20.906,54.4718,81.8611,81.8611,0.409823
5,2661,20.906,54.4718,94.7583,81.8611,0.53961
5,2662,20.906,54.4718,62.2207,62.2207,1
5,2663,20.906,54.4718,67.0488,67.0488,0.793785
5,2664,20.906,54.4718,82.511,82.511,0.477302
5,2665,20.906,54.4718,60.4202,60.4202,1
5,2666,20.906,54.4718,79.9493,60.4202,0.392924
5,2667,20.906,54.4718,68.8238,60.4202,0.668999
5,2668,20.906,54.4718,64.129,64.129,0.83744
5,2669,20.906,54.4718,69.5071,69.5071,0.773175
5,2670,20.906,54.4718,55.1982,55.1982,1
5,2671,20.906,54.4718,79.4823,55.1982,0.312991
5,2672,20.906,54.4718,60.3051,60.3051,0.783272
5,2673,20.906,54.4718,66.7341,66.7341,0.735266
5,2674,20.906,54.4718,88.1426,66.7341,0.359143
5,2675,20.906,54.4718,60.073,60.073,1
5,2676,20.906,54.4718,77.5636,60.073,0.433167
5,2677,20.906,54.4718,66.4693,66.4693,0.736421
5,2678,20.906,54.4718,90.357,66.4693,0.31898
5,2679,20.906,54.4718,89.3083,66.4693,0.33539
5,2680,20.906,54.4718,73.0427,66.4693,0.730207
5,2681,20.906,54.4718,57.3294,57.3294,1
5,2682,20.906,54.4718,64.6912,64.6912,0.703184
5,2683,20.906,54.4718,67.9889,67.9889,0.854071
5,2684,20.906,54.4718,56.6528,56.6528,1
5,2685,20.906,54.4718,59.2485,59.2485,0.88324
5,2686,20.906,54.4718,55.7635,55.7635,1
5,2687,20.906,54.4718,73.0906,55.7635,0.436567
5,2688,20.906,54.4718,60.8456,55.7635,0.784196
5,2689,20.906,54.4718,72.4802,55.7635,0.449502
5,2690,20.906,54.4718,78.5564,55.7635,0.33613
5,2691,20.906,54.4718,54.7993,54.7993,1
5,2692,20.906,54.4718,71.0291,71.0291,0.460094
5,2693,20.906,54.4718,61.747,61.747,1
5,2694,20.906,54.4718,81.7714,81.7714,0.383726
5,2695,20.906,54.4718,84.9179,84.9179,0.860271
5,2696,20.906,54.4718,84.3949,84.3949,1
5,2697,20.906,54.4718,83.8584,83.8584,1
5,2698,20.906,54.4718,75.9808,75.9808,1
5,2699,20.906,54.4718,83.4126,75.9808,0.700834
5,2700,20.906,54.4718,73.3114,73.3114,1
5,2701,19.8607,54.4718,57.2203,57.2203,1
5,2702,19.8607,54.4718,62.0864,62.0864,0.782695
5,2703,19.8607,54.4718,65.1305,65.1305,0.857895
5,2704,19.8607,54.4718,89.699,65.1305,0.290243
5,2705,19.8607,54.4718,88.1833,65.1305,0.31326
5,2706,19.8607,54.4718,79.9474,79.9474,0.474242
5,2707,19.8607,54.4718,84.5101,84.5101,0.794742
5,2708,19.8607,54.4718,84.095,84.095,1
5,2709,19.8607,54.4718,106.216,106.216,0.328306
5,2710,19.8607,54.4718,88.3831,88.3831,1
5,2711,19.8607,54.4718,68.7509,68.7509,1
5,2712,19.8607,54.4718,76.1671,76.1671,0.688382
5,2713,19.8607,54.4718,93.7842,76.1671,0.411876
5,2714,19.8607,54.4718,65.4606,65.4606,1
5,2715,19.8607,54.4718,73.7435,73.7435,0.658987
5,2716,19.8607,54.4718,66.0205,66.0205,1
5,2717,19.8607,54.4718,77.0812,77.0812,0.572976
5,2718,19.8607,54.4718,56.5112,56.5112,1
5,2719,19.8607,54.4718,66.4943,56.5112,0.604922
5,2720,19.8607,54.4718,70.3842,56.5112,0.497325
5,2721,19.8607,54.4718,56.9671,56.9671,0.977306
5,2722,19.8607,54.4718,56.2099,56.2099,1
5,2723,19.8607,54.4718,57.7895,57.7895,0.923546
5,2724,19.8607,54.4718,81.4731,81.4731,0.303466
5,2725,19.8607,54.4718,96.6644,81.4731,0.465385
5,2726,19.8607,54.4718,72.8641,72.8641,1
5,2727,19.8607,54.4718,93.0644,72.8641,0.361644
5,2728,19.8607,54.4718,93.0394,72.8641,0.362098
5,2729,19.8607,54.4718,89.6857,89.6857,0.428709
5,2730,19.8607,54.4718,100.492,89.6857,0.58035
5,2731,19.8607,54.4718,91.9596,91.9596,0.891819
5,2732,19.8607,54.4718,110.565,91.9596,0.391889
5,2733,19.8607,54.4718,79.788,79.788,1
5,2734,19.8607,54.4718,59.1183,59.1183,1
5,2735,19.8607,54.4718,60.6596,60.6596,0.92533
5,2736,19.8607,54.4718,77.5903,77.5903,0.426358
5,2737,19.8607,54.4718,69.271,69.271,1
5,2738,19.8607,54.4718,60.1494,60.1494,1
5,2739,19.8607,54.4718,84.7659,60.1494,0.289541
5,2740,19.8607,54.4718,72.7588,72.7588,0.529994
5,2741,19.8607,54.4718,69.1175,69.1175,1
5,2742,19.8607,54.4718,67.8203,67.8203,1
5,2743,19.8607,54.4718,54.6076,54.6076,1
5,2744,19.8607,54.4718,63.6304,54.6076,0.634887
5,2745,19.8607,54.4718,57.2642,57.2642,0.874796
5,2746,19.8607,54.4718,76.5703,57.2642,0.378297
5,2747,19.8607,54.4718,68.4939,57.2642,0.568121
5,2748,19.8607,54.4718,78.0318,78.0318,0.351459
5,2749,19.8607,54.4718,63.4329,63.4329,1
5,2750,19.8607,54.4718,83.5664,63.4329,0.362861
5,2751,19.8607,54.4718,60.9989,60.9989,1
5,2752,19.8607,54.4718,75.8771,75.8771,0.472779
5,2753,19.8607,54.4718,61.749,61.749,1
5,2754,19.8607,54.4718,81.6247,81.6247,0.367602
5,2755,19.8607,54.4718,59.8852,59.8852,1
5,2756,19.8607,54.4718,73.1234,59.8852,0.513476
5,2757,19.8607,54.4718,59.8947,59.8947,0.999522
5,2758,19.8607,54.4718,75.7159,59.8947,0.450855
5,2759,19.8607,54.4718,76.167,59.8947,0.440731
5,2760,19.8607,54.4718,62.4336,62.4336,0.88
5,2761,19.8607,54.4718,77.8287,62.4336,0.460632
5,2762,19.8607,54.4718,85.1464,85.1464,0.318668
5,2763,19.8607,54.4718,79.4515,79.4515,1
5,2764,19.8607,54.4718,98.1767,79.4515,0.389526
5,2765,19.8607,54.4718,61.2963,61.2963,1
5,2766,19.8607,54.4718,74.957,61.2963,0.502668
5,2767,19.8607,54.4718,62.2593,62.2593,0.95267
5,2768,19.8607,54.4718,73.5651,62.2593,0.565945
5,2769,19.8607,54.4718,73.0427,73.0427,0.581029
5,2770,19.8607,54.4718,59.8601,59.8601,1
5,2771,19.8607,54.4718,57.7147,57.7147,1
5,2772,19.8607,54.4718,79.4018,57.7147,0.33556
5,2773,19.8607,54.4718,57.782,57.782,0.996619
5,2774,19.8607,54.4718,58.0503,58.0503,0.986581
5,2775,19.8607,54.4718,76.8391,58.0503,0.388281
5,2776,19.8607,54.4718,66.0415,66.0415,0.668739
5,2777,19.8607,54.4718,82.9071,82.9071,0.427759
5,2778,19.8607,54.4718,81.5178,81.5178,1
5,2779,19.8607,54.4718,97.0461,81.5178,0.457553
5,2780,19.8607,54.4718,87.5099,87.5099,0.739553
5,2781,19.8607,54.4718,65.4084,65.4084,1
5,2782,19.8607,54.4718,68.3482,68.3482,0.862411
5,2783,19.8607,54.4718,92.801,92.801,0.291938
5,2784,19.8607,54.4718,71.7928,71.7928,1
5,2785,19.8607,54.4718,77.986,77.986,0.732103
5,2786,19.8607,54.4718,80.5297,80.5297,0.879788
5,2787,19.8607,54.4718,66.3926,66.3926,1
5,2788,19.8607,54.4718,67.5056,67.5056,0.945503
5,2789,19.8607,54.4718,72.6645,72.6645,0.771241
5,2790,19.8607,54.4718,77.1005,77.1005,0.799831
5,2791,19.8607,54.4718,56.4095,56.4095,1
5,2792,19.8607,54.4718,65.3606,65.3606,0.637187
5,2793,19.8607,54.4718,88.1967,88.1967,0.316695
5,2794,19.8607,54.4718,70.4359,70.4359,1
5,2795,19.8607,54.4718,83.0913,70.4359,0.528768
5,2796,19.8607,54.4718,92.9201,92.9201,0.322358
5,2797,19.8607,54.4718,90.6513,90.6513,1
5,2798,19.8607,54.4718,101.364,90.6513,0.583113
5,2799,19.8607,54.4718,96.9555,96.9555,0.728023
5,2800,19.8607,54.4718,74.3387,74.3387,1
5,2801,19.8607,54.4718,59.2314,59.2314,1
5,2802,19.8607,54.4718,74.6747,59.2314,0.459518
5,2803,19.8607,54.4718,73.9892,73.9892,0.475654
5,2804,19.8607,54.4718,61.6856,61.6856,1
5,2805,19.8607,54.4718,63.0549,63.0549,0.933376
5,2806,19.8607,54.4718,68.373,63.0549,0.765085
5,2807,19.8607,54.4718,63.6056,63.6056,0.972653
5,2808,19.8607,54.4718,61.8849,61.8849,1
5,2809,19.8607,54.4718,55.5563,55.5563,1
5,2810,19.8607,54.4718,78.8501,55.5563,0.309482
5,2811,19.8607,54.4718,54.6652,54.6652,1
5,2812,19.8607,54.4718,65.9552,65.9552,0.566398
5,2813,19.8607,54.4718,87.654,87.654,0.33536
5,2814,19.8607,54.4718,65.4834,65.4834,1
5,2815,19.8607,54.4718,64.2614,64.2614,1
5,2816,19.8607,54.4718,64.7446,64.7446,0.975964
5,2817,19.8607,54.4718,81.7867,64.7446,0.423974
5,2818,19.8607,54.4718,73.7724,64.7446,0.634728
5,2819,19.8607,54.4718,77.3271,64.7446,0.53071
5,2820,19.8607,54.4718,70.505,70.505,0.748233
5,2821,19.8607,54.4718,58.0292,58.0292,1
5,2822,19.8607,54.4718,68.8047,68.8047,0.581265
5,2823,19.8607,54.4718,82.6228,82.6228,0.4987
5,2824,19.8607,54.4718,72.4708,72.4708,1
5,2825,19.8607,54.4718,75.0745,75.0745,0.877136
5,2826,19.8607,54.4718,75.6829,75.6829,0.969827
5,2827,19.8607,54.4718,60.5697,60.5697,1
5,2828,19.8607,54.4718,82.0363,60.5697,0.339304
5,2829,19.8607,54.4718,75.6427,75.6427,0.468164
5,2830,19.8607,54.4718,89.4433,89.4433,0.499139
5,2831,19.8607,54.4718,92.4985,92.4985,0.857417
5,2832,19.8607,54.4718,109.191,109.191,0.431514
5,2833,19.8607,54.4718,86.6889,86.6889,1
5,2834,19.8607,54.4718,102.697,102.697,0.446638
5,2835,19.8607,54.4718,84.0142,84.0142,1
5,2836,19.8607,54.4718,68.4171,68.4171,1
5,2837,19.8607,54.4718,60.698,60.698,1
5,2838,19.8607,54.4718,68.7565,60.698,0.666476
5,2839,19.8607,54.4718,69.8755,60.698,0.629961
5,2840,19.8607,54.4718,73.7666,60.698,0.517877
5,2841,19.8607,54.4718,78.4104,78.4104,0.409904
5,2842,19.8607,54.4718,91.7037,91.7037,0.512052
5,2843,19.8607,54.4718,71.7988,71.7988,1
5,2844,19.8607,54.4718,82.6782,82.6782,0.578229
5,2845,19.8607,54.4718,76.0306,76.0306,1
5,2846,19.8607,54.4718,90.9322,76.0306,0.472223
5,2847,19.8607,54.4718,88.6927,88.6927,0.528587
5,2848,19.8607,54.4718,64.9404,64.9404,1
5,2849,19.8607,54.4718,74.6901,64.9404,0.61207
5,2850,19.8607,54.4718,58.9838,58.9838,1
5,2851,18.8677,54.4718,63.7571,63.7571,0.776477
5,2852,18.8677,54.4718,84.8907,63.7571,0.326248
5,2853,18.8677,54.4718,81.3771,63.7571,0.393029
5,2854,18.8677,54.4718,72.2343,63.7571,0.638076
5,2855,18.8677,54.4718,62.3071,62.3071,1
5,2856,18.8677,54.4718,84.4179,84.4179,0.309782
5,2857,18.8677,54.4718,86.327,86.327,0.903769
5,2858,18.8677,54.4718,71.3765,71.3765,1
5,2859,18.8677,54.4718,78.0589,71.3765,0.701753
5,2860,18.8677,54.4718,63.5709,63.5709,1
5,2861,18.8677,54.4718,57.8948,57.8948,1
5,2862,18.8677,54.4718,73.7435,57.8948,0.431713
5,2863,18.8677,54.4718,70.0558,57.8948,0.524903
5,2864,18.8677,54.4718,60.1613,60.1613,0.886811
5,2865,18.8677,54.4718,84.1717,60.1613,0.28011
5,2866,18.8677,54.4718,68.354,68.354,0.64777
5,2867,18.8677,54.4718,77.6287,68.354,0.611669
5,2868,18.8677,54.4718,68.6857,68.6857,0.98257
5,2869,18.8677,54.4718,81.2677,68.6857,0.513321
5,2870,18.8677,54.4718,62.2323,62.2323,1
5,2871,18.8677,54.4718,62.1859,62.1859,1
5,2872,18.8677,54.4718,68.5934,68.5934,0.712056
5,2873,18.8677,54.4718,86.5794,86.5794,0.385478
5,2874,18.8677,54.4718,96.0465,96.0465,0.605462
5,2875,18.8677,54.4718,114.292,114.292,0.38021
5,2876,18.8677,54.4718,106.364,106.364,1
5,2877,18.8677,54.4718,109.974,109.974,0.825869
5,2878,18.8677,54.4718,115.25,115.25,0.756047
5,2879,18.8677,54.4718,90.9999,90.9999,1
5,2880,18.8677,54.4718,82.5821,82.5821,1
5,2881,18.8677,54.4718,75.9847,75.9847,1
5,2882,18.8677,54.4718,95.2495,75.9847,0.360216
5,2883,18.8677,54.4718,81.9937,75.9847,0.727252
5,2884,18.8677,54.4718,82.7377,82.7377,0.699131
5,2885,18.8677,54.4718,96.2485,96.2485,0.488664
5,2886,18.8677,54.4718,73.5901,73.5901,1
5,2887,18.8677,54.4718,56.99,56.99,1
5,2888,18.8677,54.4718,70.4666,70.4666,0.489549
5,2889,18.8677,54.4718,81.4462,70.4666,0.558823
5,2890,18.8677,54.4718,78.9293,70.4666,0.638568
5,2891,18.8677,54.4718,84.4988,84.4988,0.475346
5,2892,18.8677,54.4718,108.581,84.4988,0.27905
5,2893,18.8677,54.4718,90.5765,90.5765,0.724609
5,2894,18.8677,54.4718,84.6734,84.6734,1
5,2895,18.8677,54.4718,103.661,84.6734,0.365552
5,2896,18.8677,54.4718,69.7086,69.7086,1
5,2897,18.8677,54.4718,72.9332,72.9332,0.842899
5,2898,18.8677,54.4718,84.718,72.9332,0.535474
5,2899,18.8677,54.4718,74.569,74.569,0.916953
5,2900,18.8677,54.4718,56.4381,56.4381,1
5,2901,18.8677,54.4718,72.889,72.889,0.418153
5,2902,18.8677,54.4718,87.4847,87.4847,0.461359
5,2903,18.8677,54.4718,83.3412,83.3412,1
5,2904,18.8677,54.4718,98.8334,98.8334,0.439949
5,2905,18.8677,54.4718,120.084,98.8334,0.32424
5,2906,18.8677,54.4718,120.888,98.8334,0.310705
5,2907,18.8677,54.4718,98.3635,98.3635,1
5,2908,18.8677,54.4718,119.243,119.243,0.330679
5,2909,18.8677,54.4718,101.392,101.392,1
5,2910,18.8677,54.4718,101.005,101.005,1
5,2911,18.8677,54.4718,121.274,101.005,0.341538
5,2912,18.8677,54.4718,84.1199,84.1199,1
5,2913,18.8677,54.4718,64.0197,64.0197,1
5,2914,18.8677,54.4718,88.4985,64.0197,0.273244
5,2915,18.8677,54.4718,80.5143,64.0197,0.417184
5,2916,18.8677,54.4718,54.8626,54.8626,1
5,2917,18.8677,54.4718,65.3987,65.3987,0.572111
5,2918,18.8677,54.4718,74.8247,65.3987,0.606783
5,2919,18.8677,54.4718,56.8368,56.8368,1
5,2920,18.8677,54.4718,75.8521,56.8368,0.365012
5,2921,18.8677,54.4718,71.9657,56.8368,0.448502
5,2922,18.8677,54.4718,63.0281,63.0281,0.72026
5,2923,18.8677,54.4718,75.4336,75.4336,0.518145
5,2924,18.8677,54.4718,63.009,63.009,1
5,2925,18.8677,54.4718,62.2975,62.2975,1
5,2926,18.8677,54.4718,68.8566,62.2975,0.706358
5,2927,18.8677,54.4718,68.1408,62.2975,0.733668
5,2928,18.8677,54.4718,59.0627,59.0627,1
5,2929,18.8677,54.4718,61.9426,61.9426,0.858441
5,2930,18.8677,54.4718,59.3041,59.3041,1
5,2931,18.8677,54.4718,58.8017,58.8017,1
5,2932,18.8677,54.4718,76.5301,58.8017,0.390776
5,2933,18.8677,54.4718,54.6211,54.6211,1
5,2934,18.8677,54.4718,55.4166,55.4166,0.958713
5,2935,18.8677,54.4718,64.206,64.206,0.627607
5,2936,18.8677,54.4718,59.9655,59.9655,1
5,2937,18.8677,54.4718,69.6031,69.6031,0.600015
5,2938,18.8677,54.4718,61.049,61.049,1
5,2939,18.8677,54.4718,85.2426,61.049,0.277404
5,2940,18.8677,54.4718,61.4422,61.4422,0.979377
5,2941,18.8677,54.4718,65.4413,65.4413,0.809001
5,2942,18.8677,54.4718,86.86,86.86,0.321355
5,2943,18.8677,54.4718,76.7451,76.7451,1
5,2944,18.8677,54.4718,92.595,76.7451,0.431686
5,2945,18.8677,54.4718,89.9182,76.7451,0.497486
5,2946,18.8677,54.4718,68.346,68.346,1
5,2947,18.8677,54.4718,64.0062,64.0062,1
5,2948,18.8677,54.4718,72.0233,64.0062,0.653828
5,2949,18.8677,54.4718,57.91,57.91,1
5,2950,18.8677,54.4718,73.0311,57.91,0.448689
5,2951,18.8677,54.4718,72.4571,57.91,0.462548
5,2952,18.8677,54.4718,72.1981,57.91,0.468941
5,2953,18.8677,54.4718,65.8843,65.8843,0.655313
5,2954,18.8677,54.4718,77.1697,65.8843,0.549836
5,2955,18.8677,54.4718,83.8219,83.8219,0.386469
5,2956,18.8677,54.4718,66.2698,66.2698,1
5,2957,18.8677,54.4718,89.9125,89.9125,0.285623
5,2958,18.8677,54.4718,109.989,109.989,0.345047
5,2959,18.8677,54.4718,112.705,112.705,0.865943
5,2960,18.8677,54.4718,112.794,112.794,0.995309
5,2961,18.8677,54.4718,89.1831,89.1831,1
5,2962,18.8677,54.4718,80.4241,80.4241,1
5,2963,18.8677,54.4718,96.1272,96.1272,0.43506
5,2964,18.8677,54.4718,113.245,113.245,0.40362
5,2965,18.8677,54.4718,89.7007,89.7007,1
5,2966,18.8677,54.4718,77.5326,77.5326,1
5,2967,18.8677,54.4718,89.9797,89.9797,0.517003
5,2968,18.8677,54.4718,66.1491,66.1491,1
5,2969,18.8677,54.4718,86.9019,66.1491,0.332901
5,2970,18.8677,54.4718,63.5095,63.5095,1
5,2971,18.8677,54.4718,57.6035,57.6035,1
5,2972,18.8677,54.4718,79.7728,57.6035,0.308823
5,2973,18.8677,54.4718,68.7202,57.6035,0.554776
5,2974,18.8677,54.4718,57.893,57.6035,0.984775
5,2975,18.8677,54.4718,74.2964,74.2964,0.412823
5,2976,18.8677,54.4718,88.2123,74.2964,0.478285
5,2977,18.8677,54.4718,61.3499,61.3499,1
5,2978,18.8677,54.4718,77.7784,61.3499,0.418648
5,2979,18.8677,54.4718,63.3215,61.3499,0.900775
5,2980,18.8677,54.4718,77.0315,77.0315,0.435554
5,2981,18.8677,54.4718,95.2516,77.0315,0.380726
5,2982,18.8677,54.4718,100.172,77.0315,0.293322
5,2983,18.8677,54.4718,101.292,77.0315,0.27642
5,2984,18.8677,54.4718,55.0637,55.0637,1
5,2985,18.8677,54.4718,61.2117,61.2117,0.721911
5,2986,18.8677,54.4718,71.9891,71.9891,0.564844
5,2987,18.8677,54.4718,92.7627,71.9891,0.332533
5,2988,18.8677,54.4718,82.7457,82.7457,0.565465
5,2989,18.8677,54.4718,80.6526,80.6526,1
5,2990,18.8677,54.4718,86.1674,86.1674,0.746554
5,2991,18.8677,54.4718,87.787,87.787,0.917741
5,2992,18.8677,54.4718,80.8009,80.8009,1
5,2993,18.8677,54.4718,67.7205,67.7205,1
5,2994,18.8677,54.4718,68.7794,68.7794,0.945424
5,2995,18.8677,54.4718,82.8782,82.8782,0.473669
5,2996,18.8677,54.4718,65.7211,65.7211,1
5,2997,18.8677,54.4718,59.3961,59.3961,1
5,2998,18.8677,54.4718,61.0471,61.0471,0.916216
5,2999,18.8677,54.4718,64.8906,64.8906,0.815701
5,3000,18.8677,54.4718,84.6835,64.8906,0.350275
5,3001,17.9243,54.4718,75.8211,64.8906,0.543452
5,3002,17.9243,54.4718,61.7932,61.7932,1
5,3003,17.9243,54.4718,60.2093,60.2093,1
5,3004,17.9243,54.4718,79.1426,60.2093,0.347744
5,3005,17.9243,54.4718,72.9218,60.2093,0.492021
5,3006,17.9243,54.4718,64.0676,64.0676,0.806339
5,3007,17.9243,54.4718,73.2638,73.2638,0.598661
5,3008,17.9243,54.4718,60.5236,60.5236,1
5,3009,17.9243,54.4718,66.5502,66.5502,0.714463
5,3010,17.9243,54.4718,80.2588,80.2588,0.465423
5,3011,17.9243,54.4718,57.2605,57.2605,1
5,3012,17.9243,54.4718,54.623,54.623,1
5,3013,17.9243,54.4718,64.0963,64.0963,0.589478
5,3014,17.9243,54.4718,63.9026,63.9026,1
5,3015,17.9243,54.4718,77.7897,63.9026,0.460812
5,3016,17.9243,54.4718,76.3148,76.3148,0.500334
5,3017,17.9243,54.4718,100.455,76.3148,0.260071
5,3018,17.9243,54.4718,66.9223,66.9223,1
5,3019,17.9243,54.4718,66.9431,66.9431,0.998843
5,3020,17.9243,54.4718,64.1234,64.1234,1
5,3021,17.9243,54.4718,61.2619,61.2619,1
5,3022,17.9243,54.4718,62.6025,61.2619,0.927935
5,3023,17.9243,54.4718,72.4303,61.2619,0.536286
5,3024,17.9243,54.4718,55.7672,55.7672,1
5,3025,17.9243,54.4718,54.7015,54.7015,1
5,3026,17.9243,54.4718,74.9034,54.7015,0.323983
5,3027,17.9243,54.4718,73.9567,54.7015,0.341554
5,3028,17.9243,54.4718,58.9798,58.9798,0.787661
5,3029,17.9243,54.4718,65.9783,65.9783,0.676757
5,3030,17.9243,54.4718,80.1321,65.9783,0.454006
5,3031,17.9243,54.4718,88.3714,65.9783,0.2867
5,3032,17.9243,54.4718,68.6549,68.6549,0.861285
5,3033,17.9243,54.4718,70.624,68.6549,0.895962
5,3034,17.9243,54.4718,90.4627,68.6549,0.296218
5,3035,17.9243,54.4718,90.3952,68.6549,0.297334
5,3036,17.9243,54.4718,72.8681,72.8681,0.790526
5,3037,17.9243,54.4718,70.7545,70.7545,1
5,3038,17.9243,54.4718,57.985,57.985,1
5,3039,17.9243,54.4718,77.3826,57.985,0.338852
5,3040,17.9243,54.4718,76.5226,57.985,0.355505
5,3041,17.9243,54.4718,61.375,57.985,0.82768
5,3042,17.9243,54.4718,80.4701,80.4701,0.285234
5,3043,17.9243,54.4718,69.5629,69.5629,1
5,3044,17.9243,54.4718,77.9535,69.5629,0.626182
5,3045,17.9243,54.4718,89.5623,89.5623,0.327662
5,3046,17.9243,54.4718,93.6382,93.6382,0.796606
5,3047,17.9243,54.4718,101.429,93.6382,0.647508
5,3048,17.9243,54.4718,103.898,93.6382,0.564178
5,3049,17.9243,54.4718,75.5985,75.5985,1
5,3050,17.9243,54.4718,79.6228,75.5985,0.798901
5,3051,17.9243,54.4718,65.5906,65.5906,1
5,3052,17.9243,54.4718,81.7536,65.5906,0.405865
5,3053,17.9243,54.4718,84.3565,84.3565,0.351007
5,3054,17.9243,54.4718,71.5125,71.5125,1
5,3055,17.9243,54.4718,69.9045,69.9045,1
5,3056,17.9243,54.4718,77.7401,77.7401,0.645874
5,3057,17.9243,54.4718,96.443,77.7401,0.35224
5,3058,17.9243,54.4718,97.9322,97.9322,0.324159
5,3059,17.9243,54.4718,86.2001,86.2001,1
5,3060,17.9243,54.4718,102.13,86.2001,0.411172
5,3061,17.9243,54.4718,65.9326,65.9326,1
5,3062,17.9243,54.4718,74.7653,74.7653,0.610926
5,3063,17.9243,54.4718,89.7487,89.7487,0.433473
5,3064,17.9243,54.4718,103.435,89.7487,0.465991
5,3065,17.9243,54.4718,65.1266,65.1266,1
5,3066,17.9243,54.4718,82.6801,82.6801,0.37557
5,3067,17.9243,54.4718,82.7534,82.7534,0.995916
5,3068,17.9243,54.4718,74.7496,74.7496,1
5,3069,17.9243,54.4718,74.9512,74.9512,0.988818
5,3070,17.9243,54.4718,99.3494,74.9512,0.256358
5,3071,17.9243,54.4718,70.48,70.48,1
5,3072,17.9243,54.4718,81.7002,70.48,0.534738
5,3073,17.9243,54.4718,62.3682,62.3682,1
5,3074,17.9243,54.4718,63.8067,63.8067,0.922881
5,3075,17.9243,54.4718,83.0397,63.8067,0.341978
5,3076,17.9243,54.4718,76.8546,76.8546,0.4829
5,3077,17.9243,54.4718,56.7408,56.7408,1
5,3078,17.9243,54.4718,59.6741,59.6741,0.849038
5,3079,17.9243,54.4718,73.1696,73.1696,0.470993
5,3080,17.9243,54.4718,62.244,62.244,1
5,3081,17.9243,54.4718,61.7873,61.7873,1
5,3082,17.9243,54.4718,55.7693,55.7693,1
5,3083,17.9243,54.4718,79.2733,55.7693,0.269471
5,3084,17.9243,54.4718,61.0721,55.7693,0.743902
5,3085,17.9243,54.4718,79.2076,79.2076,0.270461
5,3086,17.9243,54.4718,56.0757,56.0757,1
5,3087,17.9243,54.4718,77.8823,56.0757,0.296238
5,3088,17.9243,54.4718,67.0929,67.0929,0.54083
5,3089,17.9243,54.4718,91.4035,91.4035,0.257614
5,3090,17.9243,54.4718,84.9851,84.9851,1
5,3091,17.9243,54.4718,92.3296,92.3296,0.663817
5,3092,17.9243,54.4718,80.6642,80.6642,1
5,3093,17.9243,54.4718,72.006,72.006,1
5,3094,17.9243,54.4718,73.1043,73.1043,0.940567
5,3095,17.9243,54.4718,87.5444,73.1043,0.446812
5,3096,17.9243,54.4718,57.7782,57.7782,1
5,3097,17.9243,54.4718,61.6358,57.7782,0.806368
5,3098,17.9243,54.4718,65.0229,65.0229,0.667522
5,3099,17.9243,54.4718,64.8522,64.8522,1
5,3100,17.9243,54.4718,66.0954,66.0954,0.932993
5,3101,17.9243,54.4718,59.2025,59.2025,1
5,3102,17.9243,54.4718,58.6962,58.6962,1
5,3103,17.9243,54.4718,54.9583,54.9583,1
5,3104,17.9243,54.4718,61.283,61.283,0.702677
5,3105,17.9243,54.4718,64.4647,64.4647,0.837354
5,3106,17.9243,54.4718,66.9549,66.9549,0.87029
5,3107,17.9243,54.4718,88.1834,66.9549,0.305947
5,3108,17.9243,54.4718,90.3299,66.9549,0.271418
5,3109,17.9243,54.4718,66.1702,66.1702,1
5,3110,17.9243,54.4718,75.1529,75.1529,0.605835
5,3111,17.9243,54.4718,96.5937,96.5937,0.302344
5,3112,17.9243,54.4718,87.9117,87.9117,1
5,3113,17.9243,54.4718,63.9547,63.9547,1
5,3114,17.9243,54.4718,66.0724,66.0724,0.888565
5,3115,17.9243,54.4718,63.3502,63.3502,1
5,3116,17.9243,54.4718,63.1699,63.1699,1
5,3117,17.9243,54.4718,55.3607,55.3607,1
5,3118,17.9243,54.4718,79.9149,55.3607,0.254136
5,3119,17.9243,54.4718,74.2085,74.2085,0.349405
5,3120,17.9243,54.4718,60.0347,60.0347,1
5,3121,17.9243,54.4718,83.2779,60.0347,0.273421
5,3122,17.9243,54.4718,56.7103,56.7103,1
5,3123,17.9243,54.4718,61.699,61.699,0.757054
5,3124,17.9243,54.4718,82.1748,82.1748,0.319069
5,3125,17.9243,54.4718,86.7044,86.7044,0.776694
5,3126,17.9243,54.4718,99.8778,86.7044,0.479531
5,3127,17.9243,54.4718,83.4355,83.4355,1
5,3128,17.9243,54.4718,84.1104,84.1104,0.963051
5,3129,17.9243,54.4718,78.1875,78.1875,1
5,3130,17.9243,54.4718,99.4845,99.4845,0.30478
5,3131,17.9243,54.4718,77.8668,77.8668,1
5,3132,17.9243,54.4718,63.0628,63.0628,1
5,3133,17.9243,54.4718,73.0676,73.0676,0.572256
5,3134,17.9243,54.4718,91.3055,91.3055,0.361499
5,3135,17.9243,54.4718,110.752,110.752,0.337932
5,3136,17.9243,54.4718,109.526,109.526,1
5,3137,17.9243,54.4718,95.5786,95.5786,1
5,3138,17.9243,54.4718,106.503,95.5786,0.543628
5,3139,17.9243,54.4718,82.3092,82.3092,1
5,3140,17.9243,54.4718,92.9896,82.3092,0.551087
5,3141,17.9243,54.4718,71.9751,71.9751,1
5,3142,17.9243,54.4718,67.4617,67.4617,1
5,3143,17.9243,54.4718,57.7396,57.7396,1
5,3144,17.9243,54.4718,72.6587,72.6587,0.43503
5,3145,17.9243,54.4718,90.6766,72.6587,0.365964
5,3146,17.9243,54.4718,78.6026,78.6026,0.717765
5,3147,17.9243,54.4718,63.3947,63.3947,1
5,3148,17.9243,54.4718,65.9994,65.9994,0.864749
5,3149,17.9243,54.4718,65.5391,65.5391,1
